{
  "features": [
    {
      "attributes": [
        1046478848,
        1100000281,
        null,
        null,
        []
      ],
      "coordinate": [
        1.9922882520689147,
        0.39088046840967344,
        208.10000610351562
      ],
      "halfSize": [
        1.9380000000819564,
        2.012000000104308,
        2.0
      ]
    },
    {
      "attributes": [
        1046478849,
        1100000287,
        null,
        null,
        []
      ],
      "coordinate": [
        1.9922888352525543,
        0.3908782626622866,
        206.0500030517578
      ],
      "halfSize": [
        4.820499999914318,
        5.8104999996721745,
        2.25
      ]
    }
  ]
}