{
  "features": [
    {
      "attributes": [
        1071644672,
        1810135695,
        null,
        null,
        []
      ],
      "coordinate": [
        1.9924382303084482,
        0.39371665783011744,
        19.100000381469727
      ],
      "halfSize": [
        1.344099999871105,
        1.5706549994647503,
        1.1000003814697266
      ]
    }
  ]
}