{
  "features": [
    {
      "attributes": [
        1084227584,
        1810197104,
        null,
        null,
        []
      ],
      "coordinate": [
        1.9924677711894196,
        0.3876142308449214,
        29.75
      ],
      "halfSize": [
        1.2451049997471273,
        1.3169400002807379,
        1.5499992370605469
      ]
    },
    {
      "attributes": [
        1084227585,
        1810197105,
        null,
        null,
        []
      ],
      "coordinate": [
        1.9924674482907876,
        0.38761429898253497,
        27.450000762939453
      ],
      "halfSize": [
        0.9411499998532236,
        1.8120349999517202,
        0.75
      ]
    }
  ]
}