{
  "features": [
    {
      "attributes": [
        1115684864,
        1106137292,
        null,
        null,
        []
      ],
      "coordinate": [
        1.9927970323279476,
        0.3912124296864998,
        410.75
      ],
      "halfSize": [
        1.969275000039488,
        2.1326500000432134,
        1.649993896484375
      ]
    },
    {
      "attributes": [
        1115684865,
        1106137293,
        null,
        null,
        []
      ],
      "coordinate": [
        1.9927978397175865,
        0.3912114036849768,
        408.9000244140625
      ],
      "halfSize": [
        1.3041999996639788,
        1.9611799996346235,
        1.3000030517578125
      ]
    }
  ]
}