{
  "features": [
    {
      "attributes": [
        1205862400,
        1107615178,
        null,
        null,
        []
      ],
      "coordinate": [
        1.9931013800744533,
        0.3936782779433271,
        72.80000305175781
      ],
      "halfSize": [
        2.392500000074506,
        3.2285000002011657,
        1.1000022888183594
      ]
    },
    {
      "attributes": [
        1205862401,
        1107615188,
        null,
        null,
        []
      ],
      "coordinate": [
        1.9932089359051888,
        0.3936693109692894,
        143.45001220703125
      ],
      "halfSize": [
        3.566025000065565,
        2.6258399998769164,
        2.3499984741210938
      ]
    }
  ]
}