{
  "features": [
    {
      "attributes": [
        1254096896,
        1810078527,
        "PROVIDENCE BAY TOWER 2",
        "5 FO CHUN ROAD",
        []
      ],
      "coordinate": [
        1.9932199997832902,
        0.39154137599936745,
        20.30000114440918
      ],
      "halfSize": [
        18.457735000178218,
        18.846169999800622,
        15.90000057220459
      ]
    },
    {
      "attributes": [
        1254096897,
        1810078528,
        "PROVIDENCE BAY TOWER 3",
        "5 FO CHUN ROAD",
        []
      ],
      "coordinate": [
        1.9932164771248293,
        0.3915438829119242,
        20.30000114440918
      ],
      "halfSize": [
        18.418010000139475,
        18.823409999720752,
        15.90000057220459
      ]
    }
  ]
}