{
  "features": [
    {
      "attributes": [
        1272971264,
        1107615192,
        null,
        null,
        []
      ],
      "coordinate": [
        1.9932829223451896,
        0.39366866506550763,
        157.4499969482422
      ],
      "halfSize": [
        1.3254999998025596,
        0.7994999997317791,
        0.75
      ]
    },
    {
      "attributes": [
        1272971265,
        1910269444,
        null,
        null,
        []
      ],
      "coordinate": [
        1.9932852230677258,
        0.39368577036235947,
        175.5500030517578
      ],
      "halfSize": [
        8.899075000081211,
        5.490114999935031,
        3.25
      ]
    }
  ]
}