{
  "features": [
    {
      "attributes": [
        1329594368,
        1106111102,
        null,
        null,
        []
      ],
      "coordinate": [
        1.993871066214449,
        0.3926965474946979,
        15.949999809265137
      ],
      "halfSize": [
        1.6259999996982515,
        1.677000000141561,
        1.3499994277954102
      ]
    },
    {
      "attributes": [
        1329594369,
        1106111108,
        null,
        null,
        []
      ],
      "coordinate": [
        1.9939017320928896,
        0.3924914186273276,
        21.600000381469727
      ],
      "halfSize": [
        3.209500000346452,
        3.2329949997365475,
        3.0
      ]
    },
    {
      "attributes": [
        1329594370,
        1106111109,
        null,
        null,
        []
      ],
      "coordinate": [
        1.9939018692444535,
        0.3924903902581851,
        21.549999237060547
      ],
      "halfSize": [
        4.014339999761432,
        3.339494999498129,
        3.0500001907348633
      ]
    },
    {
      "attributes": [
        1329594371,
        1106111110,
        null,
        null,
        []
      ],
      "coordinate": [
        1.9939017406227832,
        0.39248937035131426,
        21.600000381469727
      ],
      "halfSize": [
        3.218449999578297,
        3.185500000603497,
        3.0
      ]
    }
  ]
}