{
  "features": [
    {
      "attributes": [
        1363148800,
        1101782741,
        null,
        null,
        []
      ],
      "coordinate": [
        1.994329764973138,
        0.38882572723744896,
        50.900001525878906
      ],
      "halfSize": [
        3.262000000104308,
        2.610000000335276,
        1.5
      ]
    }
  ]
}