{
  "features": [
    {
      "attributes": [
        1402994688,
        1107619209,
        null,
        null,
        []
      ],
      "coordinate": [
        1.994088640578557,
        0.3933408671811707,
        10.699999809265137
      ],
      "halfSize": [
        2.3559749997220933,
        2.0269700000062585,
        1.0
      ]
    },
    {
      "attributes": [
        1402994689,
        1107619292,
        null,
        null,
        []
      ],
      "coordinate": [
        1.9940625929381564,
        0.3933365839529838,
        28.399999618530273
      ],
      "halfSize": [
        2.347974999807775,
        2.4124800004065037,
        0.8999996185302734
      ]
    },
    {
      "attributes": [
        1402994690,
        1107619562,
        null,
        null,
        []
      ],
      "coordinate": [
        1.9940627999029676,
        0.39332569837307785,
        13.600000381469727
      ],
      "halfSize": [
        2.61346000013873,
        1.7504550004377961,
        1.0999999046325684
      ]
    },
    {
      "attributes": [
        1402994691,
        1107619574,
        null,
        null,
        []
      ],
      "coordinate": [
        1.9940618729210264,
        0.3933250316141485,
        13.699999809265137
      ],
      "halfSize": [
        1.768980000168085,
        1.7377100000157952,
        1.0
      ]
    }
  ]
}