{
  "features": [
    {
      "attributes": [
        1426063360,
        1101783050,
        null,
        null,
        []
      ],
      "coordinate": [
        1.9946887809147837,
        0.3883981614291847,
        14.050000190734863
      ],
      "halfSize": [
        5.185000000055879,
        3.815000000409782,
        1.75
      ]
    },
    {
      "attributes": [
        1426063361,
        1101783052,
        null,
        null,
        []
      ],
      "coordinate": [
        1.9946877452801415,
        0.3883960605088713,
        14.850000381469727
      ],
      "halfSize": [
        4.287270000204444,
        4.095000000670552,
        1.75
      ]
    },
    {
      "attributes": [
        1426063362,
        1101783056,
        null,
        null,
        []
      ],
      "coordinate": [
        1.9946840438942102,
        0.3883849872652749,
        32.29999923706055
      ],
      "halfSize": [
        4.4948350000195205,
        3.7714399993419647,
        2.0
      ]
    },
    {
      "attributes": [
        1426063363,
        1101783057,
        null,
        null,
        []
      ],
      "coordinate": [
        1.9946849889605358,
        0.38838483954402525,
        31.69999885559082
      ],
      "halfSize": [
        2.239945000037551,
        2.3203050000593066,
        1.3999996185302734
      ]
    }
  ]
}