{
  "features": [
    {
      "attributes": [
        1503657984,
        1101778689,
        null,
        null,
        []
      ],
      "coordinate": [
        1.9947188840902166,
        0.38957280580247294,
        25.600000381469727
      ],
      "halfSize": [
        5.53929500002414,
        5.733075000345707,
        5.600000381469727
      ]
    },
    {
      "attributes": [
        1503657985,
        1101778723,
        null,
        null,
        []
      ],
      "coordinate": [
        1.9947155878549296,
        0.3895696028251224,
        15.5
      ],
      "halfSize": [
        3.6742099998518825,
        3.560580000281334,
        3.8999996185302734
      ]
    },
    {
      "attributes": [
        1503657986,
        1101778779,
        null,
        null,
        []
      ],
      "coordinate": [
        1.994715140511949,
        0.3895661689846178,
        12.799999237060547
      ],
      "halfSize": [
        3.6280399998649955,
        8.463709999807179,
        3.999999523162842
      ]
    },
    {
      "attributes": [
        1503657987,
        1910232173,
        null,
        null,
        []
      ],
      "coordinate": [
        1.9947158155776692,
        0.38956582441311444,
        12.0
      ],
      "halfSize": [
        2.2122599999420345,
        1.9158950001001358,
        3.0
      ]
    }
  ]
}