{
  "features": [
    {
      "attributes": [
        1530920960,
        1107646284,
        null,
        null,
        []
      ],
      "coordinate": [
        1.9948175837402213,
        0.3927079207545442,
        5.699999809265137
      ],
      "halfSize": [
        2.9629700002260506,
        2.844969999976456,
        2.5
      ]
    }
  ]
}