{
  "features": [
    {
      "attributes": [
        1537212416,
        1107619096,
        null,
        null,
        []
      ],
      "coordinate": [
        1.994906688662404,
        0.39334712287966167,
        16.700000762939453
      ],
      "halfSize": [
        5.556934999767691,
        5.8604449992999434,
        3.000000476837158
      ]
    },
    {
      "attributes": [
        1537212417,
        1107619464,
        null,
        null,
        []
      ],
      "coordinate": [
        1.9949478112997996,
        0.3933280687809824,
        6.0
      ],
      "halfSize": [
        5.600560000166297,
        6.704215000383556,
        2.3999998569488525
      ]
    },
    {
      "attributes": [
        1537212418,
        1107619556,
        null,
        null,
        []
      ],
      "coordinate": [
        1.994949116942083,
        0.3933255164904438,
        6.0
      ],
      "halfSize": [
        1.6379850003868341,
        1.636994999833405,
        1.3000001907348633
      ]
    },
    {
      "attributes": [
        1537212419,
        1107619593,
        null,
        null,
        []
      ],
      "coordinate": [
        1.994951514536721,
        0.3933235345294906,
        6.899999618530273
      ],
      "halfSize": [
        2.536975000053644,
        2.8034800002351403,
        1.2999999523162842
      ]
    }
  ]
}