{
  "features": [
    {
      "attributes": [
        1577058304,
        1101771064,
        null,
        null,
        []
      ],
      "coordinate": [
        1.9951748427896967,
        0.39036150249632934,
        30.650001525878906
      ],
      "halfSize": [
        5.929999999701977,
        5.990500000305474,
        1.7500009536743164
      ]
    },
    {
      "attributes": [
        1577058305,
        1101771432,
        null,
        null,
        []
      ],
      "coordinate": [
        1.9954547680512138,
        0.3903183615465351,
        3.950000047683716
      ],
      "halfSize": [
        1.5195000004023314,
        1.3104999996721745,
        0.9500000476837158
      ]
    },
    {
      "attributes": [
        1577058306,
        1810075985,
        "KAU SAI CHAU FRESH WATER TANK",
        null,
        []
      ],
      "coordinate": [
        1.9951763876745483,
        0.3901936527127257,
        156.14999389648438
      ],
      "halfSize": [
        2.553734999615699,
        4.308345000259578,
        0.8499984741210938
      ]
    },
    {
      "attributes": [
        1577058307,
        1810075987,
        null,
        null,
        []
      ],
      "coordinate": [
        1.9951769737650402,
        0.3901936618312209,
        156.14999389648438
      ],
      "halfSize": [
        0.9205100000835955,
        0.7797449994832277,
        0.8499984741210938
      ]
    }
  ]
}