{
  "features": [
    {
      "attributes": [
        1602224128,
        1107630786,
        null,
        null,
        []
      ],
      "coordinate": [
        1.995089026829679,
        0.3929893289425475,
        6.349999904632568
      ],
      "halfSize": [
        1.36748499982059,
        1.454979999922216,
        0.75
      ]
    },
    {
      "attributes": [
        1602224129,
        1107630839,
        null,
        null,
        []
      ],
      "coordinate": [
        1.9950879278334601,
        0.3929865586240834,
        6.550000190734863
      ],
      "halfSize": [
        1.274985000025481,
        1.3189799999818206,
        0.75
      ]
    }
  ]
}