{
  "features": [
    {
      "attributes": [
        161480704,
        1910247816,
        null,
        null,
        []
      ],
      "coordinate": [
        1.987566279367034,
        0.3895118827627273,
        8.649999618530273
      ],
      "halfSize": [
        15.42524000024423,
        10.186479999683797,
        1.749999761581421
      ]
    },
    {
      "attributes": [
        161480705,
        1910247818,
        null,
        null,
        []
      ],
      "coordinate": [
        1.9875443106479003,
        0.3895446380517837,
        9.149999618530273
      ],
      "halfSize": [
        9.975150000303984,
        15.476174999959767,
        2.049999952316284
      ]
    }
  ]
}