{
  "features": [
    {
      "attributes": [
        1658847232,
        1106127612,
        null,
        null,
        []
      ],
      "coordinate": [
        1.9958329582064809,
        0.3918056181230061,
        6.050000190734863
      ],
      "halfSize": [
        2.7400950002484024,
        1.8215149994939566,
        1.5499999523162842
      ]
    },
    {
      "attributes": [
        1658847233,
        1106127614,
        null,
        null,
        []
      ],
      "coordinate": [
        1.9958336870001643,
        0.39180516487902173,
        6.449999809265137
      ],
      "halfSize": [
        2.941815000027418,
        4.279409999959171,
        2.049999952316284
      ]
    }
  ]
}