{
  "features": [
    {
      "attributes": [
        171966464,
        1109406749,
        null,
        null,
        []
      ],
      "coordinate": [
        1.9875464349003291,
        0.39061389121666523,
        52.400001525878906
      ],
      "halfSize": [
        2.048464999999851,
        1.8930900003761053,
        2.3000011444091797
      ]
    }
  ]
}