{
  "features": [
    {
      "attributes": [
        1929379840,
        1106116911,
        null,
        null,
        []
      ],
      "coordinate": [
        1.9971363503909871,
        0.3921096083582205,
        9.899999618530273
      ],
      "halfSize": [
        1.801693007349968,
        1.8027912102406844,
        1.700000286102295
      ]
    },
    {
      "attributes": [
        1929379841,
        1106117000,
        null,
        null,
        []
      ],
      "coordinate": [
        1.997142054980045,
        0.3921059361411946,
        24.5
      ],
      "halfSize": [
        1.788500000257045,
        1.7154999999329448,
        1.2999992370605469
      ]
    }
  ]
}