{
  "features": [
    {
      "attributes": [
        272629760,
        1109184475,
        "TIN HAU TEMPLE",
        null,
        []
      ],
      "coordinate": [
        1.9880975378213532,
        0.3868409644893651,
        6.099999904632568
      ],
      "halfSize": [
        2.9711449998430908,
        2.237115000374615,
        1.9000000953674316
      ]
    }
  ]
}