{
  "features": [
    {
      "attributes": [
        312475648,
        1810107975,
        null,
        "25 NIM WAN ROAD",
        []
      ],
      "coordinate": [
        1.9883453276796648,
        0.3913490332144369,
        8.5
      ],
      "halfSize": [
        6.602420000359416,
        6.860299999825656,
        2.6999998092651367
      ]
    },
    {
      "attributes": [
        312475649,
        1810198460,
        null,
        "15 NIM WAN ROAD",
        []
      ],
      "coordinate": [
        1.9882648555816764,
        0.39130124131744004,
        15.550000190734863
      ],
      "halfSize": [
        16.361149999778718,
        12.38277000002563,
        3.4499998092651367
      ]
    },
    {
      "attributes": [
        312475650,
        1810198901,
        null,
        "15 NIM WAN ROAD",
        []
      ],
      "coordinate": [
        1.988260721404611,
        0.39131872529801426,
        28.149999618530273
      ],
      "halfSize": [
        68.14106999989599,
        67.06854999996722,
        16.44999885559082
      ]
    },
    {
      "attributes": [
        312475651,
        1810198915,
        null,
        "15 NIM WAN ROAD",
        []
      ],
      "coordinate": [
        1.9882675888248937,
        0.391320776838336,
        14.149999618530273
      ],
      "halfSize": [
        25.483470000326633,
        42.3265500003472,
        2.450000286102295
      ]
    }
  ]
}