{
  "features": [
    {
      "attributes": [
        364904448,
        1810207560,
        null,
        null,
        []
      ],
      "coordinate": [
        1.9883529578163972,
        0.389664991705549,
        13.799999237060547
      ],
      "halfSize": [
        38.466300000436604,
        42.70714499987662,
        6.599999904632568
      ]
    }
  ]
}