{
  "features": [
    {
      "attributes": [
        455081984,
        1105705518,
        null,
        null,
        []
      ],
      "coordinate": [
        1.9889059246177558,
        0.39227863039497807,
        82.04999542236328
      ],
      "halfSize": [
        6.747280000243336,
        6.800780000165105,
        77.8499984741211
      ]
    }
  ]
}