{
  "features": [
    {
      "attributes": [
        480247808,
        1109181399,
        null,
        null,
        []
      ],
      "coordinate": [
        1.989472944302418,
        0.3877241532069135,
        16.0
      ],
      "halfSize": [
        7.467340000439435,
        9.477605000138283,
        2.8999996185302734
      ]
    }
  ]
}