{
  "features": [
    {
      "attributes": [
        574619648,
        1108526188,
        null,
        null,
        []
      ],
      "coordinate": [
        1.989589390090667,
        0.39076273868470546,
        492.04998779296875
      ],
      "halfSize": [
        2.775514999870211,
        2.4619500003755093,
        1.3499908447265625
      ]
    },
    {
      "attributes": [
        574619649,
        1108526240,
        null,
        null,
        []
      ],
      "coordinate": [
        1.989587404576833,
        0.39075694585154364,
        507.6499938964844
      ],
      "halfSize": [
        3.012475000228733,
        3.79598500020802,
        2.850006103515625
      ]
    }
  ]
}