{
  "features": [
    {
      "attributes": [
        641728512,
        1108527221,
        null,
        null,
        []
      ],
      "coordinate": [
        1.9898667006808743,
        0.39060784064750276,
        33.25
      ],
      "halfSize": [
        6.625430000014603,
        6.401955000124872,
        1.5499992370605469
      ]
    }
  ]
}