{
  "features": [
    {
      "attributes": [
        643825664,
        1108523267,
        null,
        null,
        []
      ],
      "coordinate": [
        1.9899708944338956,
        0.3909751531953865,
        135.64999389648438
      ],
      "halfSize": [
        2.469204999972135,
        2.4785000002011657,
        1.3499984741210938
      ]
    },
    {
      "attributes": [
        643825665,
        1109744398,
        null,
        null,
        []
      ],
      "coordinate": [
        1.9901917326063192,
        0.39087480395147384,
        160.5
      ],
      "halfSize": [
        3.0630349996499717,
        2.3317900002002716,
        1.6999969482421875
      ]
    }
  ]
}