{
  "features": [
    {
      "attributes": [
        708837376,
        1108526439,
        null,
        null,
        []
      ],
      "coordinate": [
        1.9904282756631653,
        0.3907405934842462,
        91.60000610351562
      ],
      "halfSize": [
        1.3488099998794496,
        1.3868100000545382,
        1.2000007629394531
      ]
    },
    {
      "attributes": [
        708837377,
        1108526450,
        null,
        null,
        []
      ],
      "coordinate": [
        1.9904296661902874,
        0.3907392217731435,
        94.35000610351562
      ],
      "halfSize": [
        3.387550000101328,
        3.3875150000676513,
        1.4500007629394531
      ]
    },
    {
      "attributes": [
        708837378,
        1108526456,
        null,
        null,
        []
      ],
      "coordinate": [
        1.9904320783190002,
        0.3907381614373328,
        94.6500015258789
      ],
      "halfSize": [
        6.012580000329763,
        6.439035000279546,
        1.75
      ]
    },
    {
      "attributes": [
        708837379,
        1108526536,
        null,
        null,
        []
      ],
      "coordinate": [
        1.9904364860126593,
        0.39073125495126476,
        98.1500015258789
      ],
      "halfSize": [
        4.6875,
        4.531999999657273,
        2.1500015258789062
      ]
    }
  ]
}