{
  "features": [
    {
      "attributes": [
        85983232,
        1109186766,
        null,
        null,
        []
      ],
      "coordinate": [
        1.987225501790902,
        0.38852768708191826,
        5.699999809265137
      ],
      "halfSize": [
        2.0343649997375906,
        1.9364450005814433,
        1.899999976158142
      ]
    }
  ]
}