{
  "features": [
    {
      "attributes": [
        866123776,
        1107621818,
        null,
        null,
        []
      ],
      "coordinate": [
        1.9912741752356555,
        0.39323129237372073,
        6.0
      ],
      "halfSize": [
        3.8209600001573563,
        3.980979999527335,
        2.3999998569488525
      ]
    }
  ]
}