{
  "features": [
    {
      "attributes": [
        1130364928,
        1,
        [
          [
            2196000354,
            1,
            "\u4ec1\u5229",
            "G/F, 102 PO SHING SQUARE, DD 83, LOT 2167, KWANTI, FANLING, NEW TERRITORIES",
            null,
            "2026-12-31"
          ]
        ]
      ],
      "links": [
        [
          1130365428
        ]
      ],
      "coordinate": [
        1.9924750848915942,
        0.3928735284633932,
        16.200000762939453
      ],
      "halfSize": [
        7.031999999657273,
        4.809564999304712,
        3.6999998092651367
      ]
    }
  ]
}