{
  "features": [
    {
      "attributes": [
        1358954496,
        1,
        [
          [
            2915800317,
            4,
            "Eric's Kitchen",
            "FAST FOOD KIOSK, BIG WAVE BAY BEACH, SHEK O, HONG KONG",
            null,
            "2027-01-23"
          ]
        ]
      ],
      "links": [
        [
          1358954573
        ]
      ],
      "coordinate": [
        1.9939792483449321,
        0.3882791980856831,
        6.949999809265137
      ],
      "halfSize": [
        8.357834999915212,
        6.209300000220537,
        1.25
      ]
    }
  ]
}