{
  "features": [
    {
      "attributes": [
        1371537408,
        1,
        [
          [
            2998808051,
            4,
            "7-ELEVEN FOOD STORE",
            "PORTION B OF ACTIVITY ROOM U100701, 7/F., JOCKEY CLUB I-VILLAGE, THE HONG KONG UNIVERSITY OF SCIENCE AND TECHNOLOGY, CLEAR WATER BAY, SAI KUNG, NEW TERRITORIES",
            null,
            "2027-02-03"
          ]
        ]
      ],
      "links": [
        [
          1371537480
        ]
      ],
      "coordinate": [
        1.9942757331352188,
        0.38985077021077996,
        137.39999389648438
      ],
      "halfSize": [
        93.92200000025332,
        193.839715000242,
        19.400001525878906
      ]
    }
  ]
}