{
  "features": [
    {
      "attributes": [
        1442840576,
        1,
        [
          [
            2998805812,
            4,
            "\u6f22\u8a18\u696d\u52d9",
            "KIOSK, 2/F, TRIO BEACH BUILDING, TRIO BEACH, SAI KUNG, NEW TERRITORIES",
            null,
            "2026-04-29"
          ]
        ]
      ],
      "links": [
        [
          1442840586
        ]
      ],
      "coordinate": [
        1.9943496884242078,
        0.39021695218756514,
        8.0
      ],
      "halfSize": [
        17.36349999997765,
        5.141000000759959,
        3.3000001907348633
      ]
    }
  ]
}