{
  "features": [
    {
      "attributes": [
        1711276032,
        1,
        [
          [
            2998807076,
            4,
            "White Cove",
            "G/F, LOT NO. 320 IN D.D. 368, NO. 23 PAK LAP, SAI KUNG, NEW TERRITORIES",
            null,
            "2026-06-06"
          ]
        ]
      ],
      "links": [
        [
          1711276057
        ]
      ],
      "coordinate": [
        1.995964106471945,
        0.39013812696779365,
        13.600000381469727
      ],
      "halfSize": [
        4.417954999953508,
        4.404414999298751,
        4.100000381469727
      ]
    }
  ]
}