{
  "features": [
    {
      "attributes": [
        417333248,
        1,
        [
          [
            2917803718,
            4,
            "\u6d6a\u9ad8\u5c0f\u98df",
            "SHOP A, G/F., NO.28 CHEUNG SHA HA TSUEN, LANTAU ISLAND, HONG KONG",
            null,
            "2026-04-26"
          ]
        ]
      ],
      "links": [
        [
          417333656
        ]
      ],
      "coordinate": [
        1.9889156642082444,
        0.38805697835352554,
        6.0
      ],
      "halfSize": [
        6.058995000086725,
        7.064944999292493,
        1.9000000953674316
      ]
    }
  ]
}