{
  "features": [
    {
      "attributes": [
        645922816,
        1,
        [
          [
            2994811424,
            4,
            "\u5927\u68e0\u71d2\u96de",
            "G/F., 181 TAI TONG TSUEN, (SECTION F OF LOT 1187 IN DD 117), YUEN LONG, NEW TERRITORIES",
            null,
            "2026-12-10"
          ]
        ]
      ],
      "links": [
        [
          645923687
        ]
      ],
      "coordinate": [
        1.990096745533229,
        0.39122928921623557,
        21.25
      ],
      "halfSize": [
        5.3355000000447035,
        5.018500000238419,
        4.049999237060547
      ]
    }
  ]
}