{
  "features": [
    {
      "attributes": [
        786432000,
        1,
        [
          [
            2994001768,
            4,
            "Koon Chun",
            "DD 107, LOT 1910, AU TAU, YUEN LONG, NEW TERRITORIES",
            null,
            "2026-09-30"
          ]
        ]
      ],
      "links": [
        [
          786432333
        ]
      ],
      "coordinate": [
        1.9906321126534916,
        0.39187984933004516,
        6.599999904632568
      ],
      "halfSize": [
        5.3654999998398125,
        3.0470000002533197,
        3.799999713897705
      ]
    }
  ]
}