{
  "features": [
    {
      "attributes": [
        83886080,
        1,
        [
          [
            2917800889,
            4,
            "TAI O LO YAU KEE MARINE FOOD",
            "G/F., 95A SHEK TSAI PO STREET, TAI O, HONG KONG",
            null,
            "2026-11-16"
          ]
        ]
      ],
      "links": [
        [
          83886180
        ]
      ],
      "coordinate": [
        1.9872271937786745,
        0.38842929051061914,
        7.900000095367432
      ],
      "halfSize": [
        2.3670000000856817,
        6.71750000026077,
        3.700000286102295
      ]
    }
  ]
}