{
  "features": [
    {
      "attributes": [
        849346560,
        1,
        [
          [
            3694801021,
            5,
            "\u6c38\u751f",
            "G/F, 18 NGAU KENG TSUEN, PAT HEUNG, DD 112, LOT 1119A, YUEN LONG, NEW TERRITORIES",
            null,
            "2026-05-29"
          ]
        ]
      ],
      "links": [
        [
          849347860
        ]
      ],
      "coordinate": [
        1.991169699975314,
        0.39141168554055755,
        23.849998474121094
      ],
      "halfSize": [
        4.565500000026077,
        3.875,
        4.050000190734863
      ]
    }
  ]
}