{"features": [{"attributes": [1012924416, 65, 3, "CA", "Conservation Area", null, 533510.65], "links": [[]], "coordinate": [1.9921790477640196, 0.3872562188608347, 4999.9501953125], "halfSize": [600.8725000000559, 744.4859999995679, -4999.9501953125]}, {"attributes": [1012924417, 65, 6, "CPA", "Coastal Protection Area", null, 221309.7], "links": [[1015021578]], "coordinate": [1.9921784535371745, 0.38726014287179866, 7.650000095367432], "halfSize": [643.9235000000335, 798.5015000002459, 1.450000286102295]}]}