{"features": [{"attributes": [1033895936, 44, 16, "OU", "Other Specified Uses", "SEWAGE TREATMENT WORKS", 135477.97], "links": [[1035994025, 1035994028, 1035994029, 1035994511, 1035994513, 1035994309, 1035994308, 1035994307, 1033895937, 1033895956, 1033896280, 1033896301, 1035994304, 1035994305, 1033896324, 1033896314, 1033896313, 1033896312, 1033896310, 1033896304, 1035994034, 1035994039, 1033895936, 1033895945, 1035994306, 1035994512, 1035994351, 1033896311, 1033895961, 1033895962, 1033895975, 1033895978, 1033895984, 1033895986, 1033895966, 1033895972, 1033895983, 1033896302, 1033896303, 1033896285, 1033896284, 1033896279, 968884333, 966787203, 968884327, 968884325, 968884324, 968884323]], "coordinate": [1.9921111553655266, 0.38964572851057794, 16.350000381469727], "halfSize": [318.18349999981, 215.99000000022352, 12.449999809265137]}, {"attributes": [1033895937, 44, 16, "OU", "Other Specified Uses", "MILITARY USE", 784132.77], "links": [[1033895977, 1033895992, 1033896030, 1033896271, 1033896281, 1033896282, 1033896029, 1033896035, 1033896056, 1033896058, 1033896060, 1033896063, 1033896084, 1033896286, 1033896039, 1033896046, 1033896059, 1033896070, 1033896074, 1033896076, 1033896079, 1033896081, 1033896082, 1033896083, 1033896086, 1033896087, 1033896089, 1033896092, 1033896093, 1033896094, 1033896096, 1033896097, 1033896099, 1033896101, 1033896102, 1033896103, 1033896104, 1033896105, 1033896108, 1033896112, 1033896114, 1033896116, 1033896120, 1033896071, 1033896075, 1033896078, 1033896323, 1033896322, 1033896109, 1033896106, 1033896088, 1033896085, 1033896080, 1033896032, 1033896041, 1033896048, 1033896051, 1033896054, 1033896067, 1033896111, 1033896121, 1033896122, 1033896123, 1033896124, 1033896127, 1033896130, 1033896134, 1033896136, 1033896137, 1033896140, 1033896141, 1033896146, 1033896148, 1033896150, 1033896154, 1033896155, 1033896158, 1033896178, 1033896182, 1033896207, 1033896317, 1033896247, 1033896246, 1033896245, 1033896244, 1033896241, 1033896240, 1033896232, 1033896231, 1033896230, 1033896221, 1033896212, 1033896129, 1033896132, 1033896147, 1033896151, 1033896153, 1033896156, 1033896160, 1033896163, 1033896164, 1033896167, 1033896168, 1033896169, 1033896173, 1033896174, 1033896177, 1033896179, 1033896200, 1033896202, 1033896203, 1033896204, 1033896206, 1033896125, 1033896126, 1033896131, 1033896133, 1033896165, 1033896171, 1033896175, 1033896176, 1033896181, 1033896183, 1033896184, 1033896185, 1033896186, 1033896187, 1033896188, 1033896189, 1033896190, 1033896191, 1033896193, 1033896197, 1033896198, 1033896199, 1033896201, 1033896208, 1033896209, 1033896210, 1033896211, 1033896214, 1033896216, 1033896218, 1033896220, 1033896229, 1033896233, 1033896235, 1033896236, 1033896238, 1033896239, 1033896242, 1033896243, 1033896259, 1033896258, 1033896257, 1033896256, 1033896255, 1033896253, 1033896252, 1033896251, 1033896250, 1033896249, 1033896248, 1033896215, 1033896227, 1033896234, 1033896237, 1033896261, 1033896262, 966787077, 966787095, 966787130, 966787132, 966787133, 966787136, 1033896110, 966787099, 966787100, 966787101, 966787102, 966787103, 966787109, 966787111, 966787112, 966787113, 966787114, 966787134, 966787137, 966787138, 966787139, 966787140, 966787141, 966787142, 966787145, 966787155, 966787152, 966787151, 966787150, 966787149, 966787148, 966787147, 966787096, 966787097, 966787098, 966787104, 966787105, 966787106, 966787107, 966787108, 966787110, 966787115, 966787116, 966787117, 966787118, 966787119, 966787120, 966787121, 966787122, 966787205, 966787207, 966787144, 966787143, 966787135, 966787131, 966787129, 966787128, 966787126, 966787125, 966787124, 966787123, 966787204, 966787206, 966787208, 966787209, 966787210, 966787211, 966787127, 966787160, 966787164, 966787166, 966787174, 966787173, 966787172, 966787171, 966787168, 966787159, 966787165, 966787170, 966787177, 966787178, 966787192, 966787188]], "coordinate": [1.9921012012718635, 0.389564262467732, 35.85000228881836], "halfSize": [883.5504999998957, 565.8789999997243, 32.54999923706055]}, {"attributes": [1033895938, 44, 7, "G/IC", "Government, Institution or Community", null, 96300.84], "links": [[1033895947, 1033895950, 1033895951, 1033895953, 1033895960, 1033895981, 1033895985, 1033895995, 1033896005, 1033896013, 1033896014, 1033896023, 1033896305, 1033896306, 1033896307, 1033896308, 1033896295, 1033896294, 1033896052, 1033896297, 1033896298, 1033896299, 1033896293, 1033896292, 1033896291, 1033896290, 1033896289, 1033896288, 1033896287, 1033895964, 1033895970, 1033895979, 1033896000, 1033896006, 1033896017, 1033896020, 1033896300, 1033895980, 1033895987, 1033895991, 1033895996, 1033895997, 1033896007, 1033896010, 1033896015, 1033896034, 1033896047, 1033896057, 1033896296]], "coordinate": [1.9921669548316256, 0.38961545646396617, 17.649999618530273], "halfSize": [318.83749999990687, 237.82900000084192, 13.450000762939453]}, {"attributes": [1033895939, 71, 7, "G/IC", "Government, Institution or Community", null, 4680.1], "links": [[1033896037, 1033896042, 1033896053]], "coordinate": [1.992413496672709, 0.3895857642720911, 11.350000381469727], "halfSize": [35.96199999982491, 57.267500000074506, 6.75]}, {"attributes": [1033895940, 71, 16, "OU", "Other Specified Uses", "PIER", 636.5], "links": [[]], "coordinate": [1.9923225623825613, 0.3896249132979545, 4999.9501953125], "halfSize": [23.255499999970198, 26.35450000036508, -4999.9501953125]}, {"attributes": [1033895941, 71, 14, "O", "Open Space", null, 21137.33], "links": [[1033896325]], "coordinate": [1.992396449081509, 0.38953640320781346, 6.900000095367432], "halfSize": [100.2035000002943, 216.769499999471, 2.200000286102295]}, {"attributes": [1033895942, 71, 7, "G/IC", "Government, Institution or Community", null, 11587.61], "links": [[]], "coordinate": [1.992438946875243, 0.3896162911916248, 4999.9501953125], "halfSize": [69.67499999981374, 82.53600000031292, -4999.9501953125]}, {"attributes": [1033895943, 71, 14, "O", "Open Space", null, 45039.89], "links": [[1033895939, 1033895941, 1033895990, 1033895994, 1033896004]], "coordinate": [1.9924174021241363, 0.38962585683800816, 14.850000381469727], "halfSize": [178.597500000149, 206.00499999988824, 9.549999237060547]}, {"attributes": [1033895944, 71, 19, "R(A)6", "Residential (Group A)6", null, 33545.25], "links": [[1033896118, 1033896269, 1033896135, 1033896144, 1033896145, 1033896166, 1033896180, 1033896192, 1033896194, 1033896195, 1033896196]], "coordinate": [1.9924259399810713, 0.38953785254154155, 65.29999542236328], "halfSize": [89.21700000017881, 147.31850000005215, 60.89999771118164]}, {"attributes": [1033895945, 71, 19, "R(A)10", "Residential (Group A)10", null, 17185.83], "links": [[1033895999, 1033896265, 1033896002, 1033896003, 1033896008, 1033896009, 1033896011, 1033896012, 1033896018, 1033896019, 1033896024, 1033896025, 1033896038, 1033896043, 1033896050, 1033896061, 1033896069, 1033896077, 1033896091, 1033896107, 1033896115, 1033896027, 1033896028, 1033896031, 1033896036, 1033896040, 1033896044, 1033896049, 1033896064, 1033896065, 1033896073]], "coordinate": [1.9924536412394225, 0.3895849825338443, 83.6500015258789], "halfSize": [46.342999999877065, 153.42050000000745, 79.3499984741211]}, {"attributes": [1033895946, 71, 19, "R(A)1", "Residential (Group A)1", null, 7033.39], "links": [[1033896266, 1033896100, 1033896095, 1033896090]], "coordinate": [1.99238749337253, 0.3895708389038188, 81.8499984741211], "halfSize": [48.66250000009313, 62.66799999959767, 77.54999542236328]}, {"attributes": [1033895947, 71, 14, "O", "Open Space", null, 4167.44], "links": [[1033895958]], "coordinate": [1.9924452279668572, 0.3896350609036034, 6.75], "halfSize": [37.22999999998137, 45.77900000009686, 1.4499998092651367]}, {"attributes": [1033895948, 71, 16, "OU", "Other Specified Uses", "PIER", 845.75], "links": [[]], "coordinate": [1.9923123168850763, 0.3896330220074961, 4999.9501953125],