{"features": [{"attributes": [1040187392, 112, 7, "G/IC", "Government, Institution or Community", null, 22278.35], "links": [[1040187408, 1040187410, 1040187411, 1040187412, 973078706]], "coordinate": [1.9921040022531853, 0.3903192769656377, 82.3499984741211], "halfSize": [123.62449999991804, 98.23550000041723, 23.649999618530273]}, {"attributes": [1040187393, 112, 8, "GB", "Green Belt", null, 3126.56], "links": [[1040187393, 1040187394]], "coordinate": [1.9921565687692755, 0.3903634418851625, 111.9000015258789], "halfSize": [37.641569999977946, 37.73125500045717, 2.0]}, {"attributes": [1040187394, 112, 7, "G/IC", "Government, Institution or Community", null, 5694.2], "links": [[1040187405, 1040187406, 1040187407]], "coordinate": [1.992149602514691, 0.39033584956351397, 97.75], "halfSize": [46.09604000020772, 46.88975000008941, 2.3499984741210938]}, {"attributes": [1040187395, 112, 8, "GB", "Green Belt", null, 2290004.46], "links": [[1044381820, 1044381821, 1044381822, 1044381823, 1044381824, 1044381825, 1042284544, 1042284546, 1042284761, 1042284760, 1042284738, 1042284565, 1042284564, 1042284551, 1042284571, 1042284566, 1042284567, 1042284568, 1042284570, 1042284572, 1042284574, 1042284575, 1042284576, 1042284577, 1042284578, 1042284579, 1042284580, 1042284581, 1042284764, 1042284569, 1042284573, 1042284582, 1042284583, 1042284584, 1042284585, 1042284586, 1042284587, 1042284589, 1042284751, 1042284752, 1042284769, 1042284765, 1042284763, 1042284727, 1042284698, 1042284697, 1042284696, 1042284693, 1042284686, 1042284682, 1042284681, 1042284679, 1040187445, 1040187444, 1040187443, 977273278, 977273280, 977273364, 977273370, 973078895, 973078931, 973078942, 1040187421, 1040187422, 1040187423, 1040187424, 1040187425, 1040187426, 1040187427, 1040187428, 1040187429, 1040187430, 1040187431, 1038090247, 1038090246, 1038090242, 1038090241, 1038090240, 1040187433, 1040187432, 1038090272, 1038090276, 1038090307, 1038090311, 1038090315, 1038090323, 1038090321, 1038090320, 1038090319, 1038090249, 1038090250, 1038090251, 1038090259, 1038090265, 1038090266, 1038090267, 1038090268, 1038090269, 1038090273, 1038090248, 1038090252, 1038090253, 1038090254, 1038090255, 1038090256, 1038090258, 1038090260, 1038090261, 1038090262, 1038090274, 1038090275, 1038090277, 1038090278, 1038090279, 1038090280, 1038090281, 1038090282, 1038090283, 1038090284, 1038090285, 1038090292, 1038090293, 1038090295, 1038090296, 1038090299, 1038090303, 1038090305, 1038090308, 1038090328, 1038090286, 1038090289, 1038090294, 1038090297, 1038090298, 1038090300, 1038090301, 1038090304, 1038090306, 1038090309, 1038090310, 1038090312, 1038090313, 1038090314, 1038090316, 1038090322, 1038090318, 1038090317, 1038090336, 1038090344, 1038090333, 1038090330, 1038090334, 1038090335, 1038090337, 1038090350, 1038090349, 1038090353, 973078972, 973078978, 973079056]], "coordinate": [1.9921378309095177, 0.3902695213141618, 212.0], "halfSize": [816.5445000003092, 2296.232000000775, 154.0]}]}