{"features": [{"attributes": [1044381696, 112, 8, "GB", "Green Belt", null, 32934.06], "links": [[1044381842, 1044381810, 1044381811, 1044381812, 1044381813, 1044381814, 1044381815]], "coordinate": [1.992124144036114, 0.39065271964685283, 146.6999969482422], "halfSize": [316.3169999998063, 178.6074999999255, 10.0]}, {"attributes": [1044381697, 166, 29, "V", "Village Type Development", null, 52836.0], "links": [[1044381828, 1044381831, 1044381868, 1044381851, 1044381850, 1044381707, 1044381708, 1044381709, 1044381710, 1044381711, 1044381712, 1044381713, 1044381714, 1044381715, 1044381716, 1044381717, 1044381718, 1044381719, 1044381720, 1044381721, 1044381722, 1044381723, 1044381724, 1044381725, 1044381726, 1044381727, 1044381728, 1044381729, 1044381730, 1044381731, 1044381732, 1044381733, 1044381734, 1044381735, 1044381736, 1044381737, 1044381738, 1044381739, 1044381740, 1044381741, 1044381742, 1044381743, 1044381744, 1044381745, 1044381746, 1044381748, 1044381749, 1044381750, 1044381751, 1044381752, 1044381753, 1044381754, 1044381755, 1044381756, 1044381757, 1044381758, 1044381759, 1044381760, 1044381761, 1044381763, 1044381764, 1044381765, 1044381767, 1044381768, 1044381770, 1044381771, 1044381772, 1044381773, 1044381774, 1044381775, 1044381776, 1044381777, 1044381778, 1044381779, 1044381780, 1044381781, 1044381782, 1044381783, 1044381785, 1044381786, 1044381787, 1044381788, 1044381789, 1044381790, 1044381791, 1044381792, 1044381826, 1044381827, 1044381829, 1044381830, 1044381832, 1044381833, 1044381834, 1044381835, 1044381836, 1044381837, 1044381838, 1044381839, 1044381852, 1044381853, 1044381854, 1044381855, 1044381856, 1044381857, 1044381858, 1044381859, 1044381860, 1044381861, 1044381870, 1044381867, 1044381849, 1044381848, 1044381847, 1044381846, 1044381845, 1044381844, 1044381841, 1044381840, 1044381793, 1044381794, 1044381795, 1044381796, 1044381797, 1044381798, 1044381799, 1044381800, 1044381801, 1044381802, 1044381803, 1044381804, 1044381805, 1044381806, 1044381807, 1044381808, 1044381809, 1044381862, 1044381866, 1044381865, 1044381864, 1044381863, 1044381762, 1044381766, 977272965, 977272968, 977272978, 977272984, 977272985, 977272986, 977272987, 977272988, 977272991, 977273007, 977272994]], "coordinate": [1.9921088875039703, 0.3906599283995487, -4913.400390625], "halfSize": [222.45099999988452, 123.2039999999106, 5086.5]}]}