{"features": [{"attributes": [1050673152, 165, 29, "V", "Village Type Development", null, 9392.4], "links": [[1050673158, 1050673157, 1050673156]], "coordinate": [1.9924649814922106, 0.3914315110915967, 146.85000610351562], "halfSize": [73.62000000011176, 78.64449999947101, 4.950004577636719]}, {"attributes": [1050673153, 165, 29, "V", "Village Type Development", null, 6338.66], "links": [[]], "coordinate": [1.9922922738133029, 0.39136545292039804, 4999.9501953125], "halfSize": [55.68150000041351, 54.55599999986589, -4999.9501953125]}, {"attributes": [1050673154, 165, 29, "V", "Village Type Development", null, 934.63], "links": [[]], "coordinate": [1.9924519047338278, 0.39141723666168965, 4999.9501953125], "halfSize": [21.74750000005588, 22.115999999456108, -4999.9501953125]}, {"attributes": [1050673155, 165, 29, "V", "Village Type Development", null, 551.6], "links": [[]], "coordinate": [1.9924457274027254, 0.39141110031708987, 4999.9501953125], "halfSize": [16.37900000018999, 16.762000000104308, -4999.9501953125]}]}