{"features": [{"attributes": [1052770304, 56, 3, "CA", "Conservation Area", null, 96525.41], "links": [[]], "coordinate": [1.992119249248802, 0.3916461118631786, 4999.9501953125], "halfSize": [172.61700000008568, 371.7364999996498, -4999.9501953125]}, {"attributes": [1052770305, 56, 29, "V", "Village Type Development", null, 1064.16], "links": [[]], "coordinate": [1.9921061655949759, 0.39161835264007394, 4999.9501953125], "halfSize": [16.465499999932945, 21.0910000000149, -4999.9501953125]}, {"attributes": [1052770306, 56, 29, "V", "Village Type Development", null, 53803.42], "links": [[1052770322, 1052770325, 1052770326, 1052770327, 1052770328, 1052770330, 1052770338, 1052770339, 1052770346, 1052770348, 1052770349, 1052770350, 1052770351, 1052770352, 1052770353, 1052770354, 1052770355, 1052770357, 1052770358, 1052770359, 1052770360, 1052770361, 1052770362, 1052770364, 1052770365, 1052770525, 1052770526, 1052770528, 1052770539, 1052770548, 1052770549, 1052770550, 1052770551, 1052770552, 1052770553, 1052770555, 1052770581, 1052770588, 1052770578, 1052770564, 1052770563, 1052770381, 1052770554, 1052770562, 1052770572, 1052770533, 1052770530, 1052770529, 1052770368, 1052770370, 1052770374, 1052770376, 1052770390, 1052770391, 1052770392, 1052770393, 1052770394, 1052770396, 1052770398, 1052770399, 1052770401, 1052770402, 1052770404, 1052770405, 1052770407, 1052770408, 1052770410, 1052770411, 1052770412, 1052770413, 1052770547, 1052770570, 1052770571, 1052770573, 1052770574, 1052770575, 1052770599, 1052770598, 1052770591, 1052770587, 1052770585, 1052770584, 1052770583, 1052770577, 1052770546, 1052770545, 1052770543, 1052770542, 1052770534, 1052770532, 1052770531]], "coordinate": [1.9921293429007632, 0.3917502266749995, 50.04999923706055], "halfSize": [218.78700000001118, 139.402499999851, 7.25]}, {"attributes": [1052770307, 165, 29, "V", "Village Type Development", null, 39162.22], "links": [[1052770492, 1052770433, 1052770434, 1052770435, 1052770440, 1052770441, 1052770442, 1052770444, 1052770445, 1052770447, 1052770452, 1052770453, 1052770455, 1052770457, 1052770458, 1052770459, 1052770461, 1052770462, 1052770463, 1052770464, 1052770465, 1052770466, 1052770467, 1052770468, 1052770469, 1052770470, 1052770472, 1052770473, 1052770475, 1052770556, 1052770582, 1052770541, 1052770535, 1052770488, 1052770483, 1052770482, 1052770480, 1052770478, 1052770477, 1052770476]], "coordinate": [1.9922455476356697, 0.391704240748476, 139.0], "halfSize": [125.39550000010058, 146.293000000529, 6.3000030517578125]}, {"attributes": [1052770308, 165, 20, "R(B)10", "Residential (Group B)10", null, 22821.68], "links": [[1052770595, 1052770593, 1052770596, 1052770594, 1119880982, 1119880983]], "coordinate": [1.9924642319680475, 0.39171511975474227, 80.4000015258789], "halfSize": [131.00353499967605, 109.40380999911577, 28.5]}]}