{"features": [{"attributes": [1086324736, 31, 6, "CPA", "Coastal Protection Area", null, 95815.61], "links": [[]], "coordinate": [1.9924800698711862, 0.38800742225767776, 4999.9501953125], "halfSize": [193.93599999975413, 261.26950000040233, -4999.9501953125]}]}