{"features": [{"attributes": [1115684864, 13, 3, "CA", "Conservation Area", null, 62793.55], "links": [[]], "coordinate": [1.9927680785754007, 0.3911726869553799, 4999.9501953125], "halfSize": [143.1944999997504, 167.88450000062585, -4999.9501953125]}]}