{"features": [{"attributes": [1117782016, 165, 29, "V", "Village Type Development", null, 56093.37], "links": [[1117782173, 1117782182, 1117782186, 1117782193, 1117782195, 1117782200, 1117782203, 1117782206, 1117782219, 1117782224, 1117782226, 1117782228, 1117782231, 1117782235, 1117782353, 1117782357, 1117782359, 1117782362, 1117782363, 1117782364, 1117782365, 1117782366, 1117782367, 1117782368, 1117782369, 1117782370, 1117782371, 1117782372, 1117782373, 1117782374, 1117782375, 1117782376, 1117782377, 1117782378, 1117782383, 1117782385, 1117782386, 1117782387, 1117782388, 1117782390, 1117782405, 1117782409, 1117782420, 1117782421, 1117782422, 1117782463, 1117782472, 1117782479, 1117782462, 1117782434, 1117782433, 1117782432, 1117782431, 1117782430, 1117782423, 1117782140, 1117782142, 1117782145, 1117782146, 1117782149, 1117782153, 1117782156, 1117782157, 1117782159, 1117782164, 1117782171, 1117782172, 1117782202, 1117782205, 1117782208, 1117782209, 1117782212, 1117782213, 1117782214, 1117782215, 1117782216, 1117782217, 1117782220, 1117782221, 1117782222, 1117782223, 1117782225, 1117782227, 1117782230, 1117782234, 1117782236, 1117782237, 1117782238, 1117782239, 1117782240, 1117782242, 1117782243, 1117782244, 1117782245, 1117782246, 1117782251, 1117782252, 1117782254, 1117782256, 1117782257, 1117782258, 1117782344, 1117782345, 1117782346, 1117782347, 1117782348, 1117782349, 1117782350, 1117782351, 1117782352, 1117782354, 1117782355, 1117782356, 1117782358, 1117782360, 1117782361, 1117782379, 1117782380, 1117782403, 1117782467, 1117782461, 1117782426, 1117782260, 1117782264, 1117782265, 1117782266, 1117782267, 1117782268, 1117782269, 1117782270, 1117782271, 1117782272, 1117782273, 1117782275, 1117782276, 1117782277, 1117782278, 1117782279, 1117782280, 1117782281, 1117782282, 1117782283, 1117782284, 1117782285, 1117782286, 1117782287, 1117782288, 1117782289, 1117782290, 1117782291, 1117782292, 1117782293, 1117782297, 1117782298, 1117782299, 1117782300, 1117782301, 1117782302, 1117782381, 1117782391]], "coordinate": [1.9926166701562573, 0.3914931142933647, 97.25], "halfSize": [203.66900000022724, 172.01500000059605, 26.650001525878906]}, {"attributes": [1117782017, 165, 29, "V", "Village Type Development", null, 15989.61], "links": [[1117782310, 1117782311, 1117782312, 1117782313, 1117782314, 1117782315, 1117782316, 1117782429, 1117782437, 1117782450, 1117782455, 1117782456, 1117782469, 1117782468, 1117782428, 1117782427, 1117782424, 1117782393, 1117782317, 1117782318, 1117782319, 1117782320, 1117782415, 1117782416, 1117782417, 1117782425, 1117782476, 1117782480, 1117782465, 1117782457, 1117782453, 1117782435, 1117782382, 1117782330, 1117782329, 1117782328, 1117782327, 1117782326, 1117782325, 1117782324, 1117782323, 1117782322, 1117782321, 1117782466, 1117782481]], "coordinate": [1.992504925232688, 0.3913733870605808, 160.89999389648438], "halfSize": [55.18049999978393, 99.96200000029057, 14.599998474121094]}, {"attributes": [1117782018, 165, 29, "V", "Village Type Development", null, 866.74], "links": [[1117782331, 1117782332, 1117782335, 1117782470]], "coordinate": [1.9924927908251249, 0.3913360520850205, 185.25], "halfSize": [22.24750000005588, 21.328000000678003, 3.649993896484375]}, {"attributes": [1117782019, 165, 5, "CP", "Country Park", null, 57337.95], "links": [[1117782305, 1117782306]], "coordinate": [1.9925148452983792, 0.3914579314198365, 77.94999694824219], "halfSize": [165.9714999999851, 156.29800000041723, 2.6499977111816406]}, {"attributes": [1117782020, 165, 29, "V", "Village Type Development", null, 680.81], "links": [[1117782477]], "coordinate": [1.9924922100530909, 0.3913579597696047, 175.10000610351562], "halfSize": [19.719499999657273, 18.796500000171363, 4.099998474121094]}, {"attributes": [1117782021, 165, 29, "V", "Village Type Development", null, 3083.33], "links": [[]], "coordinate": [1.9925290577786323, 0.3914048916755587, 4999.9501953125], "halfSize": [33.22900000028312, 36.50349999964237, -4999.9501953125]}, {"attributes": [1117782022, 165, 8, "GB", "Green Belt", null, 6723645.51],