{"features": [{"attributes": [1138753536, 54, 8, "GB", "Green Belt", null, 7610.78], "links": [[]], "coordinate": [1.992510241365391, 0.3936577706695235, 4999.9501953125], "halfSize": [52.39600000018254, 55.588000000454485, -4999.9501953125]}, {"attributes": [1138753537, 54, 7, "G/IC", "Government, Institution or Community", null, 4237.21], "links": [[1138753547, 1138753549, 1138753550, 1138753551, 1138753555]], "coordinate": [1.9924916098912786, 0.3937088889164172, 98.39999389648438], "halfSize": [59.78300000028685, 50.56700000073761, 4.200000762939453]}, {"attributes": [1138753538, 54, 7, "G/IC", "Government, Institution or Community", null, 9054.44], "links": [[1138753544, 1138753546, 1138753553]], "coordinate": [1.9925175607521424, 0.39371250258523144, 52.599998474121094], "halfSize": [56.8874999997206, 60.256000000052154, 3.1999988555908203]}, {"attributes": [1138753539, 54, 24, "REC", "Recreation", null, 429112.27], "links": [[1138753552, 1138753554, 1138753563, 1138753536, 1138753538, 1138753541, 1138753542, 1138753560, 1138753543, 1138753545, 1138753558, 1138753559, 1069547521]], "coordinate": [1.9925809840068474, 0.39369630518425935, 29.25], "halfSize": [1118.7714999997988, 435.94250000081956, 13.75]}]}