{"features": [{"attributes": [1182793728, 164, 29, "V", "Village Type Development", null, 86337.86], "links": [[1182793737, 1182793742, 1182793744, 1182793751, 1182793752, 1184891274, 1184891276, 1184891281, 1184891299, 1182793961, 1182794077, 1184891484, 1184891485, 1182794231, 1184890880, 1184890881, 1184890882, 1182793729, 1182793730, 1182793731, 1182793732, 1182793733, 1182793735, 1182793736, 1182793738, 1182793739, 1182793740, 1182793741, 1182793743, 1182793745, 1182793746, 1182793747, 1182793748, 1182793749, 1182793750, 1184891286, 1184891300, 1184891301, 1184891302, 1184891303, 1184891304, 1184891306, 1184891308, 1184891309, 1184891311, 1184891312, 1184891314, 1184891317, 1184891318, 1184891319, 1184891320, 1184891321, 1184891322, 1184891323, 1184891327, 1184891328, 1184891329, 1184891330, 1184891331, 1184891332, 1184891334, 1184891335, 1184891336, 1184891337, 1184891339, 1184891340, 1184891341, 1184891343, 1184891344, 1184891345, 1184891347, 1184891348, 1184891349, 1184891350, 1184891351, 1184891353, 1184891354, 1184891356, 1184891357, 1184891358, 1184891359, 1184891361, 1182793943, 1182793947, 1184891384, 1184891395, 1184891499, 1182794230, 1184891486, 1182794129, 1182793756, 1182793757, 1182793758, 1182793761, 1182793762, 1182793763, 1182793766, 1182793767, 1182793773, 1182793774, 1182793776, 1182793778, 1182793781, 1182793782, 1182793783, 1182793784, 1182793787, 1182793788, 1182793790, 1182793793, 1182793794, 1182793796, 1182793797, 1182793798, 1182793799, 1182793800, 1182793801, 1182793802, 1182793803, 1182793804, 1182793805, 1182793806, 1182793807, 1182793948, 1182793954, 1182793955, 1182793962, 1182793963, 1182793964, 1182793965, 1182793966, 1249903432, 1249903433, 1249903489, 1182794168, 1182794167, 1182794166, 1182793753, 1182793754, 1182793755, 1182793759, 1182793760, 1182793764, 1182793765, 1182793768, 1182793769, 1182793770, 1182793771, 1182793772, 1182793775, 1182793777, 1182793779, 1182793780, 1182793785, 1182793786, 1182793789, 1182793791, 1182793792, 1182793795, 1182793940, 1182793941, 1182793946, 1182793949, 1182794000, 1182794232]], "coordinate": [1.9931994692306934, 0.391305947483418, 106.75], "halfSize": [198.99699999997392, 225.99400000087917, 16.75]}, {"attributes": [1182793729, 164, 8, "GB", "Green Belt", null, 18277.89], "links": [[1184891352, 1184891355, 1184891362, 1182793942, 1184891382, 1184891383, 1182793945]], "coordinate": [1.9931510248754425, 0.39130565368952264, 124.1500015258789], "halfSize": [100.32449999963865, 74.9824999999255, 5.950004577636719]}, {"attributes": [1182793730, 164, 7, "G/IC", "Government, Institution or Community", null, 8240.4], "links": [[1182793811, 1182793812]], "coordinate": [1.993148978023878, 0.39123442452362256, 220.0500030517578], "halfSize": [62.30499999970198, 65.6883449992165, 3.5500030517578125]}, {"attributes": [1182793731, 164, 29, "V", "Village Type Development", null, 25979.28], "links": [[1182793865, 1182793866, 1182793868, 1182793871, 1182793872, 1182793873, 1182793874, 1182793875, 1182793876, 1182793877, 1182793878, 1182793879, 1182793880, 1182793883, 1182793884, 1182793885, 1182793886, 1182793887, 1182793888, 1182793889, 1182793890, 1182793891, 1182793893, 1182793894, 1182793860]], "coordinate": [1.9931633221210565, 0.3910989451159263, 109.75], "halfSize": [151.42399999964982, 121.20200000051409, 11.050003051757812]}, {"attributes": [1182793732, 164, 20, "R(B)", "Residential (Group B)", null, 268637.69], "links": [[1249903450, 1182793810, 1182794030, 1182794031, 1182794032, 1182794033, 1182794034, 1182794035, 1182794036, 1182794037, 1182794044, 1182794045, 1182794046, 1182794047, 1182794049, 1182794050, 1182794051, 1182794052, 1182794053, 1182794054, 1182794055, 1182794056, 1182794057, 1182794058, 1182794059, 1182794060, 1182794061, 1182794062, 1182794064, 1182794065, 1182794066, 1182794067, 1182794068, 1182794226, 1182794227, 1182794228, 1182794229, 1182794076, 1182794075, 1182794074, 1182794073, 1182794072, 1182794071, 1182794070, 1182794069, 1182793990, 1182793991, 1182793992, 1182793993, 1182793994, 1182793995, 1182793996, 1182793997, 1182793998, 1182794015, 1182794016, 1182794018, 1182794019, 1182794020, 1182794021, 1182794022, 1182794023, 1182794078, 1249903451, 1249903452, 1249903453, 1249903454, 1249903455, 1249903456, 1249903457, 1249903458, 1249903459, 1249903460, 1249903461, 1182794079, 1182794080, 1182794081, 1182794082, 1182794083, 1182794084, 1182794085, 1182794086, 1182794087, 1182794088, 1182794089, 1182794090, 1182794091, 1182794092, 1182794093, 1182794094, 1182794095, 1182794096, 1182794097, 1182794098, 1182794099, 1182794100, 1182794101, 1182794102, 1182794103, 1182794104, 1182794105, 1182794106, 1182794107, 1182794108, 1182794109, 1182794110, 1182794111, 1182794112, 1182794113, 1182794114, 1182794115, 1182794116, 1182794117, 1182794118, 1182794119, 1182794120, 1182794121, 1182794122, 1249903462, 1249903463, 1249903464, 1249903465, 1249903466, 1249903467, 1249903468, 1249903469, 1249903470, 1249903471, 1249903472, 1249903473, 1249903474, 1249903475, 1249903476, 1249903477, 1182794123, 1182794124, 1182794125, 1182794126, 1182794127, 1182793969, 1182793970, 1182793971, 1182793972, 1182793974, 1182793975, 1182793976, 1182793977, 1182793978, 1182793979, 1182793980, 1182793981, 1182793982, 1182793983, 1182793984, 1182793985, 1182793986, 1182793987, 1182793988, 1182793989, 1182794001, 1182794002, 1182794024, 1182794025, 1182794026, 1182794027, 1182794028, 1182794029, 1182794038, 1182794039, 1182794040, 1182794041, 1182794042, 1182794043, 1182794048, 1182794063, 1182794128, 1182794003, 1182794004, 1182794005, 1249903440, 1249903441, 1182794006, 1182794007, 1182794008, 1182794009, 1182794010, 1182794011, 1182794012, 1182794013, 1182794014, 1182794138, 1182794165, 1182794172, 1182794173, 1182794174, 1182794175, 1182794176, 1182794177, 1182794178, 1182794179, 1182794180, 1182794181, 1182794182, 1182794183, 1182794184, 1182794185, 1182794186, 1182794187, 1182794188, 1182794189, 1182794190, 1182794191, 1182794192, 1182794193, 1182794194, 1182794195, 1182794196, 1182794197, 1182794198, 1182794199, 1182794212, 1182794213, 1182794221, 1182794225, 1182794220, 1182794219, 1249903488, 1249903487, 1249903486, 1249903485, 1182794218, 1182794217, 1182794216, 1182794215, 1182794214, 1182793973, 1182794130, 1182794131, 1182794132, 1182794133, 1182794134, 1182794135, 1182794136, 1182794140, 1182794141, 1182794142, 1182794143, 1182794144, 1182794146, 1182794147, 1182794148, 1182794149, 1182794150, 1182794151, 1182794152, 1182794153, 1182794154, 1182794155, 1182794156, 1182794157, 1182794158, 1182794159, 1182794160, 1182794161, 1182794162, 1182794163, 1182794164, 1182794169, 1182794170, 1182794171, 1182794200, 1182794201, 1182794202, 1182794203, 1182794204, 1182794205, 1182794206, 1182794207, 1182794208, 1182794209, 1182794210, 1182794211, 1182794222, 1182794223, 1182794224, 1182793967, 1182793968, 1249902761, 1249902765, 1249902766, 1249903272, 1182794145, 1182794139, 1182794137]], "coordinate": [1.993200113702596, 0.39119193628235094, 152.79998779296875], "halfSize": [411.78349999990314, 337.1049999995157, 75.0999984741211]}, {"attributes": [1182793733, 164, 16, "OU", "Other Specified Uses", "COLUMBARIUM(2)", 189.64], "links": [[1182793951]], "coordinate": [1.9931816370191318, 0.3912819089573223, 108.4000015258789], "halfSize": [11.045129999984056, 9.088539999909699, 3.5]}]}