{"features": [{"attributes": [1189085184, 165, 16, "OU", "Other Specified Uses", "INDUSTRIAL ESTATE", 454410.69], "links": [[1189085365, 1189085364, 1189085366, 1189085383, 1189085384, 1189085385, 1189085386, 1189085395, 1189085391, 1189085390, 1189085389, 1189085388, 1189085451, 1189085450, 1189085445, 1189085343, 1189085356, 1189085358, 1189085360, 1189085362, 1189085379, 1189085382, 1189085396, 1189085387, 1189085354, 1189085359, 1189085370, 1189085373, 1189085378, 1189085342, 1189085471, 1189085473, 1189085467, 1189085465, 1121976719, 1189085349, 1189085361, 1189085372, 1189085374, 1189085375, 1189085468, 1189085472, 1189085394, 1189085393, 1189085392, 1189085381, 1189085380, 1189085377, 1189085376, 1121976758, 1189085348, 1121976805, 1121976809, 1189085367, 1121976830, 1189085371, 1189085469, 1189085470, 1121976868, 1121976720, 1121976732, 1189085413, 1189085423, 1189085424, 1189085426, 1189085463, 1189085462, 1189085460, 1189085459, 1189085458, 1189085457, 1189085456, 1189085407, 1189085408, 1189085409, 1189085410, 1189085411, 1189085414, 1189085415, 1189085421, 1189085420, 1189085418, 1189085397, 1189085422, 1189085419, 1189085461, 1189085464, 1189085417, 1189085416, 1189085412, 1189085405, 1189085404, 1189085403, 1189085402, 1121976890, 1189085398, 1189085399, 1189085400, 1189085401, 1189085406, 1121976916, 1121976915]], "coordinate": [1.9929295012705035, 0.3919021328696182, 24.25], "halfSize": [666.5849999999627, 289.87350000068545, 21.049999237060547]}, {"attributes": [1189085185, 165, 16, "OU", "Other Specified Uses", "INDUSTRIAL ESTATE", 359510.94], "links": [[1191183159, 1191183503, 1191183288, 1189085184, 1191183181, 1189085237, 1191183156, 1191183160, 1191183161, 1191183212, 1191183214, 1191183215, 1191183218, 1191183220, 1191183221, 1191183502, 1191183294, 1191183292, 1191183291, 1191183290, 1191183289, 1191183157, 1191183158, 1191183162, 1191183167, 1191183210, 1191183211, 1191183213, 1191183216, 1191183217, 1189085185, 1189085186, 1191183225, 1189085190, 1189085193, 1189085194, 1189085195, 1189085197, 1189085198, 1189085199, 1189085200, 1189085231, 1189085236, 1189085240, 1191183222, 1191183223, 1191183224, 1189085188, 1189085189, 1189085191, 1189085201, 1189085223, 1189085225, 1189085453, 1191183364, 1189085454, 1189085273, 1189085274, 1189085275, 1189085282, 1189085283, 1189085293, 1189085284, 1189085288, 1189085322, 1189085332, 1189085449, 1191183219, 1189085187, 1189085192, 1189085196, 1189085207, 1189085226, 1189085238, 1189085253, 1189085455, 1189085262, 1121976462, 1121976466, 1189085266, 1189085267, 1121978123, 1189085466, 1189085277, 1189085278, 1189085306, 1189085307, 1189085309, 1189085310, 1189085313, 1189085316, 1189085329, 1189085331, 1121976561, 1189085308, 1121976619, 1121976620]], "coordinate": [1.9929072216143737, 0.3919935770273232, 38.0], "halfSize": [535.1499999999069, 278.5405000001192, 33.400001525878906]}, {"attributes": [1189085186, 165, 16, "OU", "Other Specified Uses", "LEACHATE PRE-TREATMENT WORKS", 9107.27], "links": [[1189085475, 1189085474]], "coordinate": [1.993011326828797, 0.3919737459706639, 13.200000762939453], "halfSize": [77.4429999999702, 42.818500000052154, 4.500000476837158]}, {"attributes": [1189085187, 165, 21, "R(C)1", "Residential (Group C)1", null, 43341.55], "links": [[1189085204, 1189085205, 1189085206, 1189085208, 1189085209, 1189085210, 1189085211, 1189085212, 1189085213, 1189085214, 1189085215, 1189085216, 1189085217, 1189085218, 1189085219, 1189085220, 1189085221, 1189085222, 1189085224, 1189085227, 1189085242, 1189085243, 1189085244, 1189085245, 1189085246, 1189085247, 1189085248, 1189085249, 1189085250, 1189085252, 1189085254, 1189085255, 1189085228, 1189085229, 1189085230, 1189085232, 1189085233, 1189085234, 1189085235, 1189085239, 1189085241, 1189085251, 1189085256, 1189085257, 1189085258, 1189085259, 1189085260, 1189085261, 1189085263, 1189085264, 1189085265, 1189085268, 1189085269, 1189085270, 1189085271, 1189085272, 1189085289, 1189085292, 1189085296, 1189085298, 1189085276, 1189085279, 1189085280, 1189085281, 1189085285, 1189085286, 1189085287, 1189085290, 1189085291, 1189085294, 1189085295, 1189085297, 1189085323, 1189085321, 1189085320, 1189085317, 1189085305, 1189085304, 1189085303, 1189085302, 1189085301, 1189085299]], "coordinate": [1.9931483130814476, 0.39197235561138005, 21.30000114440918], "halfSize": [173.58749999990687, 121.99700500071049, 15.100000381469727]}, {"attributes": [1189085188, 165, 7, "G/IC", "Government, Institution or Community", null, 4769.77], "links": [[1189085425, 1189085432]], "coordinate": [1.99299120144863, 0.3918725919284662, 9.300000190734863], "halfSize": [47.6820000000298, 25.277999999932945, 4.0]}, {"attributes": [1189085189, 165, 16, "OU", "Other Specified Uses", "SEWAGE TREATMENT WORKS", 140602.87], "links": [[1189085338, 1189085339, 1189085347, 1189085318, 1189085327, 1189085328, 1189085333, 1189085335, 1189085336, 1189085337, 1189085340, 1189085341, 1189085344, 1189085345, 1189085346, 1189085350, 1189085352, 1189085353, 1189085357, 1189085363, 1189085369, 1189085452, 1189085446, 1189085444, 1189085443, 1189085442, 1189085441, 1189085436, 1189085311, 1189085312, 1189085314, 1189085315, 1189085319, 1189085325, 1189085326, 1189085330, 1189085351, 1189085355, 1189085368, 1189085448, 1189085447, 1189085438, 1189085437]], "coordinate": [1.9930028232117416, 0.3919372580421498, 11.449999809265137], "halfSize": [229.1929999999702, 192.8714999994263, 8.34999942779541]}, {"attributes": [1189085190, 165, 29, "V", "Village Type Development", null, 14233.61], "links": [[]], "coordinate": [1.9928690778772062, 0.3920038148803469, 4999.9501953125], "halfSize": [119.63400000007823, 105.40450000017881, -4999.9501953125]}, {"attributes": [1189085191, 165, 14, "O", "Open Space", null, 217382.09], "links": [[1189085440, 1189085439, 1189085433, 1189085431, 1189085430, 1189085429, 1189085428, 1189085427, 1189085434, 1121977017, 1121977038, 1121977041, 1121977063, 1121977068, 1121977075, 1121977076, 1121977170, 1121977165, 1121977154, 1121977152, 1121977149, 1121977126, 1121977092, 1121977206]], "coordinate": [1.9929082791909691, 0.3918496559410076, 16.549999237060547], "halfSize": [838.9520000000484, 222.33899999968708, 11.25]}, {"attributes": [1189085192, 165, 16, "OU", "Other Specified Uses", "GOLF COURSE", 570007.73], "links": [[1191183170, 1191183360, 1191183359, 1189085202, 1189085300, 1189085435]], "coordinate": [1.993067699684779, 0.3919414876855754, 9.050000190734863], "halfSize": [412.0485000000335, 589.1765000000596, 3.75]}, {"attributes": [1189085193, 165, 19, "R(A)12", "Residential (Group A)12", null, 7010.34], "links": [[]], "coordinate": [1.993139117135637, 0.392001568870602, 4999.9501953125], "halfSize": [61.0981600000523, 52.360420000739396, -4999.9501953125]}]}