{"features": [{"attributes": [1191182336, 79, 29, "V", "Village Type Development", null, 42840.87], "links": [[1193279509, 1193279510, 1191182336, 1191182337, 1191182338, 1191182339, 1191182340, 1191182342, 1191182343, 1191182345, 1191182347, 1191182348, 1193279511, 1191183236, 1191183279, 1193279512, 1193279517, 1191183425, 1191183432, 1191183433, 1193279519, 1191183438, 1193279515, 1191182349, 1191182350, 1191182351, 1191182352, 1191182353, 1191182354, 1191182356, 1191182357, 1191182358, 1191182360, 1191182366, 1191182367, 1191182368, 1191182369, 1191182370, 1191182372, 1191182374, 1191182377, 1191182378, 1191182380, 1191182383, 1191182384, 1191182387, 1191182389, 1191182390, 1191182391, 1191182392, 1191182393, 1191182394, 1191182395, 1191182396, 1191182397, 1191182398, 1191182400, 1191182402, 1191182404, 1191182405, 1191182406, 1191182407, 1191182408, 1191182409, 1191182413, 1191182415, 1191182416, 1191182417, 1191182418, 1191182419, 1191182420, 1191182421, 1191182422, 1191182424, 1191182425, 1191182428, 1191182430, 1191182431, 1191182434, 1191182435, 1191182436, 1191182439, 1191183238, 1191183239, 1191183240, 1191183241, 1191183272, 1191183275, 1191183276, 1191183277, 1191183278, 1191183281, 1191183286, 1191183295, 1191183314, 1191183325, 1191183328, 1191183343, 1191183431, 1191183434, 1191183435, 1191183437, 1191183504, 1191183506, 1191183415, 1191183412, 1191183407, 1191183393, 1191183391, 1191183390, 1191183384, 1191183380, 1191183345, 1191183344, 1191182341, 1191182346, 1191182359, 1191182365, 1191182399, 1191182401, 1191182411, 1191182412, 1191183237, 1191183274, 1191183395]], "coordinate": [1.9931601767897824, 0.39223057004491263, 26.700000762939453], "halfSize": [103.33699999982491, 155.88399999961257, 12.300000190734863]}, {"attributes": [1191182337, 79, 0, "AGR", "Agriculture", null, 61122.35], "links": [[1191182488, 1191182489]], "coordinate": [1.9932139249902106, 0.3921923269701101, 17.25], "halfSize": [252.2935000001453, 171.39399999938905, 4.649999618530273]}, {"attributes": [1191182338, 165, 21, "R(C)6", "Residential (Group C)6", null, 23643.59], "links": [[1191183234, 1191182945, 1191182950, 1191182953, 1191182957, 1191182966, 1191182969, 1191182979, 1191182981, 1191182985, 1191182990, 1191183001, 1191183007, 1191183008, 1191183015, 1191183018, 1191183028, 1191183034, 1191183040, 1191183045, 1191183049, 1191183054, 1191183056, 1191183059, 1191183062, 1191183420, 1191183164, 1191183165, 1191183168, 1191183169, 1191183171, 1191183172, 1191183173, 1191183174, 1191183175, 1191183176, 1191183177, 1191183178, 1191183179, 1191183180, 1191183183, 1191183184, 1191183185, 1191183186, 1191183187, 1191183188, 1191183189, 1191183190, 1191183191, 1191183192, 1191183193, 1191183194, 1191183196, 1191183197, 1191183199, 1191183068, 1191183076, 1191183079, 1191183090, 1191183092, 1191183096, 1191183103, 1191183108, 1191183114, 1191183122, 1191183132, 1191183137, 1191183139, 1191183141, 1191183143, 1191183145, 1191183146, 1191183148, 1191183149, 1191183152, 1191183155, 1191183195, 1191183198, 1191183200, 1191183201, 1191183202, 1191183203, 1191183204, 1191183205, 1191183206, 1191183207, 1191183208, 1191183209]], "coordinate": [1.9931449125410357, 0.3920424151111881, 83.05000305175781], "halfSize": [136.6239999998361, 139.9670000001788, 9.35000228881836]}, {"attributes": [1191182339, 165, 21, "R(C)6", "Residential (Group C)6", null, 21199.08], "links": [[1191182569, 1191182574, 1191182575, 1191182578, 1191182580, 1191182581, 1191182582, 1191182583, 1191182584, 1191182585, 1191182586, 1191182587, 1191182588, 1191182589, 1191182590, 1191182591, 1191182592, 1191182593, 1191182594, 1191182595, 1191182598, 1191182599, 1191182600, 1191182601, 1191182602, 1191182603, 1191182604, 1191182605, 1191182606, 1191182607, 1191182608, 1191182609, 1191182610, 1191182611, 1191182612, 1191182613, 1191182614, 1191182615, 1191182616, 1191182617, 1191182618, 1191182624, 1191182625, 1191182626, 1191182627, 1191182630, 1191182631, 1191182634, 1191182635, 1191182636, 1191182638, 1191182639, 1191182642, 1191182643, 1191182644, 1191182645, 1191182648, 1191182649, 1191182650, 1191182651, 1191182653, 1191182654, 1191182655, 1191182656, 1191182658, 1191182660, 1191182663, 1191182664, 1191182665, 1191182666, 1191182667, 1191182668, 1191182669, 1191182670, 1191182671, 1191182672, 1191182673, 1191182674, 1191182675, 1191182676, 1191182677, 1191182678, 1191182679, 1191182680, 1191182683, 1191182685, 1191182687, 1191182691, 1191182694, 1191182696, 1191182697, 1191182698, 1191182699, 1191182700, 1191182701, 1191182702, 1191182705, 1191182706, 1191182707, 1191182709, 1191182712, 1191182715, 1191182723, 1191182727, 1191182730, 1191182731, 1191182732, 1191182734, 1191182738, 1191182741, 1191183228]], "coordinate": [1.9930379883853824, 0.3921097212389298, 68.64999389648438], "halfSize": [75.2160000000149, 111.53000000026077, 10.049999237060547]}, {"attributes": [1191182340, 165, 20, "R(B)7", "Residential (Group B)7", null, 14424.86], "links": [[1191183235, 1191182870, 1191182875, 1191182880, 1191182881, 1191182886, 1191182891, 1191182893, 1191182897, 1191182907, 1191182909, 1191182912, 1191182917, 1191182926, 1191182932, 1191182933, 1191182941, 1191182948, 1191182952, 1191182956, 1191182965, 1191182970, 1191182976, 1191183004, 1191183014, 1191183020, 1191183024, 1191183044, 1191183232, 1191183233, 1191183065]], "coordinate": [1.9930981172645175, 0.39206367035292755, 88.6500015258789], "halfSize": [75.82935999985784, 90.74497500061989, 13.25]}, {"attributes": [1191182341, 165, 7, "G/IC", "Government, Institution or Community", null, 125034.6], "links": [[1191182474, 1191182482, 1191183226, 1191182466, 1191182470, 1191182472, 1191182475, 1191182476, 1191182477, 1191182480, 1191182483, 1191182485, 1191182492, 1191182493, 1191182497, 1191182500, 1191182501, 1191182502, 1191182508, 1191183227, 1191182516, 1191182522, 1191182538, 1191182542, 1191182579, 1191182473, 1191182554, 1191182548, 1191182544, 1191182543, 1191182541, 1191182535, 1191182533]], "coordinate": [1.9930829929754024, 0.3921644154292223, 70.55000305175781], "halfSize": [271.3884999998845, 293.99599999934435, 25.450000762939453]}, {"attributes": [1191182342, 165, 20, "R(B)1", "Residential (Group B)1", null, 24547.87], "links": [[1191182688, 1191182690, 1191182692, 1191182695, 1191182703, 1191182713, 1191182724, 1191182740, 1191182748, 1191182755, 1191182759, 1191182767, 1191182769, 1191182779, 1191182782, 1191182785, 1191183229, 1191182789, 1191182793, 1191182795, 1191182796, 1191182797, 1191182798, 1191182801, 1191182804, 1191182809, 1191182812, 1191182822, 1191182837, 1191182838, 1191182839, 1191182853, 1191182854, 1191182865, 1191183231, 1191182681, 1191182682, 1191182684, 1191182686, 1191182689]], "coordinate": [1.9930806837362653, 0.3920907514542801, 75.69999694824219], "halfSize": [156.0745000001043, 102.22496500052512, 17.700000762939453]}, {"attributes": [1191182343, 165, 7, "G/IC", "Government, Institution or Community", null, 23119.09], "links": [[1191182659, 1191182805, 1191182807]], "coordinate": [1.9929056877250035, 0.39210155628696397, 83.80000305175781], "halfSize": [77.34450000012293, 153.39649999979883, 4.5]}, {"attributes": [1191182344, 165, 29, "V", "Village Type Development", null, 24108.82], "links": [[1191182452, 1191182456, 1191182379, 1191182382, 1191182385, 1191182388, 1191182403, 1191182410, 1191182414, 1191182423, 1191182426, 1191182429, 1191182432, 1191182433, 1191182437, 1191182438, 1191182440, 1191182441, 1191182442, 1191182443, 1191182444, 1191182445, 1191182446, 1191182447, 1191182448, 1191182449, 1191182450, 1191182451, 1191182453, 1191182454, 1191182455, 1191182457, 1191182458, 1191182459, 1191182460, 1191182461, 1191182462, 1191182463, 1191182464, 1191182465, 1191182467]], "coordinate": [1.9930927140958927, 0.39221541987477465, 27.049999237060547],