{"features": [{"attributes": [1197473792, 99, 8, "GB", "Green Belt", null, 38211.85], "links": [[]], "coordinate": [1.9928570454986907, 0.392884487901096, 4999.9501953125], "halfSize": [108.79300000006333, 159.91850000061095, -4999.9501953125]}, {"attributes": [1197473793, 99, 0, "AGR", "Agriculture", null, 37749.06], "links": [[]], "coordinate": [1.99285001655003, 0.3928579964272959, 4999.9501953125], "halfSize": [246.65950000006706, 120.3914999999106, -4999.9501953125]}]}