{"features": [{"attributes": [1199570944, 24, 0, "AGR", "Agriculture", null, 83965.85], "links": [[]], "coordinate": [1.9930432168815346, 0.3930748328189816, 4999.9501953125], "halfSize": [184.33199999993667, 206.85500000044703, -4999.9501953125]}, {"attributes": [1199570945, 24, 8, "GB", "Green Belt", null, 89301.83], "links": [[1199571461, 1199571474]], "coordinate": [1.993052665239424, 0.3931436841673965, 15.550000190734863], "halfSize": [247.3454999998212, 266.63549999985844, 4.65000057220459]}, {"attributes": [1199570946, 24, 29, "V", "Village Type Development", null, 54347.09], "links": [[1199571115, 1199571116, 1199571117, 1199571120, 1199571122, 1199571123, 1199571124, 1199571126, 1199571127, 1199571129, 1199571131, 1199571132, 1199571134, 1199571135, 1199571136, 1199571137, 1199571138, 1199571139, 1199571140, 1199571141, 1199571142, 1199571143, 1199571144, 1199571145, 1199571147, 1199571148, 1199571149, 1199571150, 1199571151, 1199571152, 1199571154, 1199571155, 1199571157, 1199571158, 1199571160, 1199571161, 1199571162, 1199571163, 1199571164, 1199571165, 1199571166, 1199571168, 1199571169, 1199571171, 1199571174, 1199571191, 1199571194, 1199571196, 1199571197, 1199571198, 1199571199, 1199571200, 1199571201, 1199571202, 1199571203, 1199571204, 1199571205, 1199571206, 1199571207, 1199571208, 1199571209, 1199571210, 1199571211, 1199571212, 1199571213, 1199571214, 1199571215, 1199571219, 1199571221, 1199571222, 1199571223, 1199571224, 1199571226, 1199571227, 1199571470, 1199571475, 1199571476, 1199571500, 1199571497, 1199571496, 1199571495, 1199571494, 1199571493, 1199571492, 1199571478, 1199571381, 1199571232, 1199571228, 1199571231, 1199571233, 1199571234, 1199571235, 1199571236, 1199571237, 1199571238, 1199571239, 1199571240, 1199571241, 1199571242, 1199571243, 1199571244, 1199571245, 1199571246, 1199571247, 1199571248, 1199571250, 1199571251, 1199571252, 1199571256, 1199571285, 1199571286, 1199571287, 1199571288, 1199571289, 1199571382, 1199571383, 1199571409, 1199571410, 1199571411, 1199571418, 1199571477, 1199571282, 1199571278, 1199571275, 1199571270, 1199571269, 1199571265, 1199571264, 1199571262, 1199571260, 1199571258, 1199571257, 1199571263, 1199571454]], "coordinate": [1.993080747069068, 0.3931150417648207, 28.149999618530273], "halfSize": [149.5380000001751, 192.75150000024587, 18.149999618530273]}, {"attributes": [1199570947, 24, 8, "GB", "Green Belt", null, 52663.74], "links": [[1199571082]], "coordinate": [1.993117937091748, 0.3931407928086515, 20.299999237060547], "halfSize": [210.72350000031292, 205.01499999966472, 3.40000057220459]}, {"attributes": [1199570948, 24, 29, "V", "Village Type Development", null, 15293.95], "links": [[1201668287, 1201668251, 1201668250, 1199570945, 1199570946, 1199570947, 1199570949, 1199570955, 1199570957, 1199570958, 1199570959, 1199570960, 1199570961, 1199570962, 1199570963, 1199570964, 1199570966, 1199570967, 1199570968, 1199570971, 1199570972, 1199570974, 1199570975, 1199570976, 1199570977, 1199570978, 1199570980, 1199570981, 1199570989, 1199571003, 1199571014, 1199571020, 1199571029, 1199571033, 1199571034, 1199571037, 1199571039, 1199571046, 1199571049, 1199571052, 1199571053, 1199571056, 1199571463, 1199571444, 1199571443, 1199571442, 1199571441]], "coordinate": [1.9931367521014784, 0.393175742386019, 12.699999809265137], "halfSize": [83.85949999978766, 108.97549999970943, 7.199999809265137]}, {"attributes": [1199570949, 24, 29, "V", "Village Type Development", null, 12912.18], "links": [[1201668253, 1201668252, 1199570944, 1199570948, 1199570950, 1199570951, 1199570952, 1199570954, 1199570956, 1199570965, 1199570969, 1199570986, 1199571452, 1199571417, 1199571412, 1199571393, 1199571378]], "coordinate": [1.9930945013229606, 0.3931787694772402, 13.199999809265137], "halfSize": [72.08449999988079, 72.35300000011921, 6.59999942779541]}, {"attributes": [1199570950, 24, 3, "CA", "Conservation Area", null, 1091535.03], "links": [[1268777176, 1268777169, 1268777185, 1268777184, 1266679822, 1266679820, 1266679819, 1266679808]], "coordinate": [1.9931273044144868, 0.3931225053040839, 8.75], "halfSize": [1145.3575000003912, 909.8245000001043, 5.75]}, {"attributes": [1199570951, 24, 8, "GB", "Green Belt", null, 13653.03], "links": [[]], "coordinate": [1.9930515508209403, 0.39315555402829844, 4999.9501953125], "halfSize": [111.3194999997504, 67.17549999989569, -4999.9501953125]}, {"attributes": [1199570952, 74, 7, "G/IC", "Government, Institution or Community", null, 12162.91], "links": [[1199571457, 1199571458, 1199571459, 1199571460, 1199571488]], "coordinate": [1.9928931782350257, 0.3931721672111101, 36.29999923706055], "halfSize": [81.71999999973923, 111.20100000035018, 5.5]}, {"attributes": [1199570953, 74, 8, "GB", "Green Belt", null, 16581.54], "links": [[]], "coordinate": [1.9929970763778417, 0.39317739891767567, 4999.9501953125], "halfSize": [104.3019999996759, 110.8804999999702, -4999.9501953125]}, {"attributes": [1199570954, 74, 0, "AGR", "Agriculture", null, 23611.03], "links": [[1199571133, 1199571130, 1199571125, 1199571121, 1199571128, 1199571172, 1199571177, 1199571179, 1199571195, 1199571217, 1199571218, 1199571220, 1199571190, 1199571189]], "coordinate": [1.9929865526725286, 0.39312494235057954, 42.54999923706055], "halfSize": [154.46400000015274, 131.81750500015914, 5.450000762939453]}, {"attributes": [1199570955, 74, 8, "GB", "Green Belt", null, 11047.46], "links": [[1199571119, 1199571153, 1199571183]], "coordinate": [1.992846040040082, 0.39312318684373854, 28.350000381469727], "halfSize": [51.198499999940395, 83.1074999999255, 2.8500003814697266]}, {"attributes": [1199570956, 74, 8, "GB", "Green Belt", null, 26397.87], "links": [[]], "coordinate": [1.9929368058576509, 0.3931531944077422, 4999.9501953125], "halfSize": [126.16800000006333, 98.36599999945611, -4999.9501953125]}, {"attributes": [1199570957, 74, 22, "R(D)", "Residential (Group D)", null, 27816.7], "links": [[1199571156, 1199571159, 1199571167, 1199571178, 1199571216, 1199571439, 1199571188]], "coordinate": [1.992954754400839, 0.39311318376681076, 32.20000076293945], "halfSize": [152.46549999993294, 123.46500000078231, 5.0]}, {"attributes": [1199570958, 74, 29, "V", "Village Type Development", null, 36577.15], "links": [[1199571310, 1199571316, 1199571317, 1199571318, 1199571319, 1199571320, 1199571321, 1199571322, 1199571323, 1199571325, 1199571326, 1199571327, 1199571328, 1199571329, 1199571330, 1199571331, 1199571332, 1199571333, 1199571334, 1199571337, 1199571338, 1199571339, 1199571341, 1199571343, 1199571344, 1199571346, 1199571347, 1199571348, 1199571349, 1199571351, 1199571352, 1199571354, 1199571355, 1199571356, 1199571357, 1199571358, 1199571359, 1199571360, 1199571361, 1199571362, 1199571363, 1199571364, 1199571365, 1199571366, 1199571367, 1199571368, 1199571369, 1199571370, 1199571371, 1199571372, 1199571374, 1199571375, 1199571377, 1199571388, 1199571389, 1199571390, 1199571391, 1199571392, 1199571397, 1199571399, 1199571400, 1199571414, 1199571415, 1199571416, 1199571419, 1199571422, 1199571426, 1199571429, 1199571430, 1199571431, 1199571432, 1199571433, 1199571434, 1199571466, 1199571467, 1199571468, 1199571469, 1199571471, 1199571472, 1199571479, 1199571480, 1199571481, 1199571482, 1199571502, 1199571501, 1199571490, 1199571489, 1199571487, 1199571486, 1199571483, 1199571465, 1199571464, 1199571451, 1199571449, 1199571448, 1199571447, 1199571437, 1199571436, 1199571314, 1199571315, 1199571324, 1199571335, 1199571336, 1199571340, 1199571342, 1199571345, 1199571350, 1199571353, 1199571373, 1199571376, 1199571385, 1199571386, 1199571387, 1199571420, 1199571421, 1199571427, 1199571491, 1199571453]], "coordinate": [1.9928755220232448, 0.39305925305450723, -4980.75], "halfSize": [131.80099999997765, 108.24650000035763, 5019.150390625]}, {"attributes": [1199570959, 74, 0, "AGR", "Agriculture", null, 636111.53],