{"features": [{"attributes": [1216348160, 96, 16, "OU", "Other Specified Uses", "MILITARY CAMP", 1222783.09], "links": [[1216348350, 1218445385, 1218445538, 1218445760, 1216348160, 1216348231, 1216348248, 1218445565, 1218445575, 1218445601, 1216348282, 1218445631, 1218445708, 1216348349, 1218445336, 1216348178, 1218445504, 1216348262, 1216348263, 1216348316, 1218445744, 1216348215, 1216348232, 1216348244, 1216348296, 1216348201, 1216348227, 1216348281, 1216348161, 1216348162, 1216348172, 1216348175, 1216348183, 1216348184, 1216348192, 1216348199, 1216348216, 1216348217, 1216348221, 1216348224, 1216348240, 1216348246, 1216348247, 1216348327, 1216348331, 1216348333, 1216348334, 1216348335, 1216348323, 1216348309, 1216348276, 1216348275, 1216348265, 1216348164, 1216348174, 1216348195, 1216348166, 1216348187, 1216348207, 1216348347, 1216348346, 1216348325, 1216348284, 1216348267, 1216348260, 1216348258, 1216348219, 1216348222, 1216348235, 1216348254, 1216348271, 1216348277, 1216348299, 1216348306, 1216348305, 1216348169, 1216348182, 1216348197, 1216348208, 1216348212, 1216348239, 1216348264, 1216348268, 1216348285, 1216348337, 1216348345, 1216348338, 1216348165, 1216348167, 1216348179, 1216348188, 1216348189, 1216348206, 1216348211, 1216348226, 1216348233, 1216348295, 1216348303, 1216348330, 1216348332, 1216348348, 1216348324, 1216348321, 1216348317, 1216348315, 1216348313, 1216348170, 1216348180, 1216348181, 1216348186, 1216348200, 1216348205, 1216348213, 1216348218, 1216348223, 1216348234, 1216348236, 1216348253, 1216348257, 1216348274, 1216348278, 1216348280, 1216348287, 1216348297, 1216348300, 1216348304, 1216348318, 1216348314, 1216348307, 1216348163, 1216348230, 1216348255, 1216348328, 1216348341, 1216348286, 1216348214, 1216348225, 1216348336, 1216348322, 1216348319, 1216348292, 1216348291, 1216348288, 1216348266, 1216348261, 1216348194, 1216348185, 1216348210, 1216348245, 1216348320, 1216348310, 1216348270, 1216348308, 1216348293, 1216348290, 1216348243, 1216348237, 1216348228, 1216348198, 1216348190]], "coordinate": [1.9934709357714628, 0.3874662679326344, 86.05000305175781], "halfSize": [683.094000000041, 670.9375, 83.05000305175781]}, {"attributes": [1216348161, 96, 16, "OU", "Other Specified Uses", "SATELLITE EARTH STATION", 59381.01], "links": [[1216348177, 1216348191, 1216348202, 1216348203, 1216348204, 1216348209, 1216348220, 1216348238, 1216348250, 1216348251, 1216348269, 1216348329, 1216348326, 1216348312, 1216348298, 1216348294, 1216348289, 1216348283, 1216348279, 1216348273, 1216348168, 1216348171, 1216348193, 1216348196, 1216348229, 1216348241, 1216348249, 1216348256, 1216348272, 1216348344, 1216348343, 1216348342, 1216348311, 1216348302, 1216348301, 1216348173, 1216348176, 1216348242, 1216348252, 1216348259, 1216348340, 1216348339]], "coordinate": [1.9935265260560706, 0.3874114770795024, 103.5], "halfSize": [196.9079999998212, 117.04399999976158, 31.699996948242188]}]}