{"features": [{"attributes": [1224736768, 33, 26, "SSSI", "Site of Special Scientific Interest", null, 32146.82], "links": [[1222639620, 1222639622, 1222639623, 1222639625, 1222639631]], "coordinate": [1.99358060805744, 0.38824494190237424, 3.8000001907348633], "halfSize": [237.63849999988452, 270.98000000044703, 2.5]}, {"attributes": [1224736769, 33, 8, "GB", "Green Belt", null, 13077.49], "links": [[1224736781]], "coordinate": [1.9935276863600655, 0.3882836220767037, 44.94999694824219], "halfSize": [58.1304999999702, 111.03149999957532, 2.3500003814697266]}]}