{"features": [{"attributes": [1226833920, 40, 8, "GB", "Green Belt", null, 5119.31], "links": [[]], "coordinate": [1.9932890047384224, 0.3886979402591239, 4999.9501953125], "halfSize": [33.27449999982491, 78.17172500025481, -4999.9501953125]}, {"attributes": [1226833921, 40, 16, "OU", "Other Specified Uses", "QUARRY", 274642.91], "links": [[1159725247, 1159725269, 1226833920, 1159725281, 1159725337, 1159725372, 1159725376, 1159725502, 1226833923, 1226833925, 1159725623, 1159725558, 1226833922, 1159725545, 1159725533, 1159725519, 1226833921, 1159725506, 1159725507, 1159725510, 1159725591, 1159725595, 1159725574, 1159725568, 1159725560, 1159725548, 1159725541]], "coordinate": [1.993221849318723, 0.38869268991126005, 264.1000061035156], "halfSize": [366.77849500020966, 328.10699999984354, 29.900001525878906]}]}