{"features": [{"attributes": [1285554176, 33, 6, "CPA", "Coastal Protection Area", null, 42198.07], "links": [[1285554181]], "coordinate": [1.993982007266843, 0.3876291234335221, 15.850000381469727], "halfSize": [563.4775000000373, 309.4089999999851, 1.8500003814697266]}]}