{"features": [{"attributes": [1289748480, 33, 5, "CP", "Country Park", null, 5906168.92], "links": [[1291845672, 1287651452]], "coordinate": [1.9938347470756812, 0.3880484413316537, 139.3000030517578], "halfSize": [1753.3254999998026, 2633.3349999999627, 12.300003051757812]}, {"attributes": [1289748481, 33, 8, "GB", "Green Belt", null, 534776.84], "links": [[1222639619, 1222639621, 1289748536, 1222639624, 1222639629, 1222639630, 1222639632, 1222639633, 1222639675, 1222639641, 1222639640, 1222639639, 1222639638, 1222639637, 1222639636, 1222639635, 1222639634, 1222639626]], "coordinate": [1.9936796677664677, 0.38815036215451665, 22.75], "halfSize": [851.1175000001676, 1366.4419999998063, 19.75]}, {"attributes": [1289748482, 33, 21, "R(C)2", "Residential (Group C)2", null, 93076.23], "links": [[1289748702, 1289748698, 1289748697, 1289748695, 1289748692, 1289748690, 1289748687, 1289748685, 1289748684, 1289748482, 1289748484, 1289748485, 1289748487, 1289748489, 1289748682, 1289748701, 1289748696, 1289748691, 1289748686, 1222639617, 1289748481, 1289748483, 1289748486, 1289748488, 1289748490, 1222639657, 1222639658, 1289748668, 1222639659, 1289748670, 1222639660, 1222639661, 1222639662, 1222639663, 1222639677, 1222639676, 1289748699, 1289748694, 1289748689, 1289748688, 1289748725, 1289748731, 1289748805, 1289748812, 1289748818, 1289748823, 1289748825, 1289748829, 1289748836, 1289748842, 1289748704, 1289748706, 1289748710, 1289748711, 1289748712, 1289748716, 1289748717, 1289748721, 1289748722, 1289748726, 1289748728, 1289748733, 1289748734, 1289748737, 1289748740, 1289748742, 1289748747, 1289748752, 1289748754, 1289748755, 1289748757, 1289748759, 1289748761, 1289748762, 1289748765, 1289748767, 1289748769, 1289748771, 1289748772, 1289748773, 1289748775, 1289748779, 1289748781, 1289748784, 1289748785, 1289748787, 1289748789, 1289748790, 1289748792, 1289748795, 1289748796, 1289748798, 1289748800, 1289748802, 1289748803, 1289748807, 1289748808, 1289748811, 1289748815, 1289748816, 1289748817, 1289748821, 1289748822, 1289748824, 1289748826, 1289748827, 1289748828, 1289748831, 1289748832, 1289748834, 1289748835, 1289748839, 1289748840, 1289748844, 1287651329, 1287651330, 1287651331, 1287651333, 1287651334, 1287651338, 1287651339, 1287651341, 1287651348, 1287651349, 1287651350, 1287651351, 1287651352, 1287651356, 1287651357, 1287651358, 1287651359, 1287651361, 1287651364, 1287651365, 1287651367, 1287651369, 1287651370, 1287651371, 1287651372, 1287651373, 1287651374, 1287651375, 1287651376, 1287651377, 1287651379, 1287651380, 1287651382, 1287651383, 1287651384, 1287651391, 1287651393, 1287651394, 1287651395, 1287651396, 1287651398, 1287651400, 1287651401, 1287651402, 1287651403, 1287651404, 1287651405, 1287651406, 1287651407, 1287651408, 1287651409, 1287651410, 1287651411, 1287651412, 1287651413, 1287651414, 1287651415, 1287651416, 1287651417, 1287651418, 1287651433, 1287651434, 1287651435, 1287651436, 1287651437, 1287651438, 1287651439, 1287651432, 1287651431, 1287651430, 1287651429, 1287651428, 1287651427, 1287651426, 1287651425, 1287651424, 1287651421, 1287651419, 1289748491, 1289748493, 1289748495, 1289748498, 1289748499, 1289748500, 1289748501, 1289748502, 1289748503, 1289748504, 1289748505, 1289748506, 1289748507, 1289748508, 1289748509, 1289748510, 1289748511, 1289748512, 1289748513, 1289748514, 1289748515, 1289748516, 1289748517, 1289748518, 1289748519, 1289748520, 1289748521, 1289748522, 1289748523, 1289748524, 1289748525, 1289748526, 1289748527, 1289748528, 1289748529, 1289748530, 1289748531, 1289748708, 1289748714, 1289748718, 1289748727, 1289748729, 1289748732, 1289748736, 1289748739, 1289748741, 1289748746, 1289748748, 1289748750, 1289748753, 1289748756, 1289748758, 1289748760, 1289748763, 1289748764, 1289748766, 1289748770, 1289748774, 1289748777, 1289748780, 1289748782, 1289748783, 1289748786, 1289748788, 1289748791, 1289748793, 1289748794, 1289748797, 1289748799, 1289748801, 1289748804, 1289748806, 1289748809, 1289748810, 1289748814, 1289748830, 1289748837, 1289748838, 1289748841, 1289748843, 1287651328, 1289748845, 1289748492, 1289748494, 1289748496, 1289748497, 1289748705, 1289748709, 1289748715, 1289748720, 1289748723, 1287651332, 1287651337, 1287651340, 1287651344, 1287651347, 1287651354, 1287651355, 1287651360, 1287651363, 1287651366, 1287651368, 1287651381, 1287651385, 1287651386, 1287651423, 1287651422, 1287651420, 1287651399, 1287651397, 1287651392, 1287651390, 1287651389, 1287651388, 1287651387]], "coordinate": [1.9936271537097496, 0.38802655682871134, 52.849998474121094], "halfSize": [311.88125000009313, 237.41950000077486, 26.55000114440918]}, {"attributes": [1289748483, 33, 21, "R(C)6", "Residential (Group C)6", null, 74437.94], "links": [[1289748480, 1289748570, 1289748571, 1289748572, 1289748573, 1289748575, 1289748577, 1289748580, 1289748584, 1289748595, 1289748598, 1289748599, 1289748601, 1289748602, 1289748604, 1289748606, 1289748607, 1289748608, 1289748610, 1289748611, 1289748615, 1289748616, 1289748617, 1289748618, 1289748620, 1289748621, 1289748622, 1289748624, 1289748625, 1289748626, 1289748627, 1289748628, 1289748629, 1289748630, 1289748631, 1289748632, 1289748633, 1289748634, 1289748635, 1289748636, 1289748637, 1289748638, 1289748639, 1289748640, 1289748641, 1289748642, 1289748643, 1289748645, 1289748646, 1289748647, 1289748648, 1289748650, 1289748651, 1289748652, 1289748653, 1289748654, 1289748656, 1289748657, 1289748659, 1289748661, 1289748662, 1289748664, 1289748666, 1289748667, 1289748669, 1289748672, 1289748673, 1289748676, 1289748678, 1289748677, 1289748566, 1289748567, 1289748568, 1289748569]], "coordinate": [1.993625199515459, 0.38808855946444454, 74.0], "halfSize": [271.1414999999106, 244.37899999972433, 44.099998474121094]}, {"attributes": [1289748484, 33, 6, "CPA", "Coastal Protection Area", null, 255358.59], "links": [[1289748537, 1289748538, 1289748539, 1289748541, 1289748542, 1289748543, 1289748544, 1289748545, 1289748556, 1289748555, 1289748554, 1289748553, 1289748552, 1289748551, 1289748550, 1289748549, 1289748548, 1289748547, 1289748546, 1289748535, 1289748534, 1289748574, 1289748576, 1289748578, 1289748579, 1289748581, 1289748582, 1289748583, 1289748585, 1289748586, 1289748587, 1289748588, 1289748589, 1289748590, 1289748591, 1289748592, 1289748593, 1289748594, 1289748846, 1289748596, 1289748679, 1289748674, 1289748671, 1289748665, 1289748663, 1289748660, 1289748658, 1289748655, 1289748649, 1289748609, 1289748819, 1287651353, 1287651345, 1289748703, 1289748768, 1289748776, 1289748778, 1289748813, 1287651378, 1287651362, 1287651346, 1287651343, 1287651342, 1287651336, 1287651335, 1289748833, 1289748820, 1287651440, 1287651441, 1287651442, 1287651443, 1287651444, 1287651455, 1287651454, 1287651453, 1287651451, 1287651450, 1287651449, 1287651448, 1287651447, 1287651446, 1287651445]], "coordinate": [1.9936905921578005, 0.38810985131738907, 12.800000190734863], "halfSize": [808.8264999999665, 1434.7770000007004, 11.40000057220459]}, {"attributes": [1289748485, 33, 21, "R(C)4", "Residential (Group C)4", null, 1980.91], "links": [[1289748533]], "coordinate": [1.993954545141541, 0.388214528020942, 51.150001525878906], "halfSize": [27.0, 30.343999999575317, 4.25]}, {"attributes": [1289748486, 33, 8, "GB", "Green Belt", null, 635.8], "links": [[]], "coordinate": [1.9938260251757534, 0.388116979188033, 4999.9501953125], "halfSize": [7.080500000156462, 32.67549999989569, -4999.9501953125]}, {"attributes": [1289748487, 33, 7, "G/IC(2)", "Government, Institution or Community(2)", null, 2594.82], "links": [[]], "coordinate": [1.9935915429661277, 0.3881252899247543, 4999.9501953125], "halfSize": [34.3125, 35.541000000201166, -4999.9501953125]}, {"attributes": [1289748488, 33, 8, "GB", "Green Belt", null, 159548.98], "links": [[1289748847]], "coordinate": [1.9936198188505585, 0.38805809657030105, 109.89999389648438],