{"features": [{"attributes": [1308622848, 149, 24, "REC", "Recreation", null, 20982.91], "links": [[]], "coordinate": [1.9938812810032642, 0.39018994349069747, 4999.9501953125], "halfSize": [106.3804999999702, 101.96299999952316, -4999.9501953125]}, {"attributes": [1308622849, 149, 29, "V", "Village Type Development", null, 10896.78], "links": [[1308623053, 1308623054, 1308623055, 1308623056, 1308623057]], "coordinate": [1.9938034883575964, 0.3901403632484438, 73.44999694824219], "halfSize": [90.8070000000298, 67.02249999996275, 4.149997711181641]}, {"attributes": [1308622850, 149, 29, "V", "Village Type Development", null, 47915.31], "links": [[1308622859, 1308622860, 1308622861, 1308622862, 1308622874, 1308622869, 1308622867, 1308622866, 1308622864, 1308622863, 1308622871, 1308622870, 1308622868, 1308622865, 1308623105, 1308623106, 1308623101, 1308623100, 1308622876, 1308622881, 1308622883, 1308622884, 1308622885, 1308622886, 1308622887, 1308622888, 1308622891, 1308622892, 1308622894, 1308622896, 1308622897, 1308622898, 1308622899, 1308622902, 1308622903, 1308622904, 1308622906, 1308622907, 1308622908, 1308622909, 1308622911, 1308622913, 1308622915, 1308622916, 1308622917, 1308622918, 1308622919, 1308622920, 1308622921, 1308622922, 1308622923, 1308622924, 1308622925, 1308622926, 1308622927, 1308622928, 1308622929, 1308622930, 1308622931, 1308622932, 1308622933, 1308622934, 1308622935, 1308622936, 1308622937, 1308622938, 1308622939, 1308622940, 1308622941, 1308622942, 1308622943, 1308622944, 1308622945, 1308622946, 1308622947, 1308622948, 1308622949, 1308622950, 1308622951, 1308622952, 1308622953, 1308622954, 1308622955, 1308622956, 1308622957, 1308622958, 1308622959, 1308622960, 1308622961, 1308622962, 1308622963, 1308622964, 1308622965, 1308622966, 1308622967, 1308622968, 1308622969, 1308622970, 1308622971, 1308622972, 1308622973, 1308622974, 1308622975, 1308622976, 1308622977, 1308622979, 1308622980, 1308622981, 1308622982, 1308622983, 1308622984, 1308622985, 1308623064, 1308623065, 1308623066, 1308623067, 1308623068, 1308623069, 1308623080, 1308623081, 1308623082, 1308623083, 1308623084, 1308623103, 1308623104, 1308623114, 1308623115, 1308623116, 1308623117, 1308623099, 1308623098, 1308623085, 1308622848, 1308622852, 1308623107, 1308623111, 1308623112, 1308623113, 1308623096, 1308623095, 1308623071, 1308622914, 1308622912, 1308622900, 1308622890, 1308622879, 1308622877]], "coordinate": [1.9938108227263294, 0.39022282227471866, -4945.2001953125], "halfSize": [183.99750000005588, 158.35049999970943, 5054.7001953125]}, {"attributes": [1308622851, 149, 24, "REC", "Recreation", null, 54512.4], "links": [[1308623016, 1308623017, 1308623020, 1308623025, 1308623027, 1308623028, 1308623029, 1308623032, 1308623041, 1308623042, 1308623058]], "coordinate": [1.9938703517664484, 0.3901557047410831, -4981.25], "halfSize": [155.31649999972433, 170.0035000005737, 5018.650390625]}, {"attributes": [1308622852, 149, 29, "V", "Village Type Development", null, 2834.76], "links": [[1308622989, 1308622990, 1308622986, 1308622991]], "coordinate": [1.993878519619847, 0.3901983126042848, 40.79999923706055], "halfSize": [34.69799999985844, 40.563000000081956, 7.0]}, {"attributes": [1308622853, 149, 29, "V", "Village Type Development", null, 2818.6], "links": [[1308623040, 1308623044, 1308623045, 1308623046, 1308623047, 1308623049, 1308623050, 1308623051, 1308623052]], "coordinate": [1.9938864441600235, 0.3901436346046327, 22.900001525878906], "halfSize": [53.162000000011176, 26.47800000011921, 2.8000001907348633]}, {"attributes": [1308622854, 149, 3, "CA", "Conservation Area", null, 244256.67], "links": [[1306525698, 1308623059, 1306525762, 1306525764, 1306525771, 1306525772, 1306525773, 1306525826, 1306525778, 1306525777, 1306525776, 1306525775, 1306525774]], "coordinate": [1.9937948686479583, 0.3901448969523533, 83.6500015258789], "halfSize": [214.04300000006333, 718.2439999999478, 19.150001525878906]}, {"attributes": [1308622855, 149, 8, "GB", "Green Belt", null, 397983.08], "links": [[1308622873, 1308622872, 1308623013, 1308623012, 1373634716, 1373634719, 1373634733, 1308623063, 1308623091, 1308623090, 1306525699, 1306525700, 1306525701, 1306525818, 1306525742, 1306525736, 1306525721, 1306525725, 1306525726, 1306525731, 1306525732, 1306525734, 1308622987, 1308622988, 1308623006, 1308623008, 1308623009, 1308623011, 1308623014, 1308623118, 1308622875, 1308623018, 1308623019, 1308623026, 1308623030, 1308623060, 1308623061, 1308623062, 1306525697, 1306525825]], "coordinate": [1.9939050444308182, 0.39015997654472134, 62.75], "halfSize": [756.3700000001118, 564.2554999999702, 47.650001525878906]}, {"attributes": [1308622856, 149, 29, "V", "Village Type Development", null, 8513.92], "links": [[1308622849, 1308622850, 1308622851, 1308622853, 1308622854, 1308622855, 1308622856, 1308622857, 1308622878, 1308622880, 1308622882, 1308622889, 1308622893, 1308622895, 1308622901, 1308622910, 1308623073, 1308623074, 1308623075, 1308623076, 1308623077, 1308623078, 1308623079, 1308623102, 1308623094, 1308623089, 1308623088, 1308623087, 1308623086]], "coordinate": [1.9938645769929186, 0.3902296503345126, 88.5], "halfSize": [78.32799999974668, 56.857499999925494, 12.5]}, {"attributes": [1308622857, 149, 0, "AGR", "Agriculture", null, 174707.62], "links": [[1308623097, 1308623015, 1375733724, 1375733727, 1375733728, 1375733729, 1375733730, 1375733731, 1375733732, 1375733733, 1375733734, 1375733735, 1375733736, 1375733737, 1375733742, 1375733743, 1375733765, 1375733770, 1375733783, 1373635443, 1375733784, 1375733792, 1375733805, 1375733808, 1375733810, 1375733811, 1375733823, 1375733824, 1375733825, 1375733826, 1375733827, 1375733828, 1375733829, 1375733830, 1375733831, 1375733832, 1375733833, 1373635482, 1373634632, 1373635442, 1373635444, 1373635445, 1373635478, 1373635483, 1373635484, 1373635485, 1308623021, 1308623022, 1308623023, 1308623024, 1308623031, 1308623033, 1308623034, 1308623035, 1308623036, 1308623037, 1308623038, 1308623039, 1308623043, 1308623048, 1308623108, 1308623072, 1308623070, 1306525717, 1306525743]], "coordinate": [1.993910695198766, 0.3901275076822911, 25.80000114440918], "halfSize": [545.0625, 298.50699999928474, 17.100000381469727]}]}