{"features": [{"attributes": [1314914304, 125, 7, "G/IC", "Government, Institution or Community", null, 6409.42], "links": [[1314914446, 1314914447, 1314914448, 1314914449]], "coordinate": [1.9936405077410297, 0.39097444233852435, 17.149999618530273], "halfSize": [66.02897999994457, 44.42051499988884, 3.75]}, {"attributes": [1314914305, 125, 19, "R(A)1", "Residential (Group A)1", null, 73109.3], "links": [[1314914375, 1247805548, 1247805550, 1314914372, 1247805558, 1247805565, 1247805567, 1247805571, 1314914376, 1314914378, 1314914380, 1314914381, 1314914382, 1314914404, 1314914397, 1314914396, 1314914390, 1314914388, 1314914387, 1314914386, 1314914385, 1314914384, 1247805578, 1314914379, 1247805582, 1247805585, 1314914383]], "coordinate": [1.993591996275545, 0.3910212272088854, 46.04999923706055], "halfSize": [249.17002999968827, 215.37447500042617, 40.64999771118164]}, {"attributes": [1314914306, 125, 29, "V", "Village Type Development", null, 15023.86], "links": [[]], "coordinate": [1.993856195012844, 0.39105971316948945, 4999.9501953125], "halfSize": [84.539000000339, 82.00149000063539, -4999.9501953125]}, {"attributes": [1314914307, 125, 8, "GB", "Green Belt", null, 3060436.4], "links": [[1317011467, 1317011464, 1317011478, 1317011486, 1317011493, 1317011496, 1317011498, 1317011499, 1317011500, 1317011522, 1317011519, 1317011518, 1317011516, 1317011515, 1317011514, 1317011513, 1317011510, 1317011507, 1317011506, 1317011501, 1317011487, 1317011492, 1317011495, 1317011497, 1317011555, 1317011548, 1317011544, 1317011553, 1317011574, 1317011575, 1317011577, 1317011578, 1317011579, 1317011580, 1317011673, 1317011681, 1317011591, 1317011590, 1317011589, 1317011588, 1317011587, 1317011586, 1317011585, 1317011584, 1317011583, 1317011582, 1317011581, 1317011573, 1317011576, 1382023177, 1314914394, 1314914398, 1314914461, 1314914468, 1314914411, 1314914410, 1314914409, 1314914408, 1314914407, 1314914406, 1314914405, 1314914403, 1314914402, 1314914401, 1314914399, 1317011700, 1317011701, 1317011613, 1317011612, 1317011640, 1317011639, 1317011635, 1317011621, 1317011620, 1317011619, 1317011618, 1317011617, 1317011596, 1317011598, 1317011599, 1317011600, 1317011678, 1317011677, 1317011648, 1317011611, 1317011610, 1317011609, 1317011608, 1317011607, 1317011606, 1317011605, 1317011603, 1317011592, 1317011593, 1317011594, 1317011595, 1317011597, 1317011647, 1317011650, 1317011649, 1317011604, 1317011602, 1317011601, 1314914313, 1314914317, 1314914325, 1314914327, 1314914330, 1314914331, 1314914332, 1314914333, 1314914400, 1314914395, 1314914391, 1314914373, 1314914453, 1314914393, 1314914392, 1314914389, 1314914377, 1314914374, 1314914413, 1314914437, 1314914438, 1314914440, 1314914443, 1314914451, 1314914460, 1314914427, 1314914412, 1314914414, 1314914415, 1314914416, 1314914417, 1314914418, 1314914419, 1314914420, 1314914421, 1314914422, 1314914423, 1314914424, 1314914425, 1314914439, 1314914441, 1314914442, 1314914444, 1314914445, 1314914466, 1314914465, 1314914436, 1314914435, 1314914434, 1314914433, 1314914432, 1314914431, 1314914430, 1314914429, 1314914428, 1314914426, 1312817154]], "coordinate": [1.9938221592955463, 0.39104437713552487, 181.0500030517578], "halfSize": [1430.2730000000447, 1773.869970000349, 109.05000305175781]}, {"attributes": [1314914308, 125, 8, "GB", "Green Belt", null, 648.95], "links": [[]], "coordinate": [1.9936113575466143, 0.39099559397132944, 4999.9501953125], "halfSize": [20.85729999979958, 23.703639999963343, -4999.9501953125]}, {"attributes": [1314914309, 125, 16, "OU", "Other Specified Uses", "SEWAGE TREATMENT WORKS", 4886.87], "links": [[]], "coordinate": [1.9936219782863442, 0.3909837405914891, 4999.9501953125], "halfSize": [55.21451500011608, 69.83275500033051, -4999.9501953125]}, {"attributes": [1314914310, 164, 8, "GB", "Green Belt", null, 74506.95], "links": [[]], "coordinate": [1.9936279314918477, 0.39094166448523193, 4999.9501953125], "halfSize": [151.71712499996647, 231.25646500010043, -4999.9501953125]}, {"attributes": [1314914311, 164, 16, "OU", "Other Specified Uses", "SEWAGE TREATMENT  WORKS", 3132.75], "links": [[]], "coordinate": [1.993615700820541, 0.39098342347669274, 4999.9501953125], "halfSize": [33.906935000326484, 42.71363000012934, -4999.9501953125]}]}