{"features": [{"attributes": [1323302912, 57, 26, "SSSI", "Site of Special Scientific Interest", null, 19550.32], "links": [[]], "coordinate": [1.9936046232574636, 0.3918265628178484, 4999.9501953125], "halfSize": [122.84299999987707, 115.14599999971688, -4999.9501953125]}, {"attributes": [1323302913, 57, 26, "SSSI", "Site of Special Scientific Interest", null, 851.69], "links": [[]], "coordinate": [1.9936382797231416, 0.39188296577854603, 4999.9501953125], "halfSize": [16.405999999959022, 16.531000000424683, -4999.9501953125]}, {"attributes": [1323302914, 57, 5, "CP", "Country Park", null, 490733.14], "links": [[]], "coordinate": [1.9936659381480852, 0.3918931071028732, 4999.9501953125], "halfSize": [594.125500000082, 553.0964999999851, -4999.9501953125]}]}