{"features": [{"attributes": [1325400064, 79, 24, "REC", "Recreation", null, 21946.21], "links": [[1325400362, 1325400448]], "coordinate": [1.9936363676149653, 0.39221734542352005, 15.550000190734863], "halfSize": [164.74000000022352, 67.7445000000298, 8.65000057220459]}, {"attributes": [1325400065, 79, 29, "V", "Village Type Development", null, 127750.01], "links": [[1327497321, 1327497324, 1327497330, 1327497331, 1327497332, 1327497333, 1327497334, 1327497339, 1327497340, 1327497341, 1327497342, 1327497343, 1327497345, 1327497346, 1327497347, 1327497349, 1327497350, 1327497351, 1327497352, 1327497357, 1327497358, 1327497359, 1327497361, 1327497362, 1327497365, 1327497366, 1327497367, 1327497368, 1327497370, 1327497372, 1327497374, 1327497376, 1327497377, 1327497378, 1327497379, 1327497382, 1327497383, 1327497384, 1327497387, 1327497390, 1327497394, 1327497397, 1327497398, 1327497399, 1327497402, 1327497407, 1327497410, 1327497415, 1327497427, 1327497433, 1327497445, 1327497447, 1325400064, 1325400065, 1325400069, 1325400070, 1325400073, 1325400078, 1325400082, 1325400089, 1325400097, 1325400105, 1325400106, 1325400108, 1325400110, 1325400112, 1325400115, 1325400116, 1325400118, 1325400127, 1325400131, 1327497474, 1327497489, 1327497510, 1327497515, 1327497518, 1325400493, 1325400495, 1325400497, 1327497527, 1325400552, 1327497568, 1327497572, 1327497586, 1325400608, 1327497582, 1327497581, 1327497580, 1325400599, 1327497578, 1327497542, 1327497539, 1327497538, 1327497537, 1327497301, 1327497320, 1327497322, 1327497326, 1327497328, 1327497329, 1327497335, 1327497338, 1327497353, 1327497354, 1327497356, 1327497360, 1327497364, 1327497380, 1327497381, 1327497385, 1327497389, 1327497393, 1327497395, 1327497396, 1327497401, 1327497412, 1327497413, 1327497414, 1327497416, 1327497418, 1327497420, 1327497422, 1327497424, 1327497425, 1327497428, 1327497432, 1327497435, 1327497440, 1327497441, 1327497443, 1325400067, 1325400068, 1325400072, 1325400076, 1325400079, 1325400085, 1325400093, 1325400098, 1325400099, 1325400101, 1325400102, 1325400111, 1325400113, 1325400121, 1325400122, 1325400129, 1325400133, 1327497476, 1327497481, 1327497482, 1327497485, 1327497487, 1327497492, 1327497493, 1327497498, 1327497500, 1327497501, 1327497502, 1327497503, 1327497504, 1327497508, 1327497509, 1327497511, 1327497512, 1327497514, 1327497516, 1327497517, 1327497519, 1325400491, 1325400498, 1325400542, 1327497528, 1325400547, 1327497558, 1327497567, 1327497579, 1325400564, 1327497551, 1327497545, 1327497544, 1327497543, 1325400560, 1325400137, 1325400158, 1325400162, 1325400164, 1325400173, 1325400178, 1325400197, 1325400202, 1325400501, 1325400504, 1325400507, 1325400509, 1325400512, 1325400517, 1325400541, 1325400134, 1325400135, 1325400136, 1325400138, 1325400139, 1325400140, 1325400143, 1325400144, 1325400160, 1325400172, 1325400175, 1325400176, 1325400177, 1325400179, 1325400187, 1325400188, 1325400200, 1325400201, 1325400203, 1325400205, 1325400216, 1325400221, 1325400224, 1325400226, 1325400227, 1325400229, 1325400230, 1325400233, 1325400235, 1325400236, 1325400237, 1325400238, 1325400239, 1325400241, 1325400242, 1325400243, 1325400244, 1325400258, 1325400262, 1325400264, 1325400266, 1325400267, 1325400270, 1325400273, 1325400275, 1325400277, 1325400279, 1325400281, 1325400282, 1325400283, 1325400288, 1325400290, 1325400292, 1325400294, 1325400295, 1325400298, 1325400302, 1325400305, 1325400308, 1325400309, 1325400314, 1325400317, 1325400321, 1325400324, 1325400328, 1325400332, 1325400336, 1325400337, 1325400338, 1325400345, 1325400350, 1325400511, 1325400513, 1325400515, 1325400516, 1325400540, 1325400548, 1325400566, 1325400570, 1325400577, 1325400591, 1325400609, 1325400595, 1325400558, 1327497336, 1327497337, 1327497371, 1327497392, 1327497400, 1327497404, 1327497405, 1327497406, 1327497417, 1327497419, 1327497423, 1327497426, 1327497429, 1327497431, 1327497436, 1327497437, 1327497438, 1327497439, 1327497442, 1327497448, 1325400066, 1325400071, 1325400081, 1325400086, 1325400088, 1325400092, 1325400096, 1325400100, 1325400103, 1325400107, 1325400124, 1325400130, 1325400492, 1325400496, 1327497520, 1327497531, 1327497557, 1327497403, 1327497408, 1327497434, 1327497444, 1327497446, 1325400095, 1325400123, 1327497554, 1327497559, 1325400145, 1325400146, 1325400154, 1325400157, 1325400163, 1325400165, 1325400166, 1325400169, 1325400170, 1325400171, 1325400174, 1325400181, 1325400183, 1325400185, 1325400186, 1325400190, 1325400192, 1325400193, 1325400194, 1325400195, 1325400204, 1325400207, 1325400208, 1325400211, 1325400212, 1325400217, 1325400219, 1325400220, 1325400223, 1325400225, 1325400234, 1325400240, 1325400245, 1325400246, 1325400248, 1325400249, 1325400250, 1325400251, 1325400254, 1325400259, 1325400261, 1325400271, 1325400272, 1325400274, 1325400276, 1325400280, 1325400284, 1325400285, 1325400286, 1325400287, 1325400289, 1325400296, 1325400299, 1325400301, 1325400304, 1325400306, 1325400310, 1325400311, 1325400315, 1325400316, 1325400320, 1325400322, 1325400329, 1325400333, 1325400339, 1325400343, 1325400344, 1325400351, 1325400352, 1325400354, 1325400355, 1325400357, 1325400359, 1325400360, 1325400366, 1325400369, 1325400370, 1325400371, 1325400373, 1325400375, 1325400376, 1325400381, 1325400382, 1325400391, 1325400392, 1325400397, 1325400399, 1325400400, 1325400401, 1325400402, 1325400413, 1325400414, 1325400415, 1325400416, 1325400417, 1325400419, 1325400420, 1325400422, 1325400423, 1325400427, 1325400431, 1325400434, 1325400438, 1325400439, 1325400442, 1325400443, 1325400446, 1325400450, 1325400460, 1325400461, 1325400500, 1325400505, 1325400510, 1325400514, 1325400519, 1325400520, 1325400521, 1325400522, 1325400523, 1325400528, 1325400534, 1325400538, 1325400544, 1325400545, 1325400546, 1325400555, 1325400557, 1325400568, 1325400569, 1325400572, 1325400598, 1325400602, 1325400589, 1325400588, 1325400587, 1325400586, 1325400579, 1325400578, 1325400576, 1325400141, 1325400148, 1325400182, 1325400196, 1325400199, 1325400218, 1325400247, 1325400252, 1325400257, 1325400265, 1325400278, 1325400291, 1325400313, 1325400323, 1325400325, 1325400326, 1325400327, 1325400364, 1325400368, 1325400377, 1325400379, 1325400383, 1325400388, 1325400393, 1325400405, 1325400406, 1325400407, 1325400408, 1325400409, 1325400412, 1325400421, 1325400424, 1325400428, 1325400429, 1325400432, 1325400433, 1325400441, 1325400444, 1325400449, 1325400452, 1325400454, 1325400455, 1325400464, 1325400465, 1325400466, 1325400503, 1325400506, 1325400508, 1325400518, 1325400530, 1325400532, 1325400533, 1325400553, 1325400554, 1325400590, 1325400582, 1325400581]], "coordinate": [1.993723885529544, 0.3922377809693594, 21.200000762939453], "halfSize": [371.4849999998696, 160.9320000000298, 17.0]}, {"attributes": [1325400066, 79, 14, "O", "Open Space", null, 15138.72], "links": [[1325400604, 1325400605, 1325400606]], "coordinate": [1.9936710486143738, 0.3921987209193131, 7.149999618530273], "halfSize": [228.8560000001453, 131.96442536573159, 3.549999952316284]}, {"attributes": [1325400067, 79, 14, "O", "Open Space", null, 23988.51], "links": [[1258292072]], "coordinate": [1.9935959891267923, 0.39217537656811885, 8.600000381469727], "halfSize": [211.3450000002049, 184.20600000023842, 4.699999809265137]}, {"attributes": [1325400068, 79, 3, "CA", "Conservation Area", null, 48738.16], "links": [[1325400231]], "coordinate": [1.993770168146073, 0.3922163835098894, 8.399999618530273], "halfSize": [160.88499999977648, 170.5065000001341, 4.099999904632568]}]}