{"features": [{"attributes": [1348468736, 8, 6, "CPA", "Coastal Protection Area", null, 183257.67], "links": [[]], "coordinate": [1.9940427862321617, 0.387189456641125, 4999.9501953125], "halfSize": [682.8410000000149, 638.6834999993443, -4999.9501953125]}, {"attributes": [1348468737, 8, 8, "GB", "Green Belt", null, 1007950.66], "links": [[1281359872]], "coordinate": [1.9940427312459568, 0.38719758372727614, 34.5], "halfSize": [644.628500000108, 551.2410000003874, 6.0]}]}