{"features": [{"attributes": [1354760192, 33, 8, "GB", "Green Belt", null, 18696.77], "links": [[]], "coordinate": [1.9941701797365772, 0.38791399590092385, 4999.9501953125], "halfSize": [144.06950000021607, 56.68400000035763, -4999.9501953125]}, {"attributes": [1354760193, 33, 6, "CPA", "Coastal Protection Area", null, 15576.33], "links": [[]], "coordinate": [1.9941675629456037, 0.3879145606727089, 4999.9501953125], "halfSize": [179.06300000008196, 77.0, -4999.9501953125]}, {"attributes": [1354760194, 33, 21, "R(C)1", "Residential (Group C)1", null, 35469.0], "links": [[1354760193, 1354760195, 1354760196, 1354760197, 1354760439, 1354760445, 1354760454, 1354760467, 1354760499, 1354760509, 1354760512, 1354760515, 1354760516, 1354760517, 1354760539, 1354760538, 1354760537, 1354760533, 1354760531, 1354760530, 1354760529, 1354760524, 1354760521, 1354760520, 1354760519, 1354760194, 1354760354, 1354760365, 1354760372, 1354760375, 1354760393, 1354760397, 1354760401, 1354760402, 1354760404, 1354760413, 1354760419, 1354760422, 1354760431, 1354760432, 1354760442, 1354760459, 1354760472, 1354760474, 1354760480, 1354760482, 1354760487, 1354760493, 1354760504, 1354760505, 1354760507, 1354760508, 1354760514, 1354760518, 1354760522, 1354760525, 1354760527, 1354760528, 1354760534, 1354760535, 1354760536, 1354760540, 1354760634, 1354760635, 1354760594, 1354760582, 1354760574, 1354760558, 1354760556, 1354760553, 1354760549, 1354760547, 1354760545, 1354760543, 1354760587, 1354760593, 1354760595, 1354760596, 1354760597, 1354760598, 1354760599, 1354760600, 1354760601, 1354760602, 1354760555, 1354760552, 1354760548, 1354760546, 1354760542, 1354760541]], "coordinate": [1.994116777552333, 0.38797681080025254, 21.650001525878906], "halfSize": [133.5869999998249, 112.53149999957532, 17.25]}, {"attributes": [1354760195, 33, 7, "G/IC", "Government, Institution or Community", null, 22745.85], "links": [[1354760303, 1354760311, 1354760398, 1354760408, 1354760427, 1354760435, 1354760444, 1354760448, 1354760450, 1354760586, 1354760588, 1354760589, 1354760610, 1354760611, 1354760612, 1354760613, 1354760614, 1354760615, 1354760616, 1354760617, 1354760618, 1354760619, 1354760632, 1354760636, 1354760637, 1354760638, 1354760639, 1354760640, 1354760641, 1354760642, 1354760652, 1354760651, 1354760650, 1354760649, 1354760648, 1354760647, 1354760646, 1354760644, 1354760643, 1354760630, 1354760629, 1354760628, 1354760627, 1354760626, 1354760625, 1354760624, 1354760623, 1354760622, 1354760420, 1354760447, 1354760501, 1354760526, 1354760665, 1354760664, 1354760315, 1354760302, 1354760266]], "coordinate": [1.9940413460417559, 0.3879891577212099, 9.199999809265137], "halfSize": [116.74299999978393, 106.14549999963492, 6.800000190734863]}, {"attributes": [1354760196, 33, 8, "GB", "Green Belt", null, 25839.86], "links": [[]], "coordinate": [1.994185027433011, 0.38798892982481537, 4999.9501953125], "halfSize": [149.69799999985844, 83.50999999977648, -4999.9501953125]}, {"attributes": [1354760197, 33, 7, "G/IC", "Government, Institution or Community", null, 8889.15], "links": [[1354760198, 1354760199, 1356857402, 1356857403, 1354760201, 1354760205, 1354760207, 1354760208, 1354760209, 1354760210, 1354760211, 1354760212, 1354760213, 1354760215, 1354760216, 1354760217, 1354760218, 1354760222, 1354760227, 1354760230, 1354760239, 1354760242, 1354760669, 1354760670]], "coordinate": [1.9940644408422366, 0.38800841481746434, 11.100000381469727], "halfSize": [70.41050000023097, 61.463999999687076, 5.5]}, {"attributes": [1354760198, 33, 21, "R(C)4", "Residential (Group C)4", null, 1970.12], "links": [[1354760573]], "coordinate": [1.99400993627952, 0.3879864497151313, 37.75], "halfSize": [30.219000000040978, 30.25, 2.8499984741210938]}, {"attributes": [1354760199, 33, 21, "R(C)4", "Residential (Group C)4", null, 3893.12], "links": [[1354760554]], "coordinate": [1.994008868282032, 0.3879669158713866, 51.69999694824219], "halfSize": [46.59349999995902, 50.625, 4.399999618530273]}, {"attributes": [1354760200, 33, 21, "R(C)4", "Residential (Group C)4", null, 1997.98], "links": [[1354760271]], "coordinate": [1.994013443477913, 0.3879959050617663, 31.100000381469727], "halfSize": [32.28099999995902, 30.375, 1.3999996185302734]}, {"attributes": [1354760201, 33, 29, "V", "Village Type Development", null, 24445.07], "links": [[1354760220, 1354760228, 1354760235, 1354760238, 1354760252, 1354760263, 1354760269, 1354760270, 1354760280, 1354760288, 1354760290, 1354760293, 1354760294, 1354760295, 1354760300, 1354760307, 1354760318, 1354760322, 1354760323, 1354760330, 1354760335, 1354760337, 1354760340, 1354760341, 1354760342, 1354760345, 1354760346, 1354760347, 1354760348, 1354760350, 1354760352, 1354760353, 1354760357, 1354760358, 1354760362, 1354760364, 1354760367, 1354760368, 1354760370, 1354760371, 1354760374, 1354760376, 1354760377, 1354760379, 1354760380, 1354760381, 1354760382, 1354760385, 1354760386, 1354760387, 1354760389, 1354760390, 1354760394, 1354760395, 1354760399, 1354760403, 1354760405, 1354760406, 1354760409, 1354760410, 1354760415, 1354760416, 1354760417, 1354760418, 1354760421, 1354760423, 1354760424, 1354760426, 1354760429, 1354760430, 1354760433, 1354760434, 1354760436, 1354760440, 1354760443, 1354760446, 1354760452, 1354760453, 1354760455, 1354760456, 1354760458, 1354760461, 1354760462, 1354760463, 1354760464, 1354760465, 1354760466, 1354760468, 1354760469, 1354760470, 1354760471, 1354760473, 1354760475, 1354760476, 1354760477, 1354760478, 1354760479, 1354760481, 1354760483, 1354760486, 1354760488, 1354760489, 1354760490, 1354760491, 1354760492, 1354760494, 1354760495, 1354760496, 1354760498, 1354760500, 1354760502, 1354760503, 1354760506, 1354760510, 1354760577, 1354760579, 1354760592, 1354760607, 1354760608, 1354760633, 1354760657, 1354760658, 1354760659, 1354760660, 1354760661, 1354760662, 1354760672, 1354760653, 1354760192, 1354760214, 1354760219, 1354760221, 1354760223, 1354760224, 1354760225, 1354760226, 1354760229, 1354760231, 1354760232, 1354760233, 1354760234, 1354760236, 1354760237, 1354760240, 1354760241, 1354760243, 1354760244, 1354760245, 1354760246, 1354760247, 1354760248, 1354760249, 1354760250, 1354760251, 1354760253, 1354760254, 1354760256, 1354760257, 1354760258, 1354760259, 1354760260, 1354760262, 1354760264, 1354760265, 1354760267, 1354760268, 1354760272, 1354760273, 1354760274, 1354760275, 1354760276, 1354760277, 1354760278, 1354760279, 1354760281, 1354760282, 1354760283, 1354760284, 1354760285, 1354760286, 1354760287, 1354760289, 1354760291, 1354760292, 1354760296, 1354760297, 1354760299, 1354760301, 1354760304, 1354760305, 1354760306, 1354760308, 1354760309, 1354760310, 1354760312, 1354760313, 1354760314, 1354760316, 1354760319, 1354760320, 1354760321, 1354760325, 1354760326, 1354760327, 1354760328, 1354760329, 1354760331, 1354760332, 1354760333, 1354760334, 1354760336, 1354760338, 1354760339, 1354760343, 1354760344, 1354760349, 1354760351, 1354760355, 1354760356, 1354760359, 1354760360, 1354760361, 1354760363, 1354760366, 1354760369, 1354760373, 1354760378, 1354760383, 1354760384, 1354760388, 1354760391, 1354760392, 1354760396, 1354760400, 1354760407, 1354760414, 1354760425, 1354760428, 1354760441, 1354760449, 1354760559, 1354760560, 1354760562, 1354760564, 1354760570, 1354760578, 1354760581, 1354760583, 1354760584, 1354760585]], "coordinate": [1.9940785668738406, 0.38799050163062077, 10.5], "halfSize": [125.24150000000373, 84.53199999965727, 7.399999618530273]}, {"attributes": [1354760202, 33, 14, "O", "Open Space", null, 38347.89], "links": [[1354760437, 1354760438, 1354760451, 1354760457, 1354760460, 1354760485, 1354760497, 1354760511, 1354760523, 1354760609, 1354760620, 1354760655, 1354760656, 1354760621, 1354760550, 1354760671, 1354760654]], "coordinate": [1.9940588200668878, 0.3879642177387139, 10.050000190734863],