{"features": [{"attributes": [1382023168, 60, 29, "V", "Village Type Development", null, 1774.0], "links": [[1382023171, 1382023172, 1382023173, 1382023174, 1382023175, 1382023176, 1379926040]], "coordinate": [1.994249528776952, 0.3908355475342056, 93.5], "halfSize": [39.006999999750406, 26.067999999970198, 7.0]}, {"attributes": [1382023169, 60, 0, "AGR", "Agriculture", null, 26762.45], "links": [[1382023170]], "coordinate": [1.9942611061143964, 0.3908438352113722, 99.4000015258789], "halfSize": [97.41800000006333, 144.23650000058115, 4.099998474121094]}, {"attributes": [1382023170, 73, 29, "V", "Village Type Development", null, 30900.38], "links": [[1382023178, 1382023179, 1382023180, 1382023181, 1382023182, 1382023183, 1382023195, 1382023196, 1382023197, 1382023200, 1382023194, 1382023193, 1382023192, 1382023191, 1382023190, 1382023189, 1382023188, 1382023187, 1382023186, 1382023185, 1382023184]], "coordinate": [1.9943187134826053, 0.39104277229251044, 210.85000610351562], "halfSize": [99.36150000011548, 146.39649999979883, 6.349998474121094]}, {"attributes": [1382023171, 73, 3, "CA", "Conservation Area", null, 141425.8], "links": [[]], "coordinate": [1.994312087041004, 0.390998358378194, 4999.9501953125], "halfSize": [290.56050000013784, 421.8914999999106, -4999.9501953125]}]}