{"features": [{"attributes": [1384120320, 73, 3, "CA", "Conservation Area", null, 101934.9], "links": [[1384120384, 1384120457]], "coordinate": [1.9942337092929685, 0.39126949647511994, 57.0], "halfSize": [194.8939999998547, 365.5608749995008, 8.599998474121094]}, {"attributes": [1384120321, 73, 8, "GB", "Green Belt", null, 161837.28], "links": [[1451229513, 1451229480, 1451229468, 1451229456, 1451229510, 1451229389, 1451229388, 1386218426, 1384120448, 1384120447, 1384120445, 1384120453, 1451229347, 1451229352, 1451229454, 1451229509]], "coordinate": [1.9943378965414493, 0.39129820610266314, 33.04999923706055], "halfSize": [401.45950000034645, 590.7760000005364, 18.25]}, {"attributes": [1384120322, 73, 29, "V", "Village Type Development", null, 28142.65], "links": [[1386218242, 1386218243, 1386218244, 1386218245, 1386218246, 1386218247, 1386218248, 1386218249, 1386218250, 1386218251, 1386218252, 1386218253, 1386218254, 1386218255, 1386218256, 1384120320, 1384120321, 1384120322, 1384120323, 1384120324, 1384120325, 1384120326, 1384120327, 1384120328, 1384120329, 1384120330, 1384120333, 1384120334, 1384120337, 1384120338, 1386218289, 1386218291, 1386218295, 1384120459, 1384120456, 1384120454, 1386218363, 1386218362, 1384120452, 1386218339, 1386218332, 1386218318, 1386218317, 1384120442, 1384120441, 1384120343]], "coordinate": [1.9942610228677293, 0.39130431983087616, 50.349998474121094], "halfSize": [81.11200000019744, 109.11149999964982, 10.55000114440918]}]}