{"features": [{"attributes": [1388314624, 125, 3, "CA", "Conservation Area", null, 80172.75], "links": [[]], "coordinate": [1.9939633201671998, 0.39153530318309376, 4999.9501953125], "halfSize": [236.91800000006333, 332.51950000040233, -4999.9501953125]}]}