{"features": [{"attributes": [1398800384, 75, 29, "V", "Village Type Development", null, 12308.13], "links": [[1398800398, 1398800388, 1398800399, 1398800400, 1398800401, 1398800402, 1398800405, 1398800397, 1398800396, 1398800395, 1398800394, 1398800393, 1398800392, 1398800391, 1398800390, 1398800389]], "coordinate": [1.9939987250200346, 0.392763639676523, 103.35000610351562], "halfSize": [68.37900000018999, 71.41349999979138, 4.950000762939453]}, {"attributes": [1398800385, 75, 3, "CA", "Conservation Area", null, 793205.42], "links": [[1398800386, 1398800387, 1398800403, 1398800404]], "coordinate": [1.994015855220449, 0.3927918775316202, 106.25], "halfSize": [886.2369999997318, 636.124499999918, 5.150001525878906]}]}