{"features": [{"attributes": [1400897536, 49, 29, "V", "Village Type Development", null, 5896.55], "links": [[1400897687, 1400897694, 1400897695, 1400897696, 1400897697, 1400897678]], "coordinate": [1.9942020447737137, 0.3929958595611699, 128.4499969482422], "halfSize": [43.467000000178814, 41.791000000201166, 6.850002288818359]}, {"attributes": [1400897537, 49, 29, "V", "Village Type Development", null, 25994.92], "links": [[1400897539, 1400897579, 1400897685, 1400897657, 1400897646, 1400897643, 1400897633, 1400897623, 1400897615, 1400897614, 1400897589, 1400897585, 1400897536, 1400897537, 1400897538, 1400897540, 1400897541, 1400897542, 1400897543, 1400897545, 1400897546, 1400897547, 1400897548, 1400897549, 1400897550, 1400897551, 1400897552, 1400897553, 1400897555, 1400897557, 1400897558, 1400897559, 1400897560, 1400897561, 1400897562, 1400897563, 1400897564, 1400897565, 1400897566, 1400897567, 1400897568, 1400897570, 1400897571, 1400897572, 1400897573, 1400897575, 1400897576, 1400897578, 1400897580, 1400897582, 1400897583, 1400897584, 1400897586, 1400897587, 1400897588, 1400897590, 1400897591, 1400897592, 1400897593, 1400897594, 1400897595, 1400897596, 1400897597, 1400897598, 1400897599, 1400897600, 1400897601, 1400897602, 1400897603, 1400897604, 1400897605, 1400897606, 1400897607, 1400897608, 1400897609, 1400897610, 1400897611, 1400897612, 1400897613, 1400897616, 1400897617, 1400897618, 1400897619, 1400897620, 1400897621, 1400897622, 1400897624, 1400897625, 1400897626, 1400897627, 1400897628, 1400897629, 1400897630, 1400897631, 1400897632, 1400897634, 1400897635, 1400897636, 1400897637, 1400897638, 1400897639, 1400897640, 1400897641, 1400897642, 1400897654, 1400897655, 1400897656, 1400897658, 1400897659, 1400897660, 1400897682, 1400897683, 1400897684, 1400897686, 1400897698, 1400897699, 1400897703, 1400897705, 1400897706, 1400897707, 1400897708, 1400897693, 1400897690, 1400897689, 1400897688, 1400897653, 1400897652, 1400897651, 1400897650, 1400897649, 1400897648, 1400897647, 1400897645, 1400897644]], "coordinate": [1.9942014443082936, 0.3931654089767805, 15.100000381469727], "halfSize": [155.35550000006333, 79.44049999956042, 10.899999618530273]}, {"attributes": [1400897538, 49, 3, "CA", "Conservation Area", null, 91631.38], "links": [[]], "coordinate": [1.9943112807080483, 0.39311621234013444, 4999.9501953125], "halfSize": [134.73849999997765, 265.60449999943376, -4999.9501953125]}, {"attributes": [1400897539, 49, 8, "GB", "Green Belt", null, 105346.01], "links": [[1400897662, 1400897663, 1400897664, 1400897665, 1400897666, 1400897667, 1400897668, 1400897669]], "coordinate": [1.9943013033969295, 0.39308810797509475, 9.050000190734863], "halfSize": [229.49550000019372, 350.96749999932945, 5.050000190734863]}, {"attributes": [1400897540, 49, 29, "V", "Village Type Development", null, 10888.97], "links": [[1400897692, 1400897702, 1400897701, 1400897700, 1400897681, 1400897675]], "coordinate": [1.9941505711988035, 0.39302671524083027, 102.5999984741211], "halfSize": [53.07200000016019, 94.05599999986589, 3.5999984741210938]}, {"attributes": [1400897541, 49, 3, "CA", "Conservation Area", null, 2607.86], "links": [[]], "coordinate": [1.9942081160040939, 0.3929874807567141, 4999.9501953125], "halfSize": [38.07400000002235, 23.889499999582767, -4999.9501953125]}, {"attributes": [1400897542, 49, 3, "CA", "Conservation Area", null, 10110.87], "links": [[]], "coordinate": [1.994137764765404, 0.39302787297536923, 4999.9501953125], "halfSize": [59.07649999996647, 99.8804999999702, -4999.9501953125]}, {"attributes": [1400897543, 49, 7, "G/IC", "Government, Institution or Community", null, 35.51], "links": [[1400897577]], "coordinate": [1.9942139204305211, 0.393169501799009, 8.949999809265137], "halfSize": [2.979000000283122, 5.361499999649823, 1.25]}, {"attributes": [1400897544, 49, 7, "G/IC", "Government, Institution or Community", null, 481.39], "links": [[1400897554, 1400897556, 1400897569, 1400897574, 1400897581]], "coordinate": [1.994220273007157, 0.393170635186349, 8.5], "halfSize": [16.085500000044703, 18.54050000011921, 4.100000381469727]}, {"attributes": [1400897545, 49, 7, "G/IC", "Government, Institution or Community", null, 578.29], "links": [[1400897544, 1400897691]], "coordinate": [1.9942273355251932, 0.39317264134367585, 7.550000190734863], "halfSize": [16.348500000312924, 16.63950000051409, 3.5500001907348633]}, {"attributes": [1400897546, 49, 0, "AGR", "Agriculture", null, 71057.52], "links": [[]], "coordinate": [1.9941919644839348, 0.39313327166079814, 4999.9501953125], "halfSize": [282.53385500004515, 197.70700000040233, -4999.9501953125]}, {"attributes": [1400897547, 49, 8, "GB", "Green Belt", null, 675261.09], "links": [[1400897661, 1400897677, 1400897676]], "coordinate": [1.994141128708759, 0.3930676481531107, 69.8499984741211], "halfSize": [654.1384999998845, 686.3310000002384, 54.349998474121094]}, {"attributes": [1400897548, 49, 3, "CA", "Conservation Area", null, 57648.59], "links": [[1400897704]], "coordinate": [1.994228076978425, 0.3931540767982897, 5.75], "halfSize": [280.3969999998808, 308.1857300000265, 1.3499999046325684]}]}