{"features": [{"attributes": [1413480448, 8, 6, "CPA", "Coastal Protection Area", null, 4787.9], "links": [[]], "coordinate": [1.9944414111172923, 0.38698030061863764, 4999.9501953125], "halfSize": [43.069499999750406, 55.98350000008941, -4999.9501953125]}]}