{"features": [{"attributes": [1415577600, 8, 8, "GB", "Green Belt", null, 387413.69], "links": [[]], "coordinate": [1.9946744837616277, 0.3872089291270379, 4999.9501953125], "halfSize": [323.15500000026077, 491.43449999950826, -4999.9501953125]}, {"attributes": [1415577601, 8, 6, "CPA", "Coastal Protection Area", null, 80142.09], "links": [[]], "coordinate": [1.9946698810410473, 0.38720795862600305, 4999.9501953125], "halfSize": [356.80200000014156, 526.4724999992177, -4999.9501953125]}]}