{"features": [{"attributes": [1430257664, 62, 8, "GB", "Green Belt", null, 21939.19], "links": [[]], "coordinate": [1.994715784055013, 0.3888979283523883, 4999.9501953125], "halfSize": [257.63249999983236, 571.6365000000224, -4999.9501953125]}, {"attributes": [1430257665, 62, 3, "CA", "Conservation Area", null, 32951.72], "links": [[]], "coordinate": [1.994666379769157, 0.3888712069924449, 4999.9501953125], "halfSize": [85.67649999959394, 120.62949999980628, -4999.9501953125]}, {"attributes": [1430257666, 152, 16, "OU", "Other Specified Uses", "INDUSTRIAL ESTATE", 776397.32], "links": [[1432354942, 1432354954, 1432354955, 1432354956, 1432354957, 1432354958, 1432354872, 1432354858, 1432354855, 1432354964, 1432355053, 1432354928, 1430257664, 1432354879, 1432354877, 1432354876, 1432354857, 1432354940, 1432354941, 1432355052, 1432355051, 1432355012, 1432355011, 1432355010, 1432355009, 1432354867, 1432354866, 1432354871, 1432354865, 1432354864, 1432354863, 1432354953, 1432354975, 1432354976, 1432355054, 1432354927, 1432354926, 1432354880, 1432354971, 1432355013, 1430257665, 1430257666, 1430257667, 1430257677, 1430257674, 1430257673, 1430257670, 1430257702, 1430257694, 1430257691, 1430257690, 1430257671, 1430257678, 1430257762, 1430257679, 1430257680, 1430257681, 1430257750, 1430257751, 1430257780, 1430257766, 1430257765, 1430257764, 1430257763, 1430257760, 1430257759, 1430257752, 1430257682, 1430257684, 1430257686, 1430257688, 1430257689, 1430257695, 1430257698, 1430257700, 1430257703, 1430257704, 1430257705, 1430257768, 1430257777, 1430257753, 1430257692, 1430257696, 1430257697, 1430257699, 1430257701, 1430257707, 1430257708, 1430257709, 1430257710, 1430257712, 1430257713, 1430257714, 1430257715, 1430257718, 1430257720, 1430257747, 1430257778, 1430257779, 1430257743, 1430257716, 1430257717, 1430257721, 1430257722, 1430257723, 1430257724, 1430257725, 1430257726, 1430257727, 1430257728, 1430257729, 1430257730, 1430257731, 1430257732, 1430257745, 1430257746, 1430257748, 1430257749, 1430257773, 1430257774, 1430257775, 1430257744, 1430257742, 1430257741, 1430257739, 1430257738, 1430257737, 1430257736, 1430257735, 1430257734, 1430257733, 1430257672, 1430257675, 1430257676, 1430257683, 1430257685, 1430257755, 1430257756, 1430257772, 1430257771, 1430257770, 1430257769, 1430257767, 1430257761, 1430257758, 1430257757]], "coordinate": [1.9944024543315402, 0.38893436185519076, 43.29999923706055], "halfSize": [463.57549999980256, 766.6514999996871, 39.70000076293945]}, {"attributes": [1430257667, 152, 19, "R(A)9", "Residential (Group A)9", null, 76079.71], "links": [[]], "coordinate": [1.9944188889268288, 0.38872592477105977, 4999.9501953125], "halfSize": [169.03209999995306, 179.56704999972135, -4999.9501953125]}, {"attributes": [1430257668, 152, 14, "O", "Open Space", null, 6683.44], "links": [[]], "coordinate": [1.9944473860709995, 0.3887340221426625, 4999.9501953125], "halfSize": [23.3874500002712, 130.12084999959916, -4999.9501953125]}, {"attributes": [1430257669, 152, 7, "G/IC(10)", "Government, Institution or Community(10)", null, 14025.54], "links": [[]], "coordinate": [1.9943870574807894, 0.38875594117896456, 4999.9501953125], "halfSize": [71.34970000013709, 111.20220000017434, -4999.9501953125]}, {"attributes": [1430257670, 152, 14, "O", "Open Space", null, 4439.45], "links": [[]], "coordinate": [1.9943811331509465, 0.38875383185242235, 4999.9501953125], "halfSize": [53.673599999863654, 99.21664999984205, -4999.9501953125]}, {"attributes": [1430257671, 152, 19, "R(A)11", "Residential (Group A)11", null, 45361.65], "links": [[]], "coordinate": [1.9943584482131875, 0.38874772615007874, 4999.9501953125], "halfSize": [133.92754500033334, 156.12664999999106, -4999.9501953125]}, {"attributes": [1430257672, 152, 14, "O", "Open Space", null, 3039.05], "links": [[]], "coordinate": [1.9943946113229782, 0.3887935547798667, 4999.9501953125], "halfSize": [31.576949999667704, 48.06204999983311, -4999.9501953125]}, {"attributes": [1430257673, 152, 19, "R(A)9", "Residential (Group A)9", null, 91509.19], "links": [[]], "coordinate": [1.9944185344863605, 0.388773361630267, 4999.9501953125], "halfSize": [176.15634999983013, 178.4645499996841, -4999.9501953125]}, {"attributes": [1430257674, 152, 7, "G/IC(10)", "Government, Institution or Community(10)", null, 17302.05], "links": [[]], "coordinate": [1.994425936425253, 0.3888055430701838, 4999.9501953125], "halfSize": [132.58499999996275, 46.38980000000447, -4999.9501953125]}, {"attributes": [1430257675, 152, 14, "O(2)", "Open Space(2)", null, 1006525.11], "links": [[1430257668, 1430257669, 1430257693, 1430257687, 1430257706, 1430257719, 1430257740, 1430257783, 1430257776, 1428160513, 1428160519, 1428160520, 1428160521, 1428160522, 1428160524]], "coordinate": [1.9945380548967542, 0.3888355400243561, 12.5], "halfSize": [492.1722599999048, 930.8356950003654, 6.600000381469727]}, {"attributes": [1430257676, 152, 8, "GB", "Green Belt", null, 300830.26], "links": [[1430257711, 1363148800]], "coordinate": [1.9943490041054774, 0.3888210437659106, 31.700000762939453], "halfSize": [343.1889999997802, 474.6019999999553, 20.700000762939453]}, {"attributes": [1430257677, 152, 7, "G/IC(10)", "Government, Institution or Community(10)", null, 4240.16], "links": [[]], "coordinate": [1.9943990415904536, 0.3888074862164866, 4999.9501953125], "halfSize": [30.636740000452846, 42.932915000244975, -4999.9501953125]}, {"attributes": [1430257678, 152, 14, "O", "Open Space", null, 1685.26], "links": [[]], "coordinate": [1.9944142201857256, 0.3888116087774398, 4999.9501953125], "halfSize": [64.18229999998584, 26.7157049998641, -4999.9501953125]}, {"attributes": [1430257679, 152, 7, "G/IC(10)", "Government, Institution or Community(10)", null, 59833.97], "links": [[]], "coordinate": [1.994354825200747, 0.3887974851559538, 4999.9501953125], "halfSize": [228.85839999979362, 117.11514999996871, -4999.9501953125]}]}