{"features": [{"attributes": [144703488, 124, 5, "CP", "Country Park", null, 1711407.29], "links": [[75497474, 75497499, 75497503, 75497491, 75497484, 75497497, 75497496]], "coordinate": [1.987291292888238, 0.3875909551999475, 21.849998474121094], "halfSize": [1917.6705000000075, 1315.8495000004768, 17.25]}]}