{"features": [{"attributes": [1449132032, 60, 29, "V", "Village Type Development", null, 6882.54], "links": [[1449132355, 1449132361, 1449132373, 1449132377, 1449132387, 1449132396, 1449132403, 1449132439, 1449132443, 1449132446, 1449132447, 1449132562, 1449132545, 1449132544, 1449132433, 1449132427, 1449132422, 1449132414, 1449132407]], "coordinate": [1.9943538379927992, 0.39085313518167836, 62.70000076293945], "halfSize": [40.72800000011921, 66.73400000017136, 6.799999237060547]}, {"attributes": [1449132033, 60, 29, "V", "Village Type Development", null, 38862.76], "links": [[1449132234, 1449132237, 1449132240, 1449132241, 1449132242, 1449132243, 1449132245, 1449132246, 1449132248, 1449132249, 1449132253, 1449132254, 1449132255, 1449132269, 1449132271, 1449132273, 1449132278, 1449132279, 1449132309, 1449132323, 1449132482, 1449132247, 1449132264, 1449132267, 1449132268, 1449132282, 1449132286, 1449132294, 1449132296, 1449132299, 1449132302, 1449132318, 1449132321, 1449132322, 1449132325, 1449132326, 1449132327, 1449132328, 1449132331, 1449132335, 1449132336, 1449132337, 1449132338, 1449132339, 1449132341, 1449132343, 1449132344, 1449132354, 1449132358, 1449132362, 1449132363, 1449132369, 1449132370, 1449132372, 1449132374, 1449132378, 1449132379, 1449132384, 1449132389, 1449132390, 1449132392, 1449132397, 1449132398, 1449132400, 1449132401, 1449132402, 1449132410, 1449132411, 1449132412, 1449132415, 1449132416, 1449132418, 1449132419, 1449132426, 1449132428, 1449132429, 1449132497, 1449132498, 1449132535, 1449132565, 1449132564, 1449132563, 1449132558, 1449132557, 1449132437, 1449132436, 1449132435, 1449132434, 1449132431, 1449132430]], "coordinate": [1.994521653493641, 0.3908665070530505, 27.399999618530273], "halfSize": [160.22450000001118, 137.8464999999851, 20.100000381469727]}, {"attributes": [1449132034, 60, 29, "V", "Village Type Development", null, 16891.63], "links": [[1449132252, 1449132257, 1449132261, 1449132262, 1449132266, 1449132270, 1449132272, 1449132275, 1449132280, 1449132281, 1449132283, 1449132284, 1449132285, 1449132287, 1449132288, 1449132291, 1449132292, 1449132293, 1449132297, 1449132300, 1449132301, 1449132303, 1449132304, 1449132305, 1449132311, 1449132312, 1449132313, 1449132314, 1449132316, 1449132319, 1449132320, 1449132491, 1449132532, 1449132548, 1449132490, 1449132488]], "coordinate": [1.9944687313618459, 0.3908781175913626, 98.55000305175781], "halfSize": [97.96849999995902, 72.18499999959022, 24.85000228881836]}, {"attributes": [1449132035, 60, 29, "V", "Village Type Development", null, 16237.69], "links": [[1449132044, 1449132423, 1449132424, 1449132449, 1449132451, 1449132452, 1449132523, 1449132438, 1449132440, 1449132519, 1449132432, 1449132425, 1449132420, 1449132417, 1449132413, 1449132409, 1449132453, 1449132454, 1449132456, 1449132458, 1449132462, 1449132463, 1447034918, 1447034922, 1447034926, 1447034927, 1447034928, 1447034929, 1447034931, 1447034934, 1447034935, 1447034936, 1447034938, 1447034939, 1447034946, 1447034948, 1447034953, 1447034954, 1447034955, 1447034957, 1449132561, 1447036753, 1449132531, 1449132520, 1449132502]], "coordinate": [1.9943804927714366, 0.39084067311868265, 50.349998474121094], "halfSize": [104.50650000013411, 107.2324999999255, 11.94999885559082]}, {"attributes": [1449132036, 60, 6, "CPA", "Coastal Protection Area", null, 17134.73], "links": [[1449132455]], "coordinate": [1.9945709041454562, 0.39084546418552674, 4.650000095367432], "halfSize": [155.39199999999255, 145.55800000019372, 1.6500000953674316]}, {"attributes": [1449132037, 60, 29, "V", "Village Type Development", null, 6734.15], "links": [[1449132332, 1449132333, 1449132334, 1449132342, 1449132345, 1449132346, 1449132347, 1449132348, 1449132349, 1449132350, 1449132351, 1449132352, 1449132353, 1449132357, 1449132359, 1449132365, 1449132366, 1449132367, 1449132376, 1449132489, 1449132388, 1449132385, 1449132380, 1449132356, 1449132360, 1449132364, 1449132368, 1449132371, 1449132375, 1449132382, 1449132383, 1449132391, 1449132393, 1449132394, 1449132395, 1449132399, 1449132404, 1449132406, 1449132408, 1449132421, 1449132500, 1449132524, 1449132560, 1449132559]], "coordinate": [1.994532815845659, 0.39085983279367803, 12.199999809265137], "halfSize": [74.02600000007078, 56.39699999988079, 8.300000190734863]}, {"attributes": [1449132038, 60, 3, "CA", "Conservation Area", null, 398203.41], "links": [[1449132258, 1449132263, 1449132445, 1449132441, 1449132315, 1449132381, 1449132492]], "coordinate": [1.994476872179135, 0.39086185995825057, 80.05000305175781], "halfSize": [686.4645000002347, 364.1840000003576, 44.349998474121094]}, {"attributes": [1449132039, 60, 7, "G/IC", "Government, Institution or Community", null, 1700.68], "links": [[1449132307, 1449132340]], "coordinate": [1.9945312180521606, 0.3908712535771986, 19.850000381469727], "halfSize": [31.495499999728054, 49.20013500005007, 6.25]}, {"attributes": [1449132040, 64, 29, "V", "Village Type Development", null, 87382.15], "links": [[1449132035, 1449132163, 1449132162, 1449132161, 1449132033, 1449132034, 1449132078, 1449132083, 1449132087, 1449132088, 1449132090, 1449132092, 1449132094, 1449132097, 1449132099, 1449132100, 1449132101, 1449132103, 1449132105, 1449132106, 1449132109, 1449132110, 1449132113, 1449132114, 1449132116, 1449132119, 1449132121, 1449132123, 1449132124, 1449132126, 1449132127, 1449132128, 1449132130, 1449132131, 1449132133, 1449132134, 1449132135, 1449132136, 1449132137, 1449132138, 1449132139, 1449132140, 1449132141, 1449132142, 1449132143, 1449132144, 1449132145, 1449132146, 1449132148, 1449132149, 1449132150, 1449132151, 1449132152, 1449132153, 1449132154, 1449132155, 1449132156, 1449132157, 1449132158, 1449132542, 1449132543, 1449132549, 1449132517, 1449132516, 1449132506, 1449132505, 1449132504, 1449132478, 1449132160, 1449132159, 1449132036, 1449132038, 1449132042, 1449132164, 1449132165, 1449132166, 1449132167, 1449132168, 1449132169, 1449132170, 1449132173, 1449132174, 1449132176, 1449132177, 1449132180, 1449132181, 1449132184, 1449132185, 1449132186, 1449132187, 1449132188, 1449132191, 1449132192, 1449132194, 1449132195, 1449132197, 1449132200, 1449132204, 1449132205, 1449132206, 1449132207, 1449132208, 1449132210, 1449132211, 1449132212, 1449132213, 1449132215, 1449132217, 1449132219, 1449132220, 1449132223, 1449132224, 1449132229, 1449132230, 1449132232, 1449132484, 1449132485, 1449132487, 1449132493, 1449132495, 1449132510, 1449132511, 1449132541, 1449132550, 1449132552, 1449132553, 1449132534, 1449132533, 1449132528, 1449132527, 1449132526, 1449132525, 1449132521, 1449132515, 1449132514, 1449132037, 1449132039, 1449132040, 1449132041, 1449132043, 1449132179, 1449132183, 1449132190, 1449132216, 1449132222, 1449132226, 1449132227, 1449132228, 1449132233, 1449132483, 1449132486, 1449132496, 1449132503, 1449132507, 1449132508, 1449132509, 1449132554, 1449132536, 1449132518]], "coordinate": [1.9946524637584626, 0.3909141092286932, 35.04999923706055], "halfSize": [214.71200000029057, 202.277499999851, 30.950000762939453]}, {"attributes": [1449132041, 64, 21, "R(C)1", "Residential (Group C)1", null, 1308.02], "links": [[1449132265]], "coordinate": [1.994605155573113, 0.3908760982887527, 12.949999809265137], "halfSize": [21.583999999798834, 28.7995000006631, 3.4499998092651367]}, {"attributes": [1449132042, 64, 8, "GB", "Green Belt", null, 1134.83], "links": [[]], "coordinate": [1.9946016491399174, 0.39086932276047065, 4999.9501953125], "halfSize": [17.868999999947846, 29.169999999925494, -4999.9501953125]}, {"attributes": [1449132043, 64, 3, "CA", "Conservation Area", null, 330689.44], "links": [[1449132196, 1449132199, 1449132066]], "coordinate": [1.9945165635437907, 0.39092642225372437, 57.70000076293945], "halfSize": [532.7080000001006, 441.2554999999702, 13.60000228881836]}, {"attributes": [1449132044, 64, 29, "V", "Village Type Development", null, 17969.11],