{"features": [{"attributes": [1453326336, 7, 6, "CPA", "Coastal Protection Area", null, 18923.08], "links": [[1453326337]], "coordinate": [1.9946997072769468, 0.3914638137343475, 6.550000190734863], "halfSize": [231.63249999983236, 90.46200000029057, 2.0500001907348633]}, {"attributes": [1453326337, 73, 7, "G/IC", "Government, Institution or Community", null, 441.1], "links": [[]], "coordinate": [1.9943812289966245, 0.39150921932466337, 4999.9501953125], "halfSize": [28.367999999783933, 22.559500000439584, -4999.9501953125]}, {"attributes": [1453326338, 73, 7, "G/IC", "Government, Institution or Community", null, 1141.57], "links": [[1453326648]], "coordinate": [1.994388322852157, 0.39142076858768005, 7.850000381469727], "halfSize": [22.319999999832362, 15.252500000409782, 2.950000047683716]}, {"attributes": [1453326339, 73, 29, "V", "Village Type Development", null, 52770.64], "links": [[1453326584, 1453326350, 1453326349, 1453326348, 1453326347, 1453326346, 1453326345, 1453326344, 1453326343, 1453326342, 1453326341, 1453326351, 1453326352, 1453326353, 1453326354, 1453326355, 1453326356, 1453326357, 1453326358, 1453326359, 1453326361, 1453326362, 1453326363, 1453326364, 1453326365, 1453326367, 1453326368, 1453326369, 1453326370, 1453326371, 1453326373, 1453326374, 1453326376, 1453326378, 1453326379, 1453326380, 1453326381, 1453326383, 1453326388, 1453326389, 1453326392, 1453326394, 1453326395, 1453326397, 1453326398, 1453326399, 1453326402, 1453326405, 1453326407, 1453326408, 1453326409, 1453326411, 1453326413, 1453326414, 1453326415, 1453326419, 1453326420, 1453326421, 1453326423, 1453326424, 1453326426, 1453326427, 1453326428, 1453326429, 1453326430, 1453326433, 1453326434, 1453326437, 1453326438, 1453326439, 1453326440, 1453326442, 1453326444, 1453326445, 1453326447, 1453326448, 1453326449, 1453326451, 1453326453, 1453326454, 1453326456, 1453326457, 1453326459, 1453326460, 1453326461, 1453326462, 1453326464, 1453326465, 1453326466, 1453326468, 1453326469, 1453326471, 1453326472, 1453326473, 1453326474, 1453326475, 1453326476, 1453326477, 1453326478, 1453326479, 1453326480, 1453326481, 1453326482, 1453326483, 1453326484, 1453326485, 1453326488, 1453326489, 1453326490, 1453326491, 1453326492, 1453326493, 1453326494, 1453326495, 1453326496, 1453326497, 1453326499, 1453326500, 1453326501, 1453326502, 1453326503, 1453326504, 1453326505, 1453326506, 1453326507, 1453326508, 1453326509, 1453326510, 1453326511, 1453326512, 1453326513, 1453326515, 1453326516, 1453326518, 1453326520, 1453326521, 1453326523, 1453326524, 1453326525, 1453326526, 1453326528, 1453326529, 1453326530, 1453326531, 1453326532, 1453326533, 1453326534, 1453326535, 1453326536, 1453326537, 1453326538, 1453326540, 1453326541, 1453326542, 1453326543, 1453326544, 1453326545, 1453326546, 1453326547, 1453326548, 1453326550, 1453326551, 1453326552, 1453326553, 1453326554, 1453326555, 1453326556, 1453326557, 1453326558, 1453326559, 1453326585, 1453326586, 1453326587, 1453326588, 1453326590, 1453326591, 1453326592, 1453326593, 1453326594, 1453326617, 1453326618, 1453326619, 1453326620, 1453326621, 1453326622, 1453326623, 1453326626, 1453326629, 1453326636, 1453326637, 1453326647, 1453326645, 1453326644, 1453326643, 1453326638, 1453326616, 1453326615, 1453326614, 1453326613, 1453326612, 1453326601, 1453326600, 1453326599, 1453326598, 1453326596, 1453326595, 1453326360, 1453326366, 1453326372, 1453326375, 1453326377, 1453326382, 1453326384, 1453326385, 1453326386, 1453326387, 1453326390, 1453326391, 1453326393, 1453326396, 1453326400, 1453326401, 1453326403, 1453326404, 1453326406, 1453326410, 1453326412, 1453326416, 1453326417, 1453326418, 1453326422, 1453326425, 1453326431, 1453326432, 1453326436, 1453326441, 1453326443, 1453326446, 1453326450, 1453326452, 1453326455, 1453326458, 1453326463, 1453326467, 1453326470, 1453326486, 1453326498, 1453326514, 1453326517, 1453326519, 1453326522, 1453326527, 1453326539, 1453326549, 1453326602, 1453326597, 1453326589]], "coordinate": [1.994371802368098, 0.3914306374648581, 11.899999618530273], "halfSize": [152.69350000005215, 135.96449999976903, 7.599999904632568]}, {"attributes": [1453326340, 73, 26, "SSSI", "Site of Special Scientific Interest", null, 38496.39], "links": [[1453326336]], "coordinate": [1.9943656098328342, 0.39151663205572446, 5.25], "halfSize": [208.335999999661, 289.6139999991283, 0.8499999046325684]}, {"attributes": [1453326341, 73, 6, "CPA", "Coastal Protection Area", null, 56665.5], "links": [[]], "coordinate": [1.9943665277547153, 0.3913547629154931, 4999.9501953125], "halfSize": [230.964999999851, 412.5855000000447, -4999.9501953125]}, {"attributes": [1453326342, 73, 8, "GB", "Green Belt", null, 23703.6], "links": [[]], "coordinate": [1.9943740156211633, 0.39137945162843485, 4999.9501953125], "halfSize": [88.58499999996275, 100.02350000012666, -4999.9501953125]}, {"attributes": [1453326343, 73, 14, "O", "Open Space", null, 7591.0], "links": [[1453326646]], "coordinate": [1.9943475340798946, 0.3914300002931094, 14.200000762939453], "halfSize": [66.5339999999851, 47.90249999985099, 4.500000476837158]}, {"attributes": [1453326344, 73, 7, "G/IC", "Government, Institution or Community", null, 5341.77], "links": [[1453326649]], "coordinate": [1.994341915379239, 0.3914443239637225, 21.350000381469727], "halfSize": [51.97399999992922, 55.60800000000745, 10.649999618530273]}, {"attributes": [1453326345, 73, 8, "GB", "Green Belt", null, 716.56], "links": [[]], "coordinate": [1.9943891087152408, 0.39141374187877137, 4999.9501953125], "halfSize": [27.194999999832362, 25.344500000588596, -4999.9501953125]}, {"attributes": [1453326346, 73, 24, "REC", "Recreation", null, 24167.72], "links": [[1453326338, 1453326339, 1453326340, 1453326435, 1453326487]], "coordinate": [1.9943792179121624, 0.39144489231594787, 10.699999809265137], "halfSize": [168.05500000016764, 166.10049999970943, 5.800000190734863]}, {"attributes": [1453326347, 73, 29, "V", "Village Type Development", null, 16042.68], "links": [[1453326561, 1453326562, 1453326563, 1453326564, 1453326565, 1453326566, 1453326567, 1453326568, 1453326569, 1453326570, 1453326571, 1453326572, 1453326573, 1453326574, 1453326575, 1453326576, 1453326577, 1453326578, 1453326579, 1453326580, 1453326581, 1453326582, 1453326603, 1453326604, 1453326605, 1453326606, 1453326607, 1453326608, 1453326609, 1453326610, 1453326611, 1453326624, 1453326627, 1453326642, 1453326641, 1453326640, 1453326639, 1453326635, 1453326634, 1453326633, 1453326632, 1453326631, 1453326630, 1453326628, 1453326583, 1453326625]], "coordinate": [1.9943521957445915, 0.39134445468425694, 10.699999809265137], "halfSize": [88.51849999977276, 79.40149999968708, 6.59999942779541]}]}