{"features": [{"attributes": [1503657984, 150, 3, "CA", "Conservation Area", null, 8022.85], "links": [[1503657984, 1503657985, 1503657986, 1503657987]], "coordinate": [1.9947198320800847, 0.3895644351966357, 20.0], "halfSize": [56.424999999813735, 70.20100000035018, 11.200000762939453]}, {"attributes": [1503657985, 150, 6, "CPA", "Coastal Protection Area", null, 65172.84], "links": [[]], "coordinate": [1.9947171633460914, 0.38945800490654564, 4999.9501953125], "halfSize": [381.27100000018254, 775.5915000000969, -4999.9501953125]}]}