{"features": [{"attributes": [1518338048, 64, 8, "GB", "Green Belt", null, 20622.46], "links": [[]], "coordinate": [1.994839161474962, 0.3910935870924462, 4999.9501953125], "halfSize": [90.0069999997504, 119.43549999967217, -4999.9501953125]}, {"attributes": [1518338049, 64, 29, "V", "Village Type Development", null, 3235.58], "links": [[1518338057, 1518338058, 1518338060, 1518338070, 1518338069, 1518338068, 1518338067, 1518338066, 1518338065, 1518338064, 1518338063, 1518338062, 1518338061]], "coordinate": [1.9949645343581242, 0.3910784591121309, 127.80000305175781], "halfSize": [47.943500000052154, 29.18099999986589, 4.8000030517578125]}, {"attributes": [1518338050, 64, 29, "V", "Village Type Development", null, 3009.13], "links": [[1518338053, 1518338054, 1518338055, 1518338056]], "coordinate": [1.994839564224192, 0.39109172016895494, 105.69999694824219], "halfSize": [23.36049999995157, 40.56149999983609, 3.700000762939453]}]}