{"features": [{"attributes": [1522532352, 78, 29, "V", "Village Type Development", null, 16371.02], "links": [[1522532352, 1522532353, 1522532361, 1455423491, 1522532360, 1522532359, 1522532358, 1522532357, 1455423490, 1455423489, 1455423488, 1522532356, 1522532355, 1522532354]], "coordinate": [1.9947231606683549, 0.39170944354287807, 12.199999809265137], "halfSize": [89.11249999981374, 73.40049999952316, 8.40000057220459]}, {"attributes": [1522532353, 78, 8, "GB", "Green Belt", null, 20203.9], "links": [[]], "coordinate": [1.9947216420453762, 0.3917062742165287, 4999.9501953125], "halfSize": [140.55949999997392, 142.25800000037998, -4999.9501953125]}]}