{"features": [{"attributes": [1589641216, 26, 29, "V", "Village Type Development", null, 7870.94], "links": [[1589641226, 1589641227, 1589641228, 1589641229, 1589641230, 1589641231, 1589641232, 1589641233, 1589641234, 1589641235, 1589641236, 1589641237, 1589641238, 1589641239, 1589641240, 1589641241, 1589641242, 1589641243, 1589641244, 1589641245, 1589641246, 1589641247, 1589641248, 1589641249, 1589641250, 1589641251, 1589641252, 1589641253, 1589641259, 1589641260, 1589641261, 1589641262, 1589641263, 1589641264, 1589641265, 1589641258, 1589641257, 1589641256, 1589641255, 1589641254]], "coordinate": [1.9954453068061762, 0.39158324870901273, 21.700000762939453], "halfSize": [51.267500000074506, 95.04250000044703, 8.300000190734863]}]}