{"features": [{"attributes": [1593835520, 83, 6, "CPA", "Coastal Protection Area", null, 10757.19], "links": [[]], "coordinate": [1.9954101789511762, 0.39202329322616225, 4999.9501953125], "halfSize": [193.29753500036895, 78.34050000086427, -4999.9501953125]}]}