{"features": [{"attributes": [1652555776, 4, 3, "CA", "Conservation Area", null, 106578.97], "links": [[]], "coordinate": [1.995493103220342, 0.39128596978722324, 4999.9501953125], "halfSize": [228.05750000011176, 246.20100000035018, -4999.9501953125]}, {"attributes": [1652555777, 4, 29, "V", "Village Type Development", null, 25178.08], "links": [[1654652970, 1654652971, 1654652972, 1654652973, 1654652974, 1654652975, 1654652976, 1654652977, 1654652978, 1652555777, 1654652979, 1652555785, 1652555784, 1652555783, 1652555782, 1652555781, 1652555780, 1652555779, 1652555778]], "coordinate": [1.9954831966129944, 0.39129677551107356, 139.39999389648438], "halfSize": [102.04899999964982, 100.51599999982864, 7.599998474121094]}, {"attributes": [1652555778, 4, 0, "AGR", "Agriculture", null, 8772.87], "links": [[]], "coordinate": [1.9954971493019993, 0.3912757262554874, 4999.9501953125], "halfSize": [70.8910000002943, 63.01549999974668, -4999.9501953125]}]}