{"features": [{"attributes": [1719664640, 0, 3, "CA", "Conservation Area", null, 464946.2], "links": [[1721761793, 1719664672, 1786773532, 1786773534, 1786773535, 1786773536]], "coordinate": [1.9962102129531334, 0.3912364662220959, 19.799999237060547], "halfSize": [480.63650000002235, 593.2724999999627, 15.199999809265137]}, {"attributes": [1719664641, 0, 29, "V", "Village Type Development", null, 8523.15], "links": [[1719664640, 1719664641, 1719664642, 1719664643, 1719664644, 1719664645, 1719664646, 1719664647, 1719664648, 1719664649, 1719664650, 1719664651, 1719664652, 1719664653, 1719664654, 1719664655, 1719664656, 1719664657, 1719664658, 1719664659, 1719664660, 1719664661, 1719664673, 1719664671, 1719664670, 1719664669, 1719664668, 1719664667, 1719664666, 1719664665, 1719664664, 1719664663, 1719664662]], "coordinate": [1.9961632334391437, 0.39125106665502896, 13.100000381469727], "halfSize": [45.73350000008941, 75.45250000059605, 5.100000381469727]}, {"attributes": [1719664642, 0, 29, "V", "Village Type Development", null, 574.19], "links": [[]], "coordinate": [1.9961849803682727, 0.39130023938054453, 4999.9501953125], "halfSize": [17.81650000018999, 11.790000000037253, -4999.9501953125]}]}