{"features": [{"attributes": [1721761792, 0, 29, "V", "Village Type Development", null, 2019.3], "links": [[]], "coordinate": [1.9961924863218583, 0.3913132677619412, 4999.9501953125], "halfSize": [38.263499999884516, 20.62650000024587, -4999.9501953125]}, {"attributes": [1721761793, 47, 6, "CPA", "Coastal Protection Area", null, 2757.95], "links": [[]], "coordinate": [1.9958392854876115, 0.3913440240028856, 4999.9501953125], "halfSize": [46.30299999983981, 38.58449999988079, -4999.9501953125]}]}