{"features": [{"attributes": [1786773504, 0, 26, "SSSI", "Site of Special Scientific Interest", null, 22199.05], "links": [[]], "coordinate": [1.9962753462820788, 0.39120545121164, 4999.9501953125], "halfSize": [101.44750000024214, 186.00250000040978, -4999.9501953125]}, {"attributes": [1786773505, 0, 29, "V", "Village Type Development", null, 8090.85], "links": [[1786773514, 1786773529, 1786773531, 1786773525, 1786773523, 1786773522, 1786773520, 1786773518, 1786773516, 1786773515, 1786773504, 1786773505, 1786773506, 1786773507, 1786773508, 1786773509, 1786773510, 1786773511, 1786773512, 1786773513, 1786773526, 1786773527, 1786773528, 1786773530, 1786773538, 1786773524, 1786773521, 1786773519, 1786773517]], "coordinate": [1.9962363572526411, 0.3911619087874757, 8.899999618530273], "halfSize": [59.802499999757856, 73.19450000021607, 3.799999952316284]}]}