{"features": [{"attributes": [213909504, 124, 29, "V", "Village Type Development", null, 24673.98], "links": [[213909508, 213909539, 213909571, 213909667, 213909627, 213909504, 213909510, 213909511, 213909512, 213909518, 213909519, 213909527, 213909528, 213909530, 213909531, 213909532, 213909544, 213909549, 213909559, 213909581, 213909629, 213909631, 213909634, 213909635, 213909636, 213909641, 213909643, 213909661, 213909664, 213909690, 213909689, 213909688, 213909687, 213909686, 213909685, 213909679, 213909624, 213909621, 213909620, 213909617, 213909612, 213909604, 213909597, 213909591, 213909588, 213909583]], "coordinate": [1.9876529807441592, 0.3878429664985018, 19.549999237060547], "halfSize": [117.79449999984354, 82.42649999912828, 10.850000381469727]}, {"attributes": [213909505, 124, 7, "G/IC", "Government, Institution or Community", null, 311.12], "links": [[]], "coordinate": [1.987693616585994, 0.38788145236899896, 4999.9501953125], "halfSize": [12.435879999771714, 22.353625000454485, -4999.9501953125]}, {"attributes": [213909506, 124, 7, "G/IC", "Government, Institution or Community", null, 448959.14], "links": [[213909637, 213909640, 213909662, 213909678, 213909681, 213909614, 213909524, 213909535, 213909626, 213909648, 213909610, 213909595, 213909587, 213909577, 213909574, 213909570, 213909558, 213909540, 213909522, 213909526, 213909533, 213909534, 213909537, 213909550, 213909555, 213909680, 213909642, 213909607, 213909515, 213909529, 213909552, 213909553, 213909666, 213909669, 213909672, 213909684, 213909663, 213909660, 213909638, 213909605, 213909602, 213909598, 213909586, 213909568, 213909557, 213909505, 213909507, 213909509, 213909513, 213909521, 213909536, 213909547, 213909556, 213909560, 213909573, 213909579, 213909592, 213909596, 213909599, 213909600, 213909601, 213909603, 213909611, 213909615, 213909623, 213909628, 213909645, 213909671, 213909675, 213909676, 213909677, 213909683, 213909656, 213909654, 213909652, 213909649, 213909647, 213909646, 213909523, 213909541, 213909554, 213909563, 213909565, 213909567, 213909576, 213909582, 213909584, 213909590, 213909594, 213909606, 213909608, 213909613, 213909633, 213909665, 213909674, 213909658, 213909657, 213909655, 213909650, 213909566, 213909580, 213909622, 213909561, 213909517, 213909673, 213909659, 213909651, 213909632, 213909618, 213909589, 213909575, 213909572, 213909525, 213909516, 213909520, 213909543, 213909545, 213909691, 213909692, 213909693, 213909694, 213909695, 213909696, 213909699, 213909698, 213909697, 213909670, 213909653, 213909639, 213909625, 213909609, 213909578, 213909564]], "coordinate": [1.9878773475171145, 0.38783511944043164, 14.199999809265137], "halfSize": [656.4931999999098, 571.8454999998212, 10.90000057220459]}, {"attributes": [213909507, 124, 7, "G/IC", "Government, Institution or Community", null, 47.5], "links": [[]], "coordinate": [1.987776160608072, 0.3879463842816533, 4999.9501953125], "halfSize": [2.51949999993667, 5.209999999962747, -4999.9501953125]}, {"attributes": [213909508, 124, 7, "G/IC", "Government, Institution or Community", null, 89.71], "links": [[213909593]], "coordinate": [1.98777411433357, 0.3879526530953617, 68.3499984741211], "halfSize": [6.123999999836087, 7.692684999667108, 1.8499984741210938]}, {"attributes": [213909509, 124, 8, "GB", "Green Belt", null, 637792.63], "links": [[213909548, 213909546, 213909551, 213909514, 213909682, 213909538, 213909542, 213909562, 213909585, 213909506]], "coordinate": [1.987738507764088, 0.387871421807497, 37.95000076293945], "halfSize": [931.1261549997143, 539.1229999996722, 31.649999618530273]}]}