{"features": [{"attributes": [216006656, 5, 7, "G/IC(1)", "Government, Institution or Community(1)", null, 8654.44], "links": [[216006656, 216006661, 216006663, 216006664, 216006666, 216006667, 216006668, 216006669, 216006671, 216006675, 216006679, 216006678, 216006677]], "coordinate": [1.9876493002794589, 0.38818205434486913, 182.39999389648438], "halfSize": [59.07299999985844, 66.65400000009686, 22.29999542236328]}, {"attributes": [216006657, 5, 8, "GB", "Green Belt", null, 42097.46], "links": [[216006662, 216006672]], "coordinate": [1.9876439870196683, 0.3881877726952217, 119.35000610351562], "halfSize": [186.13100000005215, 121.6039999993518, 2.049999237060547]}, {"attributes": [216006658, 5, 7, "G/IC", "Government, Institution or Community", null, 473.81], "links": [[]], "coordinate": [1.9876143359821346, 0.38820517581625225, 4999.9501953125], "halfSize": [14.665000000037253, 21.199500000104308, -4999.9501953125]}, {"attributes": [216006659, 5, 0, "AGR", "Agriculture", null, 6489.26], "links": [[]], "coordinate": [1.9876459272973983, 0.3882323177336273, 4999.9501953125], "halfSize": [42.06349999969825, 65.7445000000298, -4999.9501953125]}]}