{"features": [{"attributes": [226492416, 101, 16, "OU", "Other Specified Uses", "AIRPORT SERVICE AREA", 135190.74], "links": [[226492419, 226492431, 226492432, 226492433, 226492430, 226492428, 226492424, 226492423, 226492416, 226492420]], "coordinate": [1.9879147180563923, 0.38927482123306684, 22.350000381469727], "halfSize": [214.91800000006333, 263.88549999985844, 17.149999618530273]}]}