{"features": [{"attributes": [228589568, 101, 16, "OU", "Other Specified Uses", "AIRPORT SERVICE AREA", 424933.81], "links": [[228589570, 228589571, 228589572, 228589568, 228589569, 228589574, 228589575, 228589573]], "coordinate": [1.987960106704558, 0.3895576520402436, -4989.0], "halfSize": [408.0188450003043, 536.0820650001988, 5010.900390625]}]}