{"features": [{"attributes": [278921216, 124, 8, "GB", "Green Belt", null, 5147.7], "links": [[]], "coordinate": [1.9883010075734648, 0.38774788512682223, 4999.9501953125], "halfSize": [65.59370000008494, 26.218700000084937, -4999.9501953125]}, {"attributes": [278921217, 124, 5, "CP", "Country Park", null, 3830402.68], "links": [[213909569, 213909644, 213909630, 281018508, 281018507, 213909619]], "coordinate": [1.988175200845384, 0.3877640320433771, 113.1500015258789], "halfSize": [1767.3740000003017, 1205.533999999985, 96.3499984741211]}]}