{"features": [{"attributes": [281018368, 124, 7, "G/IC", "Government, Institution or Community", null, 104.35], "links": [[281018409]], "coordinate": [1.9881044775846561, 0.3878586653647724, 45.45000076293945], "halfSize": [7.10986000020057, 7.106204999610782, 2.549999237060547]}, {"attributes": [281018369, 124, 29, "V", "Village Type Development", null, 66873.61], "links": [[281018372, 281018379, 281018486, 281018466, 281018460, 281018428, 281018369, 281018375, 281018383, 281018385, 281018391, 281018395, 281018399, 281018414, 281018422, 281018427, 281018432, 281018433, 281018450, 281018454, 281018461, 281018464, 281018469, 281018470, 281018474, 281018505, 281018509, 281018510, 281018511, 281018513, 281018519, 281018518, 281018515, 281018492, 281018491, 281018490, 281018368, 281018370, 281018371, 281018373, 281018374, 281018376, 281018377, 281018378, 281018381, 281018382, 281018384, 281018387, 281018388, 281018389, 281018392, 281018396, 281018397, 281018400, 281018401, 281018403, 281018404, 281018405, 281018406, 281018407, 281018408, 281018410, 281018411, 281018413, 281018415, 281018417, 281018418, 281018420, 281018421, 281018423, 281018425, 281018429, 281018430, 281018431, 281018434, 281018435, 281018438, 281018439, 281018440, 281018441, 281018442, 281018443, 281018444, 281018445, 281018446, 281018447, 281018448, 281018449, 281018451, 281018452, 281018453, 281018455, 281018456, 281018457, 281018458, 281018459, 281018462, 281018463, 281018465, 281018467, 281018472, 281018475, 281018476, 281018477, 281018478, 281018479, 281018480, 281018481, 281018482, 281018484, 281018485, 281018487, 281018488, 281018489, 281018501, 281018502, 281018503, 281018504, 281018506, 281018512, 281018526, 281018527, 281018528, 281018529, 281018530, 281018531, 281018532, 281018533, 281018534, 281018535, 281018536, 281018525, 281018524, 281018523, 281018522, 281018520, 281018517, 281018516, 281018514, 281018500, 281018499, 281018498, 281018497, 281018496, 281018495, 281018494, 281018493]], "coordinate": [1.9881984901688556, 0.38784649988569797, 25.950000762939453], "halfSize": [214.06157499970868, 134.7345199994743, 14.050000190734863]}, {"attributes": [281018370, 124, 21, "R(C)", "Residential (Group C)", null, 75657.41], "links": [[]], "coordinate": [1.98813165469469, 0.38789457339387234, 4999.9501953125], "halfSize": [139.31649999972433, 288.2590000005439, -4999.9501953125]}, {"attributes": [281018371, 124, 3, "CA", "Conservation Area", null, 322635.31], "links": [[281018393, 281018394, 281018468, 281018424, 281018416, 281018426, 281018473, 281018471, 281018386]], "coordinate": [1.9881665496991177, 0.38782296025073054, 27.700000762939453], "halfSize": [692.3437000000849, 361.387585000135, 17.0]}]}