{"features": [{"attributes": [287309824, 68, 7, "G/IC", "Government, Institution or Community", null, 1493.61], "links": [[287309848, 287309849]], "coordinate": [1.9880196113960455, 0.38847774779379124, 448.8500061035156], "halfSize": [29.069500000216067, 29.695499999448657, 9.149993896484375]}]}