{"features": [{"attributes": [289406976, 98, 3, "CA", "Conservation Area", null, 13623.66], "links": [[]], "coordinate": [1.9879789095463338, 0.3889332256888325, 4999.9501953125], "halfSize": [133.74713499983773, 111.63691500015557, -4999.9501953125]}]}