{"features": [{"attributes": [295698432, 101, 16, "OU", "Other Specified Uses", "AIRPORT", 14560926.57], "links": [[295698436, 362807362, 362807298, 362807299, 362807350, 362807309, 362807307, 362807306, 362807302, 362807301, 362807320, 362807344, 362807327, 360710146, 360710148, 360710150, 360710153, 360710154, 360710155, 360710156, 360710157, 360710261, 362807308, 362807397, 362807385, 362807390, 362807339, 362807316, 362807315, 362807314, 362807312, 362807346, 362807343, 295698437, 295698438, 295698439, 295698440, 295698441, 295698435, 295698434, 362807325, 360710147, 360710151, 360710152, 360710158, 360710159, 360710160, 360710230, 362807347, 362807384, 293601280, 293601281, 293601282, 293601298, 293601313, 293601317, 293601291, 293601289, 295698433, 295698432, 293601297, 293601283, 293601293, 293601292, 293601286, 293601285, 293601284, 293601299, 293601302, 360710182, 360710183, 360710185, 360710187, 360710196, 360710188, 360710189, 360710191, 360710193, 360710207, 360710262, 293601294, 226492417, 226492425, 226492427, 226492434, 293601300, 293601301, 293601314, 293601315, 293601316, 293601312, 293601311, 226492418, 161480704, 161480705, 291504183, 293601287, 293601306, 293601307, 293601308, 293601309, 293601310, 293601304, 293601303, 293601296, 293601295, 293601290, 293601305, 226492435, 226492422, 226492429, 226492426, 226492421, 293601288, 291504298, 291504263, 291504217, 291504207, 291504205, 291504200, 291504141, 291504194, 224395347, 224395352]], "coordinate": [1.9880655812875918, 0.38945872381418783, -4948.900390625], "halfSize": [3198.664600000251, 2262.9584550000727, 5051.0]}]}