{"features": [{"attributes": [306184192, 141, 14, "O", "Open Space", null, 54261.18], "links": [[]], "coordinate": [1.9882577801687704, 0.39061360835026443, 4999.9501953125], "halfSize": [232.11249999981374, 244.40749999973923, -4999.9501953125]}]}