{"features": [{"attributes": [348127232, 124, 7, "G/IC", "Government, Institution or Community", null, 6740.65], "links": [[348127395, 348127399, 348127374]], "coordinate": [1.9884223489372987, 0.38788984745883537, 12.75], "halfSize": [60.05599999986589, 45.943500000052154, 9.25]}, {"attributes": [348127233, 124, 14, "O", "Open Space", null, 114.15], "links": [[]], "coordinate": [1.9885206265293365, 0.38792818418278235, 4999.9501953125], "halfSize": [5.039495000150055, 8.542000000365078, -4999.9501953125]}, {"attributes": [348127234, 124, 29, "V", "Village Type Development", null, 141585.09], "links": [[348127258, 348127232, 348127233, 348127240, 348127241, 348127243, 348127244, 348127245, 348127247, 348127249, 348127549, 348127530, 348127473, 348127460, 348127257, 348127255, 348127254, 348127253, 348127251, 348127250, 348127234, 348127261, 348127262, 348127264, 348127266, 348127270, 348127271, 348127274, 348127276, 348127277, 348127278, 348127279, 348127280, 348127281, 348127282, 348127283, 348127285, 348127286, 348127287, 348127288, 348127289, 348127290, 348127291, 348127294, 348127295, 348127296, 348127297, 348127304, 348127310, 348127312, 348127314, 348127315, 348127317, 348127319, 348127320, 348127321, 348127323, 348127324, 348127334, 348127336, 348127337, 348127340, 348127341, 348127342, 348127345, 348127349, 348127351, 348127352, 348127354, 348127358, 348127360, 348127361, 348127363, 348127366, 348127367, 348127368, 348127371, 348127373, 348127375, 348127381, 348127382, 348127385, 348127387, 348127389, 348127392, 348127397, 348127404, 348127405, 348127408, 348127409, 348127412, 348127418, 348127419, 348127420, 348127421, 348127424, 348127425, 348127426, 348127427, 348127430, 348127433, 348127434, 348127438, 348127441, 348127447, 348127450, 348127455, 348127456, 348127458, 348127462, 348127463, 348127465, 348127466, 348127467, 348127471, 348127477, 348127478, 348127480, 348127481, 348127482, 348127483, 348127484, 348127486, 348127488, 348127490, 348127491, 348127492, 348127493, 348127494, 348127495, 348127497, 348127498, 348127499, 348127502, 348127505, 348127507, 348127512, 348127515, 348127516, 348127517, 348127535, 348127536, 348127537, 348127539, 348127542, 348127543, 348127544, 348127545, 348127556, 348127559, 348127560, 348127561, 348127563, 348127564, 348127565, 348127555, 348127551, 348127550, 348127548, 348127546, 348127534, 348127533, 348127532, 348127268, 348127272, 348127273, 348127275, 348127284, 348127293, 348127298, 348127299, 348127300, 348127301, 348127307, 348127308, 348127311, 348127326, 348127330, 348127332, 348127333, 348127335, 348127338, 348127344, 348127348, 348127350, 348127355, 348127359, 348127362, 348127369, 348127372, 348127383, 348127384, 348127386, 348127390, 348127393, 348127400, 348127401, 348127402, 348127406, 348127410, 348127411, 348127413, 348127415, 348127417, 348127422, 348127423, 348127429, 348127435, 348127436, 348127439, 348127443, 348127448, 348127449, 348127451, 348127453, 348127464, 348127468, 348127469, 348127470, 348127474, 348127479, 348127487, 348127489, 348127500, 348127501, 348127503, 348127506, 348127508, 348127511, 348127518, 348127520, 348127521, 348127522, 348127538, 348127540, 348127541, 348127558, 348127562, 348127553, 348127547, 348127531, 348127529, 348127528, 348127527, 348127526, 348127525, 348127524, 348127523, 348127552, 348127318, 348127365, 348127403, 348127431, 348127440, 348127554]], "coordinate": [1.9884928607546215, 0.38795567027858263, 28.350000381469727], "halfSize": [317.0865699998103, 206.62349000014365, 19.149999618530273]}, {"attributes": [348127235, 124, 7, "G/IC", "Government, Institution or Community", null, 154472.48], "links": [[348127246, 348127248, 348127256, 348127252, 348127380, 348127259, 348127260, 348127267, 348127302, 348127303, 348127305, 348127309, 348127316, 348127327, 348127328, 348127331, 348127347, 348127356, 348127364, 348127388, 348127394, 348127432, 348127454, 348127457, 348127519, 348127513, 348127461, 348127263, 348127265, 348127269, 348127313, 348127322, 348127329, 348127343, 348127346, 348127376, 348127379, 348127398, 348127428, 348127514, 348127510, 348127476, 348127306, 348127339, 348127353, 348127370, 348127378, 348127391, 348127414, 348127437, 348127442, 348127444, 348127446, 348127452, 348127496, 348127475, 348127472]], "coordinate": [1.98840622079549, 0.3879466290424167, 67.0], "halfSize": [235.35099999979138, 259.5824400000274, 43.599998474121094]}, {"attributes": [348127236, 124, 8, "GB", "Green Belt", null, 1990344.49], "links": [[417333581, 417333597, 350224384, 417333299, 417333300, 350224385, 350224386, 348127239, 348127242, 348127236, 348127238, 348127557, 348127396, 348127459, 281018436, 281018380, 281018390, 281018398, 281018437, 281018412]], "coordinate": [1.9885154140264338, 0.38799265718541043, 54.95000076293945], "halfSize": [2898.6818450000137, 1059.1175000006333, 51.14999771118164]}]}