{"features": [{"attributes": [362807296, 101, 16, "OU", "Other Specified Uses", "PIER", 141898.43], "links": [[362807300, 362807303, 429916160, 362807304, 362807319]], "coordinate": [1.9887047496308377, 0.38951575004012073, 7.599999904632568], "halfSize": [211.15550000034273, 379.4184999996796, 3.4000000953674316]}, {"attributes": [362807297, 101, 16, "OU", "Other Specified Uses", "AIRPORT SERVICE AREA", 347675.54], "links": [[362807358, 362807359, 362807360, 364904448, 362807361]], "coordinate": [1.98844655757873, 0.38965958625587604, -4989.75], "halfSize": [672.5586250000633, 318.1262999996543, 5010.150390625]}, {"attributes": [362807298, 101, 1, "C", "Commercial", null, 1293265.41], "links": [[362807296, 362807297, 362807311, 362807313, 362807342, 362807348, 362807349, 362807363, 362807364, 362807365, 362807367, 362807368, 362807369, 362807382, 362807305, 362807310, 362807341, 362807366, 362807389, 362807392, 362807393, 362807394, 362807395, 362807396, 362807398, 362807402, 362807403, 362807383, 362807381, 362807380, 362807379, 362807378, 362807377, 362807376, 362807375, 362807374, 362807373, 362807400, 362807399, 362807356, 362807353, 362807317, 362807387, 362807386, 362807371, 362807345, 362807318, 362807323, 362807321, 362807391, 362807388, 362807370, 362807322, 362807329, 362807332, 362807334, 362807335, 362807336, 362807401, 362807355, 362807354, 362807352, 362807351, 362807324, 362807326, 362807328, 362807330, 362807331, 362807333, 362807337, 362807372, 362807340, 362807338, 360710149, 360710250, 360710239, 360710249, 360710238, 360710232, 360710231, 360710144, 360710184, 360710234, 360710233, 360710195, 360710192, 360710190, 360710237, 360710236, 360710235, 360710194, 360710245, 360710246, 360710258, 360710257, 360710260, 360710244, 360710243, 360710208]], "coordinate": [1.9886210668177293, 0.3893800203295393, 27.649999618530273], "halfSize": [660.0030000000261, 1544.8045749999583, 25.05000114440918]}]}