{"features": [{"attributes": [369098752, 141, 16, "OU", "Other Specified Uses", "RIVER TRADE TERMINAL  (R.T.T.)", 662367.68], "links": [[371195957, 371195959, 371195963, 371195966, 371195967, 371195968, 371196005, 438304935, 436207617, 436207618, 436207619, 436207620, 369098758, 369098760, 369098761, 369098763, 436207621, 436207622, 436207623, 369098768, 436207624, 436207625, 371195969, 371195971, 371195975, 369098757, 369098762, 369098765, 369098764, 371195972, 371195973, 371195976, 369098759, 369098767, 369098769, 369098766]], "coordinate": [1.9886402346909884, 0.39032783190109316, 17.200000762939453], "halfSize": [785.4047249997966, 536.7730000000447, 12.300000190734863]}, {"attributes": [369098753, 141, 16, "OU", "Other Specified Uses", "BREAKWATER", 10965.49], "links": [[]], "coordinate": [1.9886367855875327, 0.39026221792362387, 4999.9501953125], "halfSize": [254.29449999984354, 113.12550000008196, -4999.9501953125]}, {"attributes": [369098754, 141, 16, "OU", "Other Specified Uses", "PIER", 16939.88], "links": [[]], "coordinate": [1.9884304674343418, 0.3903011313785687, 4999.9501953125], "halfSize": [105.62650000024587, 180.43250000011176, -4999.9501953125]}, {"attributes": [369098755, 141, 16, "OU", "Other Specified Uses", "SEWAGE TREATMENT  PLANT", 46208.1], "links": [[369098752, 369098753, 371195993, 371195994, 369098775, 369098776, 369098779, 371195992, 369098774, 371195989, 371195988, 371195987, 371195986, 371195985, 369098773, 369098771, 369098777, 369098778, 369098754, 369098755, 369098756, 369098772, 371195984, 371195983, 369098770]], "coordinate": [1.9886872148060593, 0.39035727693748534, 12.049999237060547], "halfSize": [154.29500000039116, 82.71583500038832, 7.249999523162842]}]}