{"features": [{"attributes": [379584512, 76, 6, "CPA", "Coastal Protection Area", null, 488658.49], "links": [[448790546, 448790559, 448790553, 448790550, 448790549, 448790548, 448790547, 448790563, 448790564, 448790565, 448790571, 448790581, 448790576, 448790566, 448790567, 448790568, 448790569, 448790570, 448790572, 448790573, 446693376, 448790585, 448790584, 448790583, 448790582, 446693380, 446693384, 379584512, 379584513, 379584615, 379584514, 379584515, 379584564, 379584565, 379584589, 379584594, 379584516, 379584520, 379584534, 379584583, 379584548, 379584549, 379584550, 379584551, 379584552, 379584556, 379584555, 379584554, 379584553]], "coordinate": [1.9886876810620893, 0.3914819959590195, 15.200000762939453], "halfSize": [676.2669999999925, 1185.7735000001267, 12.5]}, {"attributes": [379584513, 76, 0, "AGR", "Agriculture", null, 295939.97], "links": [[446693383, 446693382, 446693381, 446693432, 379584560, 446693433, 446693434, 379584575, 446693436, 446693437, 446693438, 446693439, 379584579, 446693441, 379584614, 379584591, 446693444, 446693443, 446693386, 446693385, 446693387, 446693431, 446693442, 446693445, 446693440, 446693435, 379584517, 379584518, 379584558, 379584559, 379584561, 379584562, 379584563, 379584584, 379584587, 379584588, 379584593, 379584595, 379584581, 379584578, 379584574, 379584573, 379584572, 379584571, 379584570, 379584568, 379584566, 379584519, 379584533, 446693448, 446693447, 446693446, 379584521, 379584522, 379584532, 379584539, 379584540, 379584582, 379584585, 379584586, 379584592, 379584597, 379584596, 379584523, 379584528, 379584529, 379584590, 379584580, 379584577, 379584576, 379584569, 379584567]], "coordinate": [1.988711497963746, 0.3914280700241629, 15.350000381469727], "halfSize": [376.61450000014156, 462.07599999941885, 12.350000381469727]}]}