{"features": [{"attributes": [423624704, 85, 8, "GB", "Green Belt", null, 16007.81], "links": [[]], "coordinate": [1.9888104179704142, 0.38873336967285443, 4999.9501953125], "halfSize": [191.71549999993294, 71.12100000027567, -4999.9501953125]}, {"attributes": [423624705, 85, 3, "CA", "Conservation Area", null, 83660.58], "links": [[356516463]], "coordinate": [1.9887623081414925, 0.3887573769008895, 37.45000076293945], "halfSize": [461.7455000001937, 300.9349999995902, 0.9500007629394531]}]}