{"features": [{"attributes": [429916160, 101, 16, "OU", "Other Specified Uses", "SATELLITE CONTROL BUILDING", 399.98], "links": [[429916243]], "coordinate": [1.9889766219768543, 0.38946616132662804, 14.799999237060547], "halfSize": [12.422999999951571, 12.423000000417233, 8.600000381469727]}, {"attributes": [429916161, 101, 16, "OU", "Other Specified Uses", "VENTILATION BUILDING", 3024.94], "links": [[429916172]], "coordinate": [1.9890012457215458, 0.3896052684464811, 11.799999237060547], "halfSize": [29.69650000007823, 29.69649999961257, 5.599999904632568]}, {"attributes": [429916162, 101, 16, "OU", "Other Specified Uses", "BOUNDARY CROSSING FACILITIES AND AIRPORT-RELATED SUPPORTING USES", 1495575.46], "links": [[429916167, 429916211, 429916256, 429916165, 429916168, 429916169, 429916174, 429916175, 429916176, 429916177, 429916236, 429916235, 429916227, 429916226, 429916164, 429916170, 429916171, 429916228, 429916229, 429916270, 429916162, 429916166, 429916259, 429916257, 429916255, 429916254, 429916253, 429916213, 429916212, 429916204, 429916201, 429916163, 429916222, 429916237, 429916238, 429916239, 429916221, 429916206, 429916185, 429916234, 429916258, 429916220, 429916215, 429916205, 429916178, 429916179, 429916180, 429916181, 429916182, 429916183, 429916249, 429916244, 429916242, 429916207, 429916184, 429916186, 429916187, 429916188, 429916189, 429916223, 429916224, 429916225, 429916230, 429916240, 429916241, 429916195, 429916194, 429916193, 429916192, 429916191, 429916190, 429916200, 429916199, 429916198, 429916197, 429916196, 429916245, 429916173, 429916252, 429916250, 429916268, 429916161, 429916202, 429916203, 429916208, 429916209, 429916210, 429916214, 429916216, 429916269, 429916267, 429916266, 429916265, 429916264, 429916263, 429916262, 429916261, 429916260, 429916251, 429916248, 429916247, 429916233, 429916232, 429916231, 429916218, 429916217, 429916219, 429916246]], "coordinate": [1.9888374697822737, 0.3895021113587275, 22.099998474121094], "halfSize": [1038.6745000001974, 722.1289999997243, 16.5]}]}