{"features": [{"attributes": [436207616, 141, 16, "OU", "Other Specified Uses", "CONTAINER  AND  CARGO  HANDLING  AND  STORAGE  AREA", 23800.01], "links": [[436207632, 436207633, 436207640]], "coordinate": [1.9888028892172003, 0.3902773147785936, 12.25], "halfSize": [106.12199999997392, 127.22450000047684, 6.75]}]}