{"features": [{"attributes": [440401920, 141, 16, "OU", "Other Specified Uses", "LRT  COMPREHENSIVE  DEVELOPMENT  AREA", 56927.77], "links": [[440402298, 440402309, 440402313, 440402319, 440402367, 440402293, 440402295, 440402296, 440402299, 440402301, 440402303, 440402304, 440402307, 440402308, 440402310, 440402314, 440402315, 440402316, 440402317, 440402318, 440402320, 440402322, 440402324, 440402325, 440402326, 440402335, 440402330, 440402329, 440402327, 440402311, 440402312]], "coordinate": [1.989065620258645, 0.39063579517466424, 77.94999694824219], "halfSize": [158.21054500015453, 142.47247999999672, 72.55000305175781]}, {"attributes": [440401921, 141, 7, "G/IC", "Government, Institution or Community", null, 295869.47], "links": [[442499398, 509609387, 442499388, 442499407, 507510806, 440401936, 440401937, 507510817, 507510820, 507510822, 507510827, 507510828, 440401949, 440401950, 440401954, 440401955, 440401958, 440401959, 507510834, 440401961, 507510836, 440401964, 440401966, 507510845, 440401968, 440401970, 440401971, 507510847, 507510850, 507510851, 507510852, 507510854, 507510859, 440402439, 507511506, 507510864, 507510865, 507510866, 507510867, 507510869, 440401992, 507510875, 507510879, 440401997, 507510882, 507510883, 507510885, 507510889, 507510892, 507510897, 507510901, 507510902, 440402019, 440402020, 507510907, 507510908, 440402024, 440402027, 440402029, 440402030, 440402031, 440402033, 440402037, 440402038, 440402041, 440402074, 440402077, 440402094, 507511505, 440402398, 440402370, 442499396, 440401938, 440401943, 440401990, 440401994, 440401995, 440401998, 440401999, 440402000, 440402003, 440402005, 440402011, 440402012, 440402016, 440402021, 440402023, 440402025, 440402032, 440402034, 440402035, 440402036, 440402050, 440402059, 440402060, 440402061, 440402062, 440402063, 440402064, 440402065, 440402066, 440402067, 440402068, 440402069, 440402070, 440402071, 440402073, 440402079, 440402080, 440402081, 440402082, 440402083, 440402084, 440402089, 440402092, 440402093, 440402095, 440402096, 440402097, 440402099, 440402101, 440402102, 440402103, 440402105, 440402107, 440402108, 440402109, 440402111, 440402113, 440402368, 440402371, 440402375, 440402376, 440402377, 440402380, 440402385, 440402386, 440402392, 440402399, 440402401, 440402402, 440402403, 440402404, 440402422, 440402412, 440402408, 440402407, 440402406, 440402405, 440402085, 440402086, 440402087, 440402088, 440402090, 440402091, 440402098, 440402100, 440402104, 440402106, 440402110, 440402112, 440402114, 440402400, 440402115, 440402116, 440402117, 440402121, 440402124, 440402125, 440402128, 440402131, 440402133, 440402134, 440402136, 440402142, 440402172, 440402173, 440402180, 440402181, 440402186, 440402187, 440402188, 440402189, 440402190, 440402191, 440402192, 440402193, 440402194, 440402195, 440402196, 440402197, 440402198, 440402199, 440402202, 440402204, 440402207, 440402208, 440402209, 440402373, 440402436, 440402437, 440402438, 440402417, 440402416, 440402415, 440402414, 440402393, 440402389, 440402388, 440402383, 440402382, 440402118, 440402119, 440402120, 440402122, 440402123, 440402126, 440402127, 440402129, 440402130, 440402132, 440402135, 440402137, 440402138, 440402139, 440402140, 440402141, 440402143, 440402148, 440402149, 440402150, 440402151, 440402152, 440402154, 440402155, 440402158, 440402161, 440402162, 440402163, 440402165, 440402166, 440402170, 440402176, 440402177, 440402179, 440402182, 440402183, 440402184, 440402200, 440402201, 440402203, 440402205, 440402206, 440402354, 440402372, 440402418, 440402413, 440402211, 440402212, 440402213, 440402214, 440402218, 440402223, 440402224, 440402355, 440402431, 440402210, 440402220]], "coordinate": [1.9890544612555436, 0.39077568411283387, 36.25], "halfSize": [322.95133499987423, 458.46350000053644, 28.25]}, {"attributes": [440401922, 141, 16, "OU", "Other Specified Uses", "PUBLIC  RECREATION  AND  SPORTS  CENTRE", 577109.86], "links": [[440402236, 440402446, 440402283, 440402447, 440402445, 440402444, 440402294, 440402297, 440402300, 440402305, 440402306, 440402328, 438304789, 438304965, 438304788, 438304791, 438304793, 438304958, 438304815]], "coordinate": [1.9889820539002203, 0.3906152584428572, 21.899999618530273], "halfSize": [519.1130000003614, 740.0789999999106, 13.600000381469727]}, {"attributes": [440401923, 141, 19, "R(A)15", "Residential (Group A)15", null, 43510.31], "links": [[440402270, 440402271, 440402272, 440402280, 440402287, 440402288, 440402291, 440402292, 440402302, 440402259, 440402262, 440402263, 440402264, 440402265, 440402266, 440402267, 440402268, 440402269, 440402273, 440402274, 440402275, 440402276, 440402277, 440402278, 440402279, 440402281, 440402282, 440402284, 440402285, 440402286, 440402289, 440402290]], "coordinate": [1.9890742014510927, 0.3906610079743562, 44.85000228881836], "halfSize": [139.91250000009313, 143.71300000045449, 40.54999923706055]}, {"attributes": [440401924, 141, 26, "SSSI", "Site of Special Scientific Interest", null, 404340.11], "links": [[440402076, 440402072, 440402075, 440402078, 440402144, 440402145, 440402147, 440402156, 440402157, 440402160, 440402411, 440402410]], "coordinate": [1.988864048323173, 0.39076644079507966, 455.4000244140625], "halfSize": [411.4495000001043, 722.3651050003245, 128.3000030517578]}, {"attributes": [440401925, 141, 14, "O", "Open Space", null, 113579.11], "links": [[507511101, 440402440, 440402321, 440402323, 440402395, 440402369, 507511418, 440402353, 438304768, 438304961, 440402432]], "coordinate": [1.9890909630097948, 0.39064392654703234, 10.25], "halfSize": [328.20899999979883, 486.0375000005588, 6.149999618530273]}, {"attributes": [440401926, 141, 8, "GB", "Green Belt", null, 5053505.13], "links": [[511706443, 444596266, 444596271, 444596275, 444596281, 444596282, 442499087, 442499413, 442499381, 442499384, 442499167, 442499174, 442499178, 442499181, 442499376, 442499377, 442499383, 442499387, 442499416, 442499375, 442499378, 442499385, 442499418, 442499390, 442499391, 440401924, 440401925, 440401927, 440401928, 440401930, 440401931, 440401932, 440401934, 440401935, 440401939, 440401941, 440401942, 440401944, 440401945, 440401946, 440401947, 440401956, 440401963, 440401975, 440401977, 440401978, 440401984, 440401987, 440402427, 440402426, 440402423, 442499389, 440401940, 440401960, 440401962, 440401965, 440401967, 440401972, 440401973, 440401974, 440401976, 440401979, 440401980, 440401981, 440401982, 440401983, 440401986, 440402433, 440402435, 440401988, 440401993, 440401996, 440402001, 440402002, 440402004, 440402006, 440402008, 440402010, 440402017, 440402018, 440402026, 440401989, 440401991, 440402007, 440402009, 440402014, 440402022, 440402028, 440402039, 440402040, 440402042, 440402043, 440402044, 440402045, 440402046, 440402047, 440402048, 440402049, 440402051, 440402052, 440402053, 440402054, 440402055, 440402056, 440402057, 440402058, 440402434, 442499392, 442499393, 442499394, 442499395, 440401920, 440401921, 440401922, 440401923, 440401926, 440401929, 440401933, 440401948, 440401951, 440401952, 440401953, 440401957, 440401969, 440402391, 440402394, 440402396, 440402409, 440402424, 440402425, 440402390, 440402387, 440402384, 440402381, 440402379, 440402378, 440402374, 440401985, 440402397, 440402015, 440402013, 440402146, 440402153, 440402159, 440402164, 440402167, 440402168, 440402169, 440402171, 440402174, 440402175, 440402178, 440402185, 440402419, 440402215, 440402216, 440402217, 440402421, 440402232, 440402231, 440402230, 440402229, 440402228, 440402227, 440402226, 440402225, 440402222, 440402219, 440402233, 440402331, 440402332, 440402333, 440402334, 440402337, 440402338, 440402352, 440402351, 440402350, 440402349, 440402348, 440402347, 440402345, 440402344, 440402343, 440402342, 440402341, 440402339, 440402336, 440402340, 440402346, 438304910, 438304911, 371195923, 371195925]], "coordinate": [1.988729618644624, 0.39082360910013036, 106.4000015258789],