{"features": [{"attributes": [446693376, 76, 8, "GB", "Green Belt", null, 59162.37], "links": [[]], "coordinate": [1.9887848847719056, 0.3915217729791992, 4999.9501953125], "halfSize": [199.59849999984726, 219.30000500008464, -4999.9501953125]}, {"attributes": [446693377, 76, 0, "AGR", "Agriculture", null, 15177.36], "links": [[446693377, 446693379, 446693378]], "coordinate": [1.9887567132338928, 0.39150685325372725, 27.350000381469727], "halfSize": [98.21549999993294, 68.93599999975413, 8.649999618530273]}]}