{"features": [{"attributes": [448790528, 76, 0, "AGR", "Agriculture", null, 108806.36], "links": [[450887718, 450887723, 448790580, 448790529, 448790539, 448790538, 448790537, 448790536, 448790532, 448790542, 448790543, 448790579]], "coordinate": [1.9889452770536, 0.3917397094747134, 11.299999237060547], "halfSize": [332.47899999981746, 371.5054999999702, 7.499999523162842]}, {"attributes": [448790529, 76, 0, "AGR", "Agriculture", null, 140915.3], "links": [[448790560, 448790557, 448790555, 448790552, 448790551, 448790588, 448790587, 448790586, 448790578, 448790577, 448790575, 448790574]], "coordinate": [1.9888065935937167, 0.3915898245597767, 17.850000381469727], "halfSize": [220.60350000020117, 340.90000000037253, 11.049999237060547]}, {"attributes": [448790530, 76, 8, "GB", "Green Belt", null, 276980.29], "links": [[448790544, 448790545]], "coordinate": [1.9888486349785666, 0.39165384579236273, 12.5], "halfSize": [333.27650000015274, 383.56299999915063, 8.100000381469727]}]}