{"features": [{"attributes": [450887680, 15, 8, "GB", "Green Belt", null, 115583.29], "links": [[]], "coordinate": [1.9890399803443062, 0.3918020975725581, 4999.9501953125], "halfSize": [248.02400000020862, 222.37800000049174, -4999.9501953125]}, {"attributes": [450887681, 76, 6, "CPA", "Coastal Protection Area", null, 300976.94], "links": [[450887693, 450887694, 450887696, 450887709, 450887710, 450887712, 450887714, 450887715, 450887719, 450887708, 450887707, 450887705, 450887704, 450887703, 450887697, 450887695, 450887711, 450887713, 450887716, 450887706, 450887717, 448790528, 450887725, 448790541, 448790540, 448790535, 448790534, 448790533, 448790531, 448790530]], "coordinate": [1.988902808570021, 0.3917552849176229, 11.899999618530273], "halfSize": [549.5054999999702, 456.38300000038, 8.899999618530273]}]}