{"features": [{"attributes": [476053504, 6, 16, "OU", "Other Specified Uses", "BREAKWATER", 20564.21], "links": [[]], "coordinate": [1.9893727010720472, 0.3872827871371985, 4999.9501953125], "halfSize": [211.6864999998361, 223.7085000006482, -4999.9501953125]}, {"attributes": [476053505, 6, 16, "OU", "Other Specified Uses", "INTEGRATED WASTE MANAGEMENT FACILITIES", 136549.23], "links": [[476053504, 476053505, 476053506, 476053507, 476053508, 543162370, 543162371]], "coordinate": [1.989439125514774, 0.3872705151083459, -4999.9501953125], "halfSize": [328.27249999996275, 201.0405000001192, 4999.9501953125]}]}