{"features": [{"attributes": [482344960, 124, 8, "GB", "Green Belt", null, 26892.51], "links": [[482344967, 482344968, 482344980, 482344970]], "coordinate": [1.9893973913396539, 0.3878259701126033, 16.5], "halfSize": [150.24800000013784, 88.86299000028521, 4.299999713897705]}, {"attributes": [482344961, 124, 29, "V", "Village Type Development", null, 52010.88], "links": [[482344961, 482344964, 482344965, 482344966, 482344978, 482344975, 482344973, 482344972, 482344969]], "coordinate": [1.9894137459549588, 0.387860295646986, 15.100000381469727], "halfSize": [137.87049999972805, 137.81750000081956, 9.399999618530273]}, {"attributes": [482344962, 124, 8, "GB", "Green Belt", null, 40224.07], "links": [[482344979, 482344981, 482344977, 482344976]], "coordinate": [1.989407820801296, 0.38788568932060846, 16.80000114440918], "halfSize": [173.49270000029355, 120.89405000023544, 9.40000057220459]}, {"attributes": [482344963, 124, 24, "REC", "Recreation", null, 3700.0], "links": [[482344960, 482344962, 482344963, 482344974, 482344971]], "coordinate": [1.9893990138700774, 0.3878953715144323, 21.549999237060547], "halfSize": [42.472000000067055, 32.60149999987334, 6.249999523162842]}]}