{"features": [{"attributes": [488636416, 66, 29, "V", "Village Type Development", null, 9397.93], "links": [[488636462, 488636463, 488636464, 488636465, 488636466, 488636467, 488636468, 488636469, 488636470, 488636471, 488636472, 488636473, 488636474, 488636475, 488636476, 488636511]], "coordinate": [1.9894495567805102, 0.3886635895944502, 28.799999237060547], "halfSize": [69.73450000025332, 62.96800000034273, 6.299999237060547]}]}