{"features": [{"attributes": [490733568, 11, 8, "GB", "Green Belt", null, 64905.11], "links": [[]], "coordinate": [1.989375747438881, 0.3888712834483095, 4999.9501953125], "halfSize": [188.222500000149, 128.23199999984354, -4999.9501953125]}, {"attributes": [490733569, 11, 8, "GB", "Green Belt", null, 10538.85], "links": [[]], "coordinate": [1.9893795557281793, 0.3889224491553836, 4999.9501953125], "halfSize": [73.68699999991804, 71.74149999953806, -4999.9501953125]}]}