{"features": [{"attributes": [494927872, 11, 6, "CPA", "Coastal Protection Area", null, 10006.25], "links": [[]], "coordinate": [1.9893275810219653, 0.389186691667237, 4999.9501953125], "halfSize": [52.610000000335276, 329.29250000044703, -4999.9501953125]}, {"attributes": [494927873, 17, 16, "OU", "Other Specified Uses", "RAILWAY DEPOT AND PUBLIC TRANSPORT INTERCHANGE WITH COMMERCIAL/ RESIDENTIAL DEVELOPMENT", 300657.57], "links": [[562036740, 562036741, 494927872, 494927880, 494927879, 562036757, 494927878, 494927877, 494927876, 494927875, 494927874, 494927873, 562036743, 494927881, 494927882, 494927883, 494927884, 494927885]], "coordinate": [1.9894089019846928, 0.3893437318189765, 12.300000190734863], "halfSize": [690.94150000019, 420.9354999996722, 6.800000190734863]}, {"attributes": [494927874, 69, 7, "G/IC", "Government, Institution or Community", null, 9446.46], "links": [[494927886]], "coordinate": [1.9893018836183642, 0.38924466364681176, 8.149999618530273], "halfSize": [119.31650000018999, 76.1019999999553, 2.049999952316284]}, {"attributes": [494927875, 69, 7, "G/IC", "Government, Institution or Community", null, 13678.33], "links": [[]], "coordinate": [1.9892582942370984, 0.38927384463441406, 4999.9501953125], "halfSize": [105.0270000002347, 74.7554999999702, -4999.9501953125]}]}