{"features": [{"attributes": [543162368, 6, 7, "G/IC", "Government, Institution or Community", null, 1324.32], "links": [[543162368, 543162369]], "coordinate": [1.989504794853388, 0.38728189030724763, 62.54999923706055], "halfSize": [21.816000000108033, 23.177499999292195, 1.9500007629394531]}]}