{"features": [{"attributes": [547356672, 124, 5, "CP", "Country Park", null, 3558.97], "links": [[547356672]], "coordinate": [1.9894964513719873, 0.38769135212378003, 5.849999904632568], "halfSize": [37.24650000035763, 63.29825500026345, 1.8499999046325684]}, {"attributes": [547356673, 124, 21, "R(C)", "Residential (Group C)", null, 74228.05], "links": [[547356673, 547356674, 547356675, 547356689, 547356687, 547356686, 547356685, 547356684, 547356682, 547356681, 547356680, 547356677, 547356676, 547356678, 547356679, 480247808, 547356683, 547356690, 547356688]], "coordinate": [1.9894927741416883, 0.3877128488118194, 22.350000381469727], "halfSize": [206.13799999980256, 214.79650000017136, 13.649999618530273]}, {"attributes": [547356674, 124, 8, "GB", "Green Belt", null, 46228.57], "links": [[]], "coordinate": [1.9896542985745476, 0.387757530734801, 4999.9501953125], "halfSize": [354.27001999970526, 238.89764500036836, -4999.9501953125]}]}