{"features": [{"attributes": [549453824, 124, 5, "CP", "Country Park", null, 12546.83], "links": [[]], "coordinate": [1.9896300145784118, 0.38777443976647796, 4999.9501953125], "halfSize": [240.2050000000745, 65.19744999986142, -4999.9501953125]}, {"attributes": [549453825, 124, 21, "R(C)", "Residential (Group C)", null, 98822.28], "links": [[]], "coordinate": [1.9896180617703025, 0.3877800228481848, 4999.9501953125], "halfSize": [316.90480000013486, 277.0094999996945, -4999.9501953125]}, {"attributes": [549453826, 124, 29, "V", "Village Type Development", null, 47181.88], "links": [[549453863, 549453824, 549453825, 549453826, 549453828, 549453842, 549453843, 549453844, 549453846, 549453847, 549453851, 549453852, 549453853, 549453854, 549453864, 549453862, 549453861, 549453858, 549453857, 549453856, 549453841, 549453840, 549453838, 549453837, 549453836, 549453835, 549453834, 549453833, 549453832, 549453831, 549453829, 549453827, 549453845, 549453839]], "coordinate": [1.989656517314099, 0.3878364050818592, 11.75], "halfSize": [166.1929999999702, 176.19999999925494, 6.75]}, {"attributes": [549453827, 124, 8, "GB", "Green Belt", null, 58182.77], "links": [[549453849, 549453850, 549453860]], "coordinate": [1.989676873228254, 0.38788531526799275, 62.150001525878906], "halfSize": [125.96875, 204.9535499997437, 2.1500015258789062]}]}