{"features": [{"attributes": [555745280, 66, 0, "AGR", "Agriculture", null, 3158.88], "links": [[]], "coordinate": [1.9895038593038221, 0.3886261625489388, 4999.9501953125], "halfSize": [38.78099999995902, 48.93349999934435, -4999.9501953125]}, {"attributes": [555745281, 66, 29, "V", "Village Type Development", null, 48962.21], "links": [[555746061, 555746089, 555746094, 555746100, 555746102, 555746105, 555746106, 555746107, 555746112, 555746115, 555746118, 555746119, 555746120, 555746122, 555746123, 555746125, 555746126, 555746346, 555746353, 555746355, 555746480, 555746436, 555746427, 555746426, 555746402, 555746401, 555745287, 555746162, 555746180, 555746183, 555746188, 555746190, 555746191, 555746193, 555746196, 555746202, 555746205, 555746231, 555746238, 555746276, 555746277, 555746278, 555746280, 555746282, 555746283, 555746354, 555746368, 555746376, 555746421, 555746428, 555746429, 555746483, 555746482, 555746411, 555746408, 555746407, 555746406, 555746398, 555746396, 555746384, 555746381, 555745285, 555746128, 555746129, 555746130, 555746131, 555746134, 555746135, 555746137, 555746139, 555746140, 555746141, 555746142, 555746143, 555746144, 555746146, 555746148, 555746149, 555746151, 555746152, 555746154, 555746155, 555746157, 555746159, 555746161, 555746164, 555746165, 555746166, 555746167, 555746168, 555746169, 555746170, 555746171, 555746172, 555746173, 555746175, 555746177, 555746178, 555746179, 555746181, 555746182, 555746184, 555746185, 555746187, 555746192, 555746194, 555746195, 555746197, 555746198, 555746199, 555746201, 555746203, 555746204, 555746206, 555746208, 555746211, 555746212, 555746215, 555746216, 555746217, 555746219, 555746221, 555746222, 555746223, 555746225, 555746228, 555746230, 555746232, 555746233, 555746234, 555746236, 555746240, 555746245, 555746247, 555746250, 555746251, 555746252, 555746253, 555746254, 555746255, 555746261, 555746266, 555746271, 555746274, 555746275, 555746352, 555746369, 555746370, 555746375, 555746377, 555746423, 555746395, 555746387, 555746385]], "coordinate": [1.9895235435828722, 0.38856899026204583, 11.0], "halfSize": [152.53149999957532, 189.97299999929965, 7.200000286102295]}, {"attributes": [555745282, 66, 29, "V", "Village Type Development", null, 45448.86], "links": [[555745539, 555745549, 555745551, 555745569, 555745573, 555745579, 555745587, 555745588, 555745591, 555745593, 555745599, 555745606, 555746363, 555746365, 555745280, 555745281, 555745282, 555745283, 555745467, 555745482, 555745493, 555745499, 555745506, 555745508, 555745513, 555745516, 555745518, 555745524, 555745525, 555745526, 555745530, 555745532, 555745534, 555745536, 555745540, 555745541, 555745543, 555745544, 555745547, 555745548, 555745552, 555745554, 555745555, 555745557, 555745560, 555745561, 555745564, 555745575, 555745577, 555745578, 555745586, 555745594, 555745596, 555745597, 555745600, 555745601, 555745605, 555745610, 555745611, 555745612, 555745615, 555745617, 555746362, 555746366, 555746367, 555746371, 555746379, 555746386, 555746389, 555746391, 555746392, 555746394, 555746397, 555746463, 555746464, 555746491, 555746474, 555746425, 555746424, 555746405, 555746400, 555746399, 555745620, 555745284, 555745621, 555745622, 555745624, 555745627, 555745628, 555745630, 555745632, 555745634, 555745636, 555745638, 555745639, 555745641, 555745645, 555745647, 555745648, 555745650, 555745651, 555745653, 555745655, 555745658, 555745660, 555745661, 555745664, 555745665, 555745667, 555745668, 555745671, 555745672, 555745673, 555745676, 555745680, 555745684, 555745688, 555745692, 555745694, 555745695, 555745697, 555745701, 555745703, 555745704, 555745708, 555745717, 555745719, 555745722, 555745723, 555745728, 555745729, 555745731, 555745734, 555745737, 555745739, 555745740, 555745742, 555745743, 555745746, 555745747, 555745750, 555745752, 555745755, 555745756, 555745758, 555745759, 555745763, 555745764, 555745765, 555745766, 555745768, 555745770, 555745771, 555745772, 555745773, 555745777, 555745781, 555745782, 555745784, 555745785, 555745793, 555745795, 555745797, 555745800, 555745801, 555745802, 555745804, 555745809, 555745811, 555745813, 555745817, 555745818, 555745821, 555745823, 555745824, 555745825, 555745830, 555745832, 555745836, 555745839, 555745840, 555745841, 555745845, 555745846, 555745847, 555745855, 555745861, 555745862, 555745863, 555745866, 555746431, 555746422, 555746404, 555746382]], "coordinate": [1.9895220819297303, 0.3886535513833232, 17.299999237060547], "halfSize": [156.56950000021607, 146.3529999991879, 11.100000381469727]}, {"attributes": [555745283, 66, 0, "AGR", "Agriculture", null, 49354.46], "links": [[555745992, 555746009, 555746016, 555746023, 555746035, 555746050, 555746058, 555746103, 555746104, 555746111, 555746114, 555746147, 555746156, 555746186]], "coordinate": [1.9895042091807524, 0.3885775112804613, 13.050000190734863], "halfSize": [190.0175000000745, 238.08299999963492, 7.949999809265137]}, {"attributes": [555745284, 66, 0, "AGR", "Agriculture", null, 8171.33], "links": [[555745494, 555745496, 555745535, 555745582, 555745546]], "coordinate": [1.9895038234410267, 0.38866061386508555, 15.84999942779541], "halfSize": [73.89550000010058, 53.31550000049174, 2.9499998092651367]}, {"attributes": [555745285, 66, 8, "GB", "Green Belt", null, 304287.3], "links": [[555746293, 555746279, 555746378, 555746303, 555746304, 555746305, 555746308, 555746310, 555746312, 555746313, 555746326, 555746322, 555746318, 555746317, 555746316, 555746307, 555746321, 555746320, 555746319, 555746315, 555746314, 553648131, 553648132, 553648134, 553648166, 555746127, 555746481, 555746259, 555746213, 555746327, 555746328, 555746329, 555746330, 555746331, 555746332, 555746333, 555746334, 555746335, 555746336, 555746337, 555746338, 553648130, 553648133, 553648135]], "coordinate": [1.9896567059978632, 0.38851621183380264, 84.05000305175781], "halfSize": [440.15250000031665, 425.87800000049174, 54.25]}, {"attributes": [555745286, 66, 7, "G/IC", "Government, Institution or Community", null, 50375.65], "links": [[555746290, 555746287, 555746286, 555746471, 555746472, 555746473, 555746323, 555746311, 555746309, 555746297, 555746294]], "coordinate": [1.989642165813589, 0.3885242502399472, 95.75], "halfSize": [133.25199999986216, 149.23950000014156, 9.550003051757812]}, {"attributes": [555745287, 66, 22, "R(D)", "Residential (Group D)", null, 5129.64], "links": [[555746281, 555746284, 555746285, 555746288, 555746289, 555746292, 555746295]], "coordinate": [1.989548709767592, 0.3885347471897137, 9.0], "halfSize": [37.6125000002794, 71.09150000009686, 4.800000190734863]}, {"attributes": [555745288, 66, 7, "G/IC", "Government, Institution or Community", null, 2663.21], "links": [[]], "coordinate": [1.9895619320756477, 0.38862144974393315, 4999.9501953125], "halfSize": [44.62899999972433, 29.32299999985844, -4999.9501953125]}, {"attributes": [555745289, 66, 24, "REC", "Recreation", null, 135166.45], "links": [[555746108, 555746109, 555746124, 555746383, 555746096, 555746475, 555745286, 555746468]], "coordinate": [1.9895581247223308, 0.38856331791109344, 8.300000190734863], "halfSize": [261.04849999956787, 285.18899999931455, 5.5]}, {"attributes": [555745290, 66, 7, "G/IC", "Government, Institution or Community", null, 3617.37], "links": [[555745911, 555745921, 555745925, 555745927, 555745929, 555745909, 555745907]], "coordinate": [1.9894986353745594, 0.38862190261319, 11.200000762939453], "halfSize": [47.93350000027567, 35.57050000037998, 2.5999999046325684]}, {"attributes": [555745291, 66, 29, "V", "Village Type Development", null, 23527.03],