{"features": [{"attributes": [578813952, 140, 16, "OU", "Other Specified Uses", "QUARRY", 269929.1], "links": [[578814167, 578814096, 578814100, 578814101, 578814109, 578814142, 578814136, 578814131, 578814124]], "coordinate": [1.9895687886230298, 0.3912041411743626, 37.45000076293945], "halfSize": [354.08399999979883, 331.3145000003278, 22.25]}, {"attributes": [578813953, 140, 7, "G/IC", "Government, Institution or Community", null, 12466.38], "links": [[578813979, 578813980, 578813983]], "coordinate": [1.9896094221105742, 0.39128499188970783, 98.3499984741211], "halfSize": [62.42799999983981, 83.79500000085682, 3.6500015258789062]}, {"attributes": [578813954, 140, 8, "GB", "Green Belt", null, 485272.21], "links": [[580912602, 580912581, 580912584, 580912587, 580912595, 580912604, 580912829, 580912607, 580912636, 580912658, 580912664, 580912665, 580912716, 580912714, 580912712, 580912711, 580912699, 580912696, 580912690, 580912670, 580912700, 580912708, 578813953, 578813963, 578813968, 578814016, 578813969, 578813971, 578813972, 578813973, 578813975, 578813976, 578813977, 578813978, 578813985, 578813987, 578813989, 578813990, 578814152, 578814150, 578814047, 578814042, 578814041, 578814006, 578813999, 578814081, 578814080, 578814065, 578813970, 578813974, 578813982, 578813984, 578813986, 578813988, 578813991, 578813993, 578813994, 578813997, 578813998, 578814033, 578814036, 578814159, 578814161, 578814162, 578814163, 578814164, 578814165, 578814158, 578814157, 578814154, 578814151, 578814148, 578814064, 578814068, 578814071, 578814072, 578814084, 578814087, 578814089, 578814140, 578814090, 578814091, 578814095, 578814097, 578814098, 578814115, 578814118, 578814119, 578814160, 578814170, 578814146, 578814135, 578814133, 578814132, 578814129, 578814123, 578814120, 578814085, 578814086, 578814088, 578814092, 578814093, 578814094, 511706098, 511706101, 511706109, 578814099, 511706133, 511706139, 578814102, 578814106, 578814107, 578814108, 578814111, 578814112, 578814114, 578814116, 578814117, 578814121, 578814125, 511707130, 578814128, 578814134, 578814137, 578814139, 578814141, 578814166, 578814156, 578814155, 578814153, 578814149, 578814145, 578814143, 511707217, 511707211, 511706072, 511707118, 511707170, 511707204, 511707779, 511707101]], "coordinate": [1.98951222486977, 0.39126016630309457, 67.05000305175781], "halfSize": [715.8684999998659, 674.4560000002384, 59.45000076293945]}, {"attributes": [578813955, 140, 3, "CA", "Conservation Area", null, 924207.79], "links": [[580912560, 580912649, 580912667, 580912669, 580912736, 580912731]], "coordinate": [1.9896955197954276, 0.39126902925769264, 37.79999923706055], "halfSize": [591.5699999998324, 514.964499999769, 8.699999809265137]}, {"attributes": [578813956, 140, 22, "R(D)", "Residential (Group D)", null, 61608.91], "links": [[578813981, 578813992, 578814001, 578814002, 578814003, 578814005, 578814008, 578814009, 578814010, 578814011, 578814012, 578814013, 578814015, 578814026, 578814028, 578814031, 578814037, 578814044, 578814057, 578814147, 578814113, 511705300, 578813995, 578813996, 511705375, 511705397, 578814017, 578814018, 578814019, 578814020, 578814021, 578814022, 578814023, 578814024, 578814025, 511705442, 511705443, 511705456, 578814027, 578814029, 578814030, 578814032, 578814034, 578814035, 578814038, 578814039, 578814040, 511705491, 578814043, 578814045, 511705506, 578814048, 511705514, 511705515, 578814050, 578814051, 578814052, 578814053, 578814054, 511705520, 511705544, 578814058, 511705547, 511705550, 578814059, 578814061, 578814062, 578814063, 511705566, 511705567, 578814066, 578814067, 511705578, 578814070, 578814073, 511705619, 578814074, 511705621, 578814075, 511705637, 578814077, 511705648, 511705662, 578814103]], "coordinate": [1.9894892415117018, 0.39126809131596735, 19.100000381469727], "halfSize": [223.02766000013798, 121.12322499975562, 6.100000381469727]}, {"attributes": [578813957, 140, 8, "GB", "Green Belt", null, 104264.39], "links": [[580912487, 580912520, 580912536, 580912555, 580912574, 580912605, 580912644, 580912671, 580913429, 578814000, 578814004, 578814007, 578814014, 578814046, 578814049, 578814055, 578814056, 578814169, 578814060, 578814069, 578814168, 578814076, 578814078, 578814079, 578814104, 578814105]], "coordinate": [1.9895252019432161, 0.3912999256883764, 20.450000762939453], "halfSize": [346.800804999657, 371.79199999943376, 5.550000190734863]}]}