{"features": [{"attributes": [589299712, 89, 26, "SSSI", "Site of Special Scientific Interest", null, 30055.3], "links": [[]], "coordinate": [1.9898086052860815, 0.39231141403524644, 4999.9501953125], "halfSize": [85.50650000013411, 190.80549999978393, -4999.9501953125]}, {"attributes": [589299713, 89, 26, "SSSI", "Site of Special Scientific Interest", null, 19463.54], "links": [[]], "coordinate": [1.9898165886182662, 0.3923599650215208, 4999.9501953125], "halfSize": [122.98100000014529, 66.79750000033528, -4999.9501953125]}, {"attributes": [589299714, 89, 6, "CPA", "Coastal Protection Area", null, 559876.19], "links": [[589299722, 589299723, 589299725, 589299726, 589299729, 589299731, 589299733, 589299734, 589299759, 591396868, 589300322, 591396889, 591396891, 591396890, 589299724, 589299719, 589299718, 589299716, 589299715, 589299714, 591396864, 591396865, 591396866, 591396867, 591396869, 591396870, 591396871, 591396872, 591396873, 591396874, 591396875, 591396876, 591396877, 591396878, 591396879, 591396881, 591396882, 591396883, 591396884, 591396885, 591396886, 591396888, 589300387, 591396893, 591396892, 589299721, 589299720, 591396880, 591396887, 589299712, 589299713, 589299717, 589300386, 589300385, 589299728, 589299730, 589299732, 589299735, 589299736, 589299752, 589299753, 589299754, 589299756, 589299757, 589299758, 589299760, 589299762, 589299763, 589299764, 589299765, 589300427, 589300399, 589299750, 589299749, 589299748, 589299747, 589299745, 589299744, 589299743, 589299741, 589299740, 589299739, 589299737, 589300423, 589300422, 589300042, 589300050, 589300087, 589300115, 589300118, 589300123, 589300131, 589300225, 520093696, 587202561, 520094224, 520093698, 520093731]], "coordinate": [1.9896134738680689, 0.3923305661175056, 12.449999809265137], "halfSize": [1401.343499999959, 1175.7595000006258, 9.949999809265137]}, {"attributes": [589299715, 89, 29, "V", "Village Type Development", null, 265467.13], "links": [[589299777, 589300433, 589300181, 589300190, 589300199, 589300202, 589300204, 589300210, 589300213, 589300216, 589300334, 589300335, 589300381, 589300382, 589299788, 589299791, 589299792, 589299795, 589299796, 589299797, 589299800, 589299801, 589299804, 589299805, 589299808, 589299811, 589299813, 589299814, 589299816, 589299817, 589299821, 589299823, 589299825, 589299828, 589299832, 589299834, 589299836, 589299838, 589299842, 589299844, 589299845, 589299847, 589299848, 589299849, 589299851, 589299854, 589299856, 589299859, 589299861, 589299862, 589299863, 589299864, 589299868, 589299869, 589299872, 589299873, 589299879, 589299880, 589299881, 589299882, 589299884, 589299885, 589299887, 589299888, 589299890, 589299891, 589299896, 589299899, 589299902, 589299907, 589299908, 589299909, 589299910, 589299911, 589299913, 589299915, 589299917, 589299920, 589299921, 589299925, 589299927, 589299928, 589299931, 589299932, 589299934, 589299937, 589299939, 589299941, 589299942, 589299944, 589299950, 589299951, 589299954, 589299955, 589299957, 589299959, 589299961, 589299963, 589299964, 589299966, 589299967, 589299969, 589299970, 589299972, 589299973, 589299974, 589299977, 589299978, 589299985, 589299988, 589299990, 589299999, 589300000, 589300006, 589300008, 589300011, 589300015, 589300016, 589300018, 589300021, 589300026, 589300030, 589300054, 589300055, 589300058, 589300060, 589300067, 589300069, 589300077, 589300078, 589300081, 589300085, 589300088, 589300092, 589300117, 589300127, 589300129, 589300130, 589300132, 589300141, 589300145, 589300148, 589300149, 589300154, 589300159, 589300169, 589300173, 589300175, 589300176, 589300177, 589300178, 589300179, 589300180, 589300182, 589300184, 589300185, 589300186, 589300189, 589300194, 589300195, 589300198, 589300200, 589300203, 589300207, 589300215, 589300218, 589300299, 589300300, 589300303, 589300304, 589300318, 589300331, 589300332, 589300333, 589300339, 589300340, 589300355, 589300356, 589300357, 589300358, 589300359, 589300360, 589300361, 589300362, 589300363, 589300364, 589300365, 589300369, 589300370, 589300373, 589300376, 589300384, 589300392, 589300397, 589300440, 589300424, 589300420, 589300419, 589300418, 589300415, 589300414, 589300413, 589300407, 589300404, 589300403, 589300398, 589299778, 589299779, 589299780, 589299781, 589299782, 589299783, 589299784, 589299785, 589299787, 589300232, 589300240, 589300367, 589300406, 589300231, 589300233, 589300234, 589300235, 589300236, 589300237, 589300238, 589300239, 589300241, 589300242, 589300243, 589300245, 589300246, 589300247, 589300248, 589300249, 589300250, 589300251, 589300252, 589300253, 589300330, 589300336, 589299789, 589299790, 589299794, 589299799, 589299802, 589299803, 589299806, 589299807, 589299809, 589299810, 589299812, 589299815, 589299818, 589299819, 589299820, 589299822, 589299824, 589299826, 589299827, 589299829, 589299830, 589299831, 589299833, 589299835, 589299837, 589299839, 589299840, 589299841, 589299843, 589299852, 589299853, 589299855, 589299857, 589299858, 589299860, 589299866, 589299867, 589299870, 589299871, 589299874, 589299876, 589299877, 589299883, 589299886, 589299889, 589299892, 589299893, 589299894, 589299895, 589299898, 589299900, 589299903, 589299904, 589299905, 589299906, 589299912, 589299914, 589299916, 589299919, 589299923, 589299924, 589299936, 589299938, 589299940, 589299943, 589299945, 589299946, 589299952, 589299953, 589299956, 589299958, 589299960, 589299968, 589299971, 589299975, 589299979, 589299980, 589299982, 589299983, 589299984, 589299989, 589299993, 589299996, 589300001, 589300004, 589300005, 589300007, 589300010, 589300014, 589300019, 589300022, 589300023, 589300024, 589300032, 589300036, 589300045, 589300046, 589300047, 589300048, 589300049, 589300057, 589300062, 589300064, 589300073, 589300074, 589300079, 589300090, 589300091, 589300105, 589300121, 589300126, 589300133, 589300134, 589300135, 589300136, 589300138, 589300139, 589300142, 589300146, 589300151, 589300152, 589300155, 589300156, 589300158, 589300165, 589300168, 589300171, 589300172, 589300219, 589300283, 589300292, 589300293, 589300294, 589300295, 589300297, 589300298, 589300319, 589300328, 589300329, 589300341, 589300342, 589300343, 589300344, 589300347, 589300348, 589300349, 589300366, 589300374, 589300375, 589300377, 589300378, 589300379, 589300380, 589300389, 589300390, 589300391, 589300393, 589300394, 589300395, 589300401, 589300402, 589300405, 589300409, 589300410, 589300444, 589300439, 589300438, 589300428, 589300417, 589300416, 589300411, 589299878, 589299897, 589299901, 589299918, 589299926, 589299929, 589299930, 589299933, 589299935, 589299947, 589299948, 589299949, 589299965, 589299976, 589299981, 589299986, 589299987, 589299992, 589299994, 589299995, 589299997, 589299998, 589300002, 589300003, 589300009, 589300012, 589300013, 589300017, 589300020, 589300025, 589300027, 589300028, 589300029, 589300033, 589300034, 589300035, 589300037, 589300038, 589300039, 589300040, 589300041, 589300043, 589300044, 589300051, 589300052, 589300053, 589300056, 589300059, 589300061, 589300063, 589300065, 589300066, 589300070, 589300071, 589300072, 589300075, 589300076, 589300080, 589300082, 589300083, 589300084, 589300086, 589300089, 589300093, 589300094, 589300095, 589300096, 589300098, 589300099, 589300100, 589300101, 589300102, 589300103, 589300104, 589300106, 589300107, 589300108, 589300109, 589300110, 589300111, 589300112, 589300113, 589300114, 589300116, 589300119, 589300120, 589300122, 589300124, 589300125, 589300137, 589300140, 589300143, 589300144, 589300147, 589300150, 589300153, 589300157, 589300160, 589300161, 589300162, 589300163, 589300164, 589300166, 589300167, 589300170, 589300174, 589300183, 589300187, 589300188, 589300191, 589300192, 589300193, 589300196, 589300197, 589300201, 589300205, 589300206, 589300208, 589300209, 589300211, 589300212, 589300214, 589300217, 589300220, 589300221, 589300222, 589300254, 589300255, 589300256, 589300257, 589300258, 589300259, 589300260, 589300261, 589300262, 589300263, 589300264, 