{"features": [{"attributes": [624951296, 135, 7, "G/IC(3)", "Government, Institution or Community(3)", null, 28992.48], "links": [[624951316, 624951317, 624951318, 624951321, 624951322, 624951323, 624951324, 624951325, 624951359, 624951326, 624951320, 624951319, 624951327, 624951328, 624951329, 624951330, 624951331, 624951332, 624951361, 624951341, 624951338, 624951336, 624951335, 624951334, 624951333, 624951342]], "coordinate": [1.9899930476665466, 0.38887066023033245, 102.30000305175781], "halfSize": [162.96849999995902, 109.46850000042468, 19.200000762939453]}]}