{"features": [{"attributes": [631242752, 135, 6, "CPA", "Coastal Protection Area", null, 7238.55], "links": [[]], "coordinate": [1.9902126801171105, 0.3894298617545627, 4999.9501953125], "halfSize": [54.25799999991432, 60.79700000025332, -4999.9501953125]}, {"attributes": [631242753, 135, 6, "CPA", "Coastal Protection Area", null, 15651.42], "links": [[]], "coordinate": [1.990171942000876, 0.38943535290769915, 4999.9501953125], "halfSize": [106.20099999988452, 94.29799999948591, -4999.9501953125]}, {"attributes": [631242754, 135, 5, "CP", "Country Park", null, 625258.05], "links": [[]], "coordinate": [1.9901095909538458, 0.38946958867901976, 4999.9501953125], "halfSize": [895.3445000001229, 554.6599999992177, -4999.9501953125]}]}