{"features": [{"attributes": [633339904, 67, 8, "GB", "Green Belt", null, 29012.93], "links": [[]], "coordinate": [1.990081289816919, 0.3898144805212545, 4999.9501953125], "halfSize": [124.9210000000894, 180.41750000044703, -4999.9501953125]}, {"attributes": [633339905, 67, 16, "OU", "Other Specified Uses", "TRACTION  SUBSTATION", 2960.22], "links": [[633339904]], "coordinate": [1.9902063553969425, 0.3897834432282992, 13.950000762939453], "halfSize": [44.36599999992177, 40.525500000454485, 8.25]}, {"attributes": [633339906, 67, 7, "G/IC", "Government, Institution or Community", null, 116.01], "links": [[]], "coordinate": [1.9902006640720151, 0.38975822731441007, 4999.9501953125], "halfSize": [7.666499999817461, 7.47649999987334, -4999.9501953125]}, {"attributes": [633339907, 67, 7, "G/IC", "Government, Institution or Community", null, 17575.69], "links": [[633339912, 633339914]], "coordinate": [1.9902131802879979, 0.3897587014647514, 13.049999237060547], "halfSize": [106.53750000009313, 102.42449999973178, 3.8499999046325684]}]}