{"features": [{"attributes": [639631360, 110, 20, "R(B)1", "Residential (Group B)1", null, 44296.84], "links": [[639631525, 639631543, 639631559, 639631564, 639631572, 639631708, 639631593, 639631592, 639631582, 639631571, 639631581, 639631599, 639631600, 639631607, 639631610, 639631612, 639631623, 639631605, 639631620, 639631621, 639631622]], "coordinate": [1.989897759953339, 0.390391950672125, 52.60000228881836], "halfSize": [164.70349999982864, 153.8189999992028, 46.29999923706055]}, {"attributes": [639631361, 110, 29, "V", "Village Type Development", null, 44481.14], "links": [[639631360, 639631361, 639631362, 639631710, 639631711, 639631712, 572523647, 639631726, 639631727, 639631728, 639631751, 639631752, 639631753, 639631761, 639631778, 639631779, 639631724, 639631723, 639631722, 639631721, 639631720, 639631719, 639631718, 639631717, 639631716, 639631715, 639631714, 639631709, 572523508, 572523531, 639631713, 572523593, 639631725, 572523669, 572523866, 572524253, 639631770, 572523877, 572523867]], "coordinate": [1.9898445212207794, 0.390546128242777, 13.950000762939453], "halfSize": [194.7434999998659, 119.95250000059605, 5.750000476837158]}, {"attributes": [639631362, 110, 7, "G/IC", "Government, Institution or Community", null, 368170.66], "links": [[639631363, 639631370, 639631371, 639631372, 639631376, 639631377, 639631383, 639631385, 639631392, 639631394, 639631395, 639631396, 639631397, 639631400, 639631754, 639631775, 639631416, 639631413, 639631366, 639631367, 639631369, 639631374, 639631375, 639631378, 639631380, 639631381, 639631384, 639631388, 639631399, 639631401, 639631402, 639631403, 639631404, 639631756, 639631417, 639631415, 639631414, 639631412, 639631411, 639631410, 639631409, 639631408, 639631406, 639631365, 639631373, 639631379, 639631386, 639631387, 639631393, 639631419, 639631420, 639631430, 639631436, 639631446, 639631452, 639631755, 639631757, 639631771, 639631772, 639631773, 639631774, 639631747, 639631418, 639631421, 639631422, 639631423, 639631424, 639631425, 639631428, 639631429, 639631433, 639631435, 639631437, 639631440, 639631441, 639631442, 639631443, 639631445, 639631448, 639631449, 639631451, 639631453, 639631455, 639631457, 639631459, 639631460, 639631464, 639631468, 639631476, 639631478, 639631485, 639631488, 639631763, 639631497, 639631491, 639631748, 639631519, 639631516, 639631514, 639631513, 639631510, 639631509, 639631502, 639631499, 639631426, 639631431, 639631432, 639631434, 639631438, 639631439, 639631494, 639631475, 639631465, 639631461, 639631456, 639631450, 639631447, 639631444, 639631427, 639631504, 639631501, 639631522]], "coordinate": [1.9900730422968032, 0.39045652870031816, 71.44999694824219], "halfSize": [436.48599999956787, 390.3859999999404, 67.55000305175781]}, {"attributes": [639631363, 110, 21, "R(C)1", "Residential (Group C)1", null, 162145.13], "links": [[639631591, 639631587, 639631585, 639631569, 572523338, 639631574, 639631577, 572523339, 572523340, 572523977, 572523978, 572523979, 572523988, 572523989, 572524306, 572524305, 572524304, 572524303, 639631586, 639631583, 639631579, 639631594, 639631597, 639631596, 572523353, 639631598, 639631601, 572523354, 572523355, 639631609, 572522947, 572522955, 572522956, 572522961, 572522973, 572523005, 572523018, 572523066, 572523068, 572523071, 572523077, 572523079, 572523081, 572523082, 572523088, 572523096, 572523137, 572523140, 572523153, 572523477, 572523478, 572523479, 572524361, 572524362, 572524363, 572524143, 572523170, 572523175, 572523176, 572523187, 572523188, 572523192, 572523963, 572523964, 572523972, 572523973, 572523974, 572523975, 572523976, 572523980, 572523981, 572524356, 572523987, 572523986, 572523985, 572523984, 572523983, 572523982]], "coordinate": [1.9898537336333795, 0.39043876838278435, 58.29999923706055], "halfSize": [447.96249999990687, 406.839999999851, 47.20000076293945]}, {"attributes": [639631364, 110, 8, "GB", "Green Belt", null, 2009626.09], "links": [[641728512, 572522499, 572523485, 572523691, 572522496, 572522632, 572522640, 572522643, 572522645, 572522647, 572522673, 572522585, 572522662, 572523498, 572523503, 572523511, 572523513, 572523542, 572523546, 572523557, 572523564, 572523579, 572523583, 572523596, 572523598, 572523600, 572523606, 572523620, 572523622, 572523627, 572523628, 572523629, 572523630, 572523645, 572523648, 572523666, 572523690, 572523686, 572523674, 572523668, 572522535, 572522540, 572522547, 572522550, 572522587, 572522589, 572522592, 572522593, 572522595, 572522597, 572522600, 572522642, 572522646, 572522649, 572522652, 572522654, 572523544, 572523607, 572522517, 572522529, 572522537, 572522539, 572522606, 572522653, 572522659, 572522672, 572522674, 572522679, 572522681, 572522683, 572523494, 572523528, 572523637, 572523615, 572523594, 572523588, 572523577, 572523576, 572523574, 572523556, 572523554, 572523552, 572522512, 572522609, 639631382, 639631389, 639631390, 639631391, 639631398, 639631405, 639631407, 639631765, 639631764, 639631454, 639631458, 639631462, 639631466, 639631470, 639631463, 639631467, 639631469, 639631471, 639631472, 639631473, 639631474, 639631477, 639631479, 639631480, 639631481, 639631482, 639631483, 639631484, 639631486, 639631487, 639631489, 639631490, 639631492, 639631493, 639631495, 639631496, 639631498, 639631503, 639631749, 639631500, 639631506, 639631548, 639631554, 639631505, 639631507, 639631508, 639631511, 639631512, 639631515, 639631517, 639631518, 639631520, 639631521, 639631523, 639631524, 639631526, 639631535, 639631553, 639631563, 639631759, 639631573, 639631527, 639631528, 639631529, 639631530, 639631531, 639631532, 639631533, 639631534, 639631536, 639631537, 639631538, 639631539, 639631540, 639631541, 639631542, 639631544, 639631545, 639631546, 639631547, 639631549, 639631550, 639631551, 639631552, 639631555, 639631556, 639631557, 639631558, 639631560, 639631561, 639631562, 639631565, 639631566, 639631567, 639631568, 639631570, 639631575, 639631576, 639631589, 639631580, 639631633, 639631640, 639631654, 639631666, 639631683, 639631691, 639631695, 639631698, 639631701, 639631702, 639631703, 639631705, 639631707, 637534211, 637534212, 637534219, 637534225, 637534226, 637534227, 637534235, 637534238, 637534239, 637534241, 637534242, 637534244, 637534252, 637534253, 637534258, 637534270, 637534546, 637534545, 637534247, 637534256, 637534257, 637534259, 637534260, 637534261, 637534262, 637534263, 637534264, 637534265, 637534266, 637534268, 637534271, 637534273, 637534279, 637534281, 637534282, 637534286, 637534296, 637534298, 637534301, 637534304, 637534306, 637534317, 637534334, 637534336, 637534543, 639631680, 639631628, 572522735, 572522737, 572522695, 572522703, 572522704, 572522705, 572522711, 572522713, 572522685, 572522689, 572522691, 572522692, 572522696, 572522699, 572522700, 572522708, 572522709]], "coordinate": [1.989791085881732, 0.3904829003990137, 40.35000228881836], "halfSize": [1577.510040000081, 1096.6019999999553, 37.95000076293945]}, {"attributes": [639631365, 110, 7, "G/IC(1)", "Government, Institution or Community(1)", null, 2814.76], "links": [[639631689, 639631696]], "coordinate": [1.9899098741798051, 0.3903656820818612, 22.099998474121094], "halfSize": [32.38752999994904, 37.1219499995932, 9.999999046325684]}]}