{"features": [{"attributes": [683671552, 159, 14, "O", "Open Space", null, 2317.79], "links": [[]], "coordinate": [1.9902394787352486, 0.38778048070176513, 4999.9501953125], "halfSize": [33.3125, 56.46899999957532, -4999.9501953125]}, {"attributes": [683671553, 159, 6, "CPA", "Coastal Protection Area", null, 45093.57], "links": [[]], "coordinate": [1.9902194372253417, 0.3878301461265815, 4999.9501953125], "halfSize": [468.09499999973923, 260.25, -4999.9501953125]}]}