{"features": [{"attributes": [696254464, 67, 16, "OU", "Other Specified Uses", "PIER", 14103.18], "links": [[696254489, 696254490, 696254491, 696254488]], "coordinate": [1.990473366424824, 0.38932279920062857, 10.5], "halfSize": [57.5, 94.49049999937415, 5.899999618530273]}, {"attributes": [696254465, 67, 16, "OU", "Other Specified Uses", "HOTEL", 567229.92], "links": [[763363329, 763363328, 765460490, 765460489, 696254526, 696254527, 696254525, 696254528, 696254529, 696254464, 696254465, 696254481, 696254485, 696254487, 696254475, 696254476, 696254477, 696254478, 696254524, 696254523, 696254522, 696254479, 696254480, 696254482, 696254483, 696254484, 696254486, 696254516, 696254521, 696254520, 696254519, 696254518, 696254517]], "coordinate": [1.9904536787391487, 0.3893828581206644, 19.200000762939453], "halfSize": [1082.9109999998473, 446.88654000032693, 13.200000762939453]}, {"attributes": [696254466, 67, 16, "OU", "Other Specified Uses", "AMENITY AREA", 11349.71], "links": [[]], "coordinate": [1.9903023963569, 0.38937543907633104, 4999.9501953125], "halfSize": [199.01550000021234, 132.63727500010282, -4999.9501953125]}, {"attributes": [696254467, 67, 7, "G/IC", "Government, Institution or Community", null, 1180.05], "links": [[696254473, 696254492]], "coordinate": [1.9903246354247375, 0.3894044814359637, 9.049999237060547], "halfSize": [25.08699999982491, 53.274000000208616, 1.8499999046325684]}]}