{"features": [{"attributes": [700448768, 67, 27, "U", "Undetermined", null, 793151.76], "links": [[702545925, 702545928, 702545930, 702545934, 633339905]], "coordinate": [1.99024499792264, 0.389813271836438, 11.550000190734863], "halfSize": [1256.966000000015, 973.3850000007078, 6.65000057220459]}, {"attributes": [700448769, 67, 16, "OU", "Other Specified Uses", "AMENITY AREA", 1152.26], "links": [[]], "coordinate": [1.9902825916569535, 0.38967946831701183, 4999.9501953125], "halfSize": [22.151999999769032, 24.759999999776483, -4999.9501953125]}, {"attributes": [700448770, 67, 8, "GB", "Green Belt", null, 3691427.06], "links": [[767557632, 767557633, 700448768, 767557637, 767557636, 767557635, 767557634, 767557644, 767557642, 767557641, 767557640, 767557639, 767557638, 700448769, 700448776]], "coordinate": [1.9904467952676286, 0.3897776261313489, 136.85000610351562], "halfSize": [1238.9199999999255, 1072.1310000000522, 133.14999389648438]}]}