{"features": [{"attributes": [702545920, 67, 8, "GB", "Green Belt", null, 141563.54], "links": [[702545920, 702545921, 702545922, 702545923, 769655131]], "coordinate": [1.9905405859533, 0.38999551889838324, 77.8499984741211], "halfSize": [452.7079999996349, 269.2719999998808, 71.6500015258789]}, {"attributes": [702545921, 67, 16, "OU", "Other Specified Uses", "VENTILATION BUILDING  AND TRACTION SUBSTATION", 2018.73], "links": [[702545926, 702545927, 702545929]], "coordinate": [1.9905541939377251, 0.3899200235779473, 67.69999694824219], "halfSize": [43.38400000007823, 24.870499999262393, 9.899999618530273]}, {"attributes": [702545922, 67, 8, "GB", "Green Belt", null, 307773.54], "links": [[702545931, 702545932, 702545933]], "coordinate": [1.9905051623568448, 0.38996711958001484, 51.599998474121094], "halfSize": [526.5755000002682, 406.9035000000149, 7.69999885559082]}]}