{"features": [{"attributes": [706740224, 114, 7, "G/IC", "Government, Institution or Community", null, 53338.87], "links": [[706740251, 706740252, 706740253, 706740254, 706740255, 706740256, 706740258, 706740259, 706740262, 706740263, 706740265, 706740269, 704643073, 706740270, 704643072]], "coordinate": [1.9905615531577099, 0.39038249953689025, 118.0], "halfSize": [165.49749999959022, 166.83150000032037, 10.800003051757812]}]}