{"features": [{"attributes": [713031680, 115, 5, "CP", "Country Park", null, 404008.24], "links": [[713031915, 713031916, 713031917, 713031918, 713031929, 713031932, 713031936, 713031925, 713031924, 713031923, 713031922, 713031921, 713031920, 713031919, 710934532, 710934533, 710934534, 710934535, 710934531, 710934530, 710934529, 710934528]], "coordinate": [1.9902559226989902, 0.3910878274585023, 135.75], "halfSize": [480.281500000041, 309.5964999999851, 25.64999771118164]}, {"attributes": [713031681, 115, 24, "REC(1)", "Recreation(1)", null, 36801.47], "links": [[713031886]], "coordinate": [1.9904271446191688, 0.3912296753960322, 102.44999694824219], "halfSize": [136.3530000001192, 128.97499999962747, 1.1499977111816406]}, {"attributes": [713031682, 115, 3, "CA", "Conservation Area", null, 1030834.51], "links": [[713031704, 713031706, 713031709, 713031700, 713031843, 713031842, 713031841, 713031840, 713031831, 713031824, 713031818, 713031895]], "coordinate": [1.9904410555841683, 0.3912621358610949, 43.44999694824219], "halfSize": [825.313000000082, 750.2189999995753, 7.149999618530273]}]}