{"features": [{"attributes": [721420288, 148, 16, "OU", "Other Specified Uses", "COMPREHENSIVE DEVELOPMENT AND WETLAND ENHANCEMENT AREA 1", 1212740.16], "links": [[721421185, 721421074, 721421075, 721421071, 721421072, 719323137]], "coordinate": [1.9903087571667046, 0.392034880343159, 6.0], "halfSize": [736.5364999999292, 840.0805000001565, 3.1999998092651367]}, {"attributes": [721420289, 148, 3, "CA", "Conservation Area", null, 550941.72], "links": [[721421073, 721421078, 721421077, 721421076, 721421067, 721421070]], "coordinate": [1.9903623226175589, 0.3921726498048033, 7.050000190734863], "halfSize": [837.351500000339, 473.3695000000298, 4.050000190734863]}, {"attributes": [721420290, 148, 16, "OU", "Other Specified Uses", "COMPREHENSIVE DEVELOPMENT TO INCLUDE WETLAND RESTORATION AREA", 198005.28], "links": [[721420818, 721420822, 721420826, 721420837, 721420859, 721420863, 721421220, 721420788, 721420850, 721420856, 721420861, 721420866, 721420890, 721421007, 721421033, 721421061, 721421068, 721421069, 721420915, 721420916, 721420917, 721420918, 721420919, 721420920, 721420921, 721420922, 721420924, 721420925, 721420926, 721420927, 721420930, 721420931, 721420934, 721420935, 721420938, 721420940, 721420943, 721420944, 721420946, 721420947, 721420949, 721420950, 721420951, 721420953, 721420954, 721420955, 721420956, 721420957, 721420959, 721420960, 721420961, 721420962, 721420965, 721420966, 721420968, 721420969, 721420970, 721420972, 721420974, 721420976, 721420977, 721420979, 721420981, 721420984, 721420985, 721420987, 721420988, 721420989, 721420990, 721420991, 721420992, 721420993, 721420994, 721420995, 721420996, 721420998, 721421000, 721421001, 721421003, 721421004, 721421005, 721421009, 721421012, 721421014, 721421016, 721421019, 721421021, 721421022, 721421025, 721421026, 721421028, 721421029, 721421030, 721421031, 721421032, 721421034, 721421048, 721421049, 721421050, 721421051, 721421052, 721421058, 721421066, 721421208, 721421207, 721421205, 721421047, 721421046, 721421045, 721421043, 721421042, 721421041, 721421040, 721421039, 721421038, 721421037, 721421036, 721420899, 721420901, 721420902, 721420903, 721420906, 721420907, 721420908, 721420911, 721420912, 721420913, 721420923, 721420928, 721420929, 721420932, 721420933, 721420936, 721420937, 721420941, 721420942, 721420945, 721420948, 721420967, 721420971, 721420973, 721420975, 721420978, 721420980, 721420983, 721420986, 721420999, 721421002, 721421006, 721421008, 721421010, 721421013, 721421015, 721421018, 721421020, 721421024, 721421213, 721421212]], "coordinate": [1.9904766598277484, 0.3921942474160996, 9.15000057220459], "halfSize": [463.3995000002906, 262.12650000024587, 5.950000286102295]}, {"attributes": [721420291, 148, 7, "G/IC", "Government, Institution or Community", null, 4409.47], "links": [[721421179]], "coordinate": [1.9904502855730282, 0.3920840279089685, 8.399999618530273], "halfSize": [38.557999999728054, 49.95600000023842, 3.200000286102295]}, {"attributes": [721420292, 148, 22, "R(D)", "Residential (Group D)", null, 30789.19], "links": [[721420814, 721420820, 721420833, 721420847, 721420857, 721420865, 721420868, 721420870, 721420874, 721420875, 721420878, 721420882, 721420883, 721420885, 721420886, 721420887, 721420889, 721420895, 721420897, 721420900, 721420904, 721420905, 721420909, 721420910, 721420914, 721420939, 721420952, 721420958, 721420963, 721420964, 721420982, 721420997, 721421011, 721421023, 721421035, 721421044, 721421053, 721421055, 721421057, 721421059, 721421060, 721421062, 721421063, 721421064, 721421065, 721421017, 721421027, 721421054, 721421056]], "coordinate": [1.9905575618781814, 0.39219817338439095, 9.399999618530273], "halfSize": [122.0175000000745, 138.05750000011176, 6.300000190734863]}, {"attributes": [721420293, 148, 3, "CA", "Conservation Area", null, 329361.92], "links": [[721421117, 721421210, 721421193, 721421195, 721421197, 721421186]], "coordinate": [1.9905038782571647, 0.3920599100198464, 7.650000095367432], "halfSize": [371.3574999999255, 566.6140000000596, 4.950000286102295]}, {"attributes": [721420294, 148, 16, "OU", "Other Specified Uses", "COMPREHENSIVE DEVELOPMENT TO INCLUDE WETLAND RESTORATION AREA", 248581.98], "links": [[721420877, 721420858, 721420872, 721420873, 721420876, 721421229, 721420880, 788529538, 721420893, 721420894, 721420896, 721420898, 721420879, 721420881, 721420884, 721420888, 721420891, 721420892, 721421206, 721421224, 721421223, 721421222, 721421082, 721421081, 721421080, 721421079, 721421105, 721421121]], "coordinate": [1.9905589617607309, 0.39214542377762285, 10.200000762939453], "halfSize": [281.2624999997206, 433.24600000027567, 7.000000476837158]}, {"attributes": [721420295, 148, 16, "OU", "Other Specified Uses", "COMPREHENSIVE DEVELOPMENT TO INCLUDE WETLAND RESTORATION AREA 1", 68288.06], "links": [[]], "coordinate": [1.9905639576838923, 0.39205631907199207, 4999.9501953125], "halfSize": [205.29899999964982, 167.35862000007182, -4999.9501953125]}, {"attributes": [721420296, 148, 16, "OU", "Other Specified Uses", "COMPREHENSIVE DEVELOPMENT TO INCLUDE WETLAND RESTORATION AREA", 38660.05], "links": [[721421187, 721421188, 721421189, 721421190, 721421191, 721421192, 721421194, 721421196, 721421198, 721421214, 721421231]], "coordinate": [1.9905751650451622, 0.39202652572172764, 7.949999809265137], "halfSize": [132.94834999972954, 137.236099999398, 5.25]}]}