{"features": [{"attributes": [725614592, 130, 26, "SSSI", "Site of Special Scientific Interest", null, 3720571.16], "links": [[725614592, 725614595, 725614611, 725614605, 725614604, 725614625, 725614740, 725614804, 723518720]], "coordinate": [1.9903184178196278, 0.39254696833042413, 5.900000095367432], "halfSize": [1111.9760099998675, 1434.8710000002757, 3.0999999046325684]}, {"attributes": [725614593, 130, 7, "G/IC", "Government, Institution or Community", null, 9017.18], "links": [[725614597, 725614598, 725614603, 725614602, 725614600, 725614599, 725614818]], "coordinate": [1.99053226063031, 0.39262424646943656, 11.899999618530273], "halfSize": [48.245499999728054, 67.31049999967217, 7.599999904632568]}]}