{"features": [{"attributes": [75497472, 124, 29, "V", "Village Type Development", null, 45633.61], "links": [[75497500, 75497486, 75497475, 75497477, 75497493, 75497494, 75497495, 75497502, 75497487, 75497482, 75497481, 75497480, 75497479, 75497478, 75497472, 75497473, 75497476, 75497483, 75497485, 75497504, 75497505, 75497506, 75497501, 75497492]], "coordinate": [1.987068125200742, 0.38751376449752384, 15.350000381469727], "halfSize": [168.92499999981374, 142.66100000031292, 10.850000381469727]}, {"attributes": [75497473, 124, 8, "GB", "Green Belt", null, 182719.2], "links": [[75497488, 75497489, 75497490, 75497498]], "coordinate": [1.9870604910158565, 0.3875227133762299, 17.350000381469727], "halfSize": [491.8276650002226, 446.2811500001699, 8.149999618530273]}]}