{"features": [{"attributes": [759169024, 67, 16, "OU", "Other Specified Uses", "CONTAINER TERMINAL", 1080645.6], "links": [[]], "coordinate": [1.9908432228435875, 0.388841262678639, 4999.9501953125], "halfSize": [744.6455000001006, 779.9205000000075, -4999.9501953125]}]}