{"features": [{"attributes": [761266176, 67, 16, "OU", "Other Specified Uses", "CONTAINER TERMINAL", 1250928.09], "links": [[]], "coordinate": [1.9907708686574996, 0.3890912786854016, 4999.9501953125], "halfSize": [973.8319999999367, 903.8619999997318, -4999.9501953125]}, {"attributes": [761266177, 67, 16, "OU", "Other Specified Uses", "CONTAINER BACK-UP AREA", 939008.56], "links": [[]], "coordinate": [1.990966449249917, 0.3890883645224111, 4999.9501953125], "halfSize": [603.7240000003949, 1345.4254999998957, -4999.9501953125]}]}