{"features": [{"attributes": [763363328, 67, 14, "O", "Open Space", null, 13109.67], "links": [[]], "coordinate": [1.9908955864540743, 0.3892490737906956, 4999.9501953125], "halfSize": [99.66749999998137, 64.61749999970198, -4999.9501953125]}]}