{"features": [{"attributes": [765460480, 67, 27, "U", "Undetermined", null, 92477.65], "links": [[]], "coordinate": [1.9906268067470534, 0.38957770063820113, 4999.9501953125], "halfSize": [352.6765000000596, 255.36349999997765, -4999.9501953125]}, {"attributes": [765460481, 67, 27, "U", "Undetermined", null, 688052.68], "links": [[]], "coordinate": [1.9907173277755674, 0.38947411666348497, 4999.9501953125], "halfSize": [625.4864300000481, 489.4974999995902, -4999.9501953125]}, {"attributes": [765460482, 67, 16, "OU", "Other Specified Uses", "AMENITY AREA", 29672.18], "links": [[]], "coordinate": [1.9906477461062455, 0.3895463260873069, 4999.9501953125], "halfSize": [291.0844999998808, 106.34150000009686, -4999.9501953125]}, {"attributes": [765460483, 67, 16, "OU", "Other Specified Uses", "AMENITY AREA", 34718.12], "links": [[]], "coordinate": [1.9906248268773976, 0.3894606455165828, 4999.9501953125], "halfSize": [111.92350000003353, 426.71043999958783, -4999.9501953125]}]}