{"features": [{"attributes": [767557632, 67, 27, "U", "Undetermined", null, 603010.17], "links": [[]], "coordinate": [1.990747810387475, 0.38967984952988793, 4999.9501953125], "halfSize": [536.4350000000559, 957.1570000005886, -4999.9501953125]}, {"attributes": [767557633, 67, 8, "GB", "Green Belt", null, 26021.03], "links": [[]], "coordinate": [1.9906684557199918, 0.38984932650167625, 4999.9501953125], "halfSize": [66.13849999988452, 180.9495000001043, -4999.9501953125]}]}