{"features": [{"attributes": [788529152, 116, 4, "CDA", "Comprehensive Development Area", null, 112786.99], "links": [[788529725, 788529728, 788529732, 788529731, 788529734, 788529737, 788529740, 788529741, 788529744, 788529746, 788529755, 788529756, 788529762, 788529763, 788529764, 788529765, 788529768, 788529777, 788529781, 788529932, 788529924, 788529920, 788529919, 788529917, 788529915, 788529913, 788529901, 788529892, 788529887, 788529893, 788529894, 788529904, 788529910, 788529916, 788529930]], "coordinate": [1.9906669047152343, 0.39212392947838104, 16.799999237060547], "halfSize": [274.82400000002235, 432.81499999947846, 8.699999809265137]}, {"attributes": [788529153, 116, 3, "CA", "Conservation Area", null, 352987.81], "links": [[788529933, 786432036, 786432029, 786432013, 786432011]], "coordinate": [1.990686065636666, 0.39206346797796854, 21.5], "halfSize": [408.3104999996722, 641.0405000001192, 9.5]}, {"attributes": [788529154, 130, 2, "C/R", "Commercial / Residential", null, 57788.38], "links": [[788529358, 788529365, 788529370, 788529380, 788529383, 788529390, 788529392, 788529399, 721420809, 788529404, 788529407, 788529409, 788529415, 788529419, 788529421, 788529422, 788529425, 788529428, 788529431, 788529436, 788529441, 788529448, 788529455, 788529459, 788529464, 788529468, 788529492, 788529495, 721420864, 788529499, 721420867, 721420869, 788529507, 721420871, 788529511, 788529518, 788529984, 721421199, 721420636, 721420678, 721420697, 721420704, 721420717, 721420721, 721420731, 721420732, 721420742, 721420746, 721420759, 721420767, 721420770, 721420776, 721420785, 721420815, 721420831, 721420838, 721420841, 721420846, 721420849, 721420860, 721420862, 788529528, 788529531, 788529540, 788529544, 788529549, 788529550, 788529551, 788529556, 788529559, 788529562, 788529564, 788529567, 788529568, 788529571, 788529572, 788529576, 788529578, 788529587, 788529593, 788529594, 788529598, 788529606, 788529610, 788529611, 788529612, 788529623, 788529624, 788529627, 788529628, 788529630, 788529632, 788529637, 788529640, 788529647, 788529648, 788529654, 788529658, 788529665, 788529670, 788529672, 788529680, 788529682, 788529688, 788529690, 788529692, 788529694, 788529698, 788529699, 788529700, 788529703, 788529706, 788529712, 788529714, 788529716, 788529722, 788529727, 788529985]], "coordinate": [1.990596224059191, 0.3922049821385957, 9.75], "halfSize": [210.02650000015274, 188.07599999941885, 6.050000190734863]}, {"attributes": [788529155, 148, 29, "V", "Village Type Development", null, 160487.78], "links": [[788529717, 788529721, 788529726, 788529742, 788529743, 788529748, 788530080, 788530042, 788529753, 788529766, 788529767, 788530021, 788530112, 788530104, 788530103, 788530102, 788530101, 788530100, 788530099, 788530098, 788530097, 788530074, 788529769, 788529770, 788529771, 788529772, 788529773, 788529774, 788529775, 788529776, 788529778, 788529779, 788529780, 788529782, 788529783, 788529784, 788529785, 788529786, 788529787, 788529788, 788529789, 788529790, 788529791, 788529792, 788529793, 788529794, 788529795, 788529796, 788529797, 788529798, 788529799, 788529800, 788529801, 788529802, 788529803, 788529804, 788529805, 788529806, 788529807, 788529808, 788529809, 721421083, 788529810, 721421084, 721421085, 721421086, 788529811, 721421087, 721421089, 788529812, 721421090, 788529813, 721421091, 788529814, 788529815, 721421093, 788529816, 788529817, 788529818, 788529819, 721421095, 721421097, 788529820, 721421099, 721421100, 788529821, 721421101, 788529822, 788529823, 721421102, 788529824, 721421103, 788529825, 788529826, 721421107, 721421108, 721421110, 721421112, 788529828, 721421115, 721421120, 721421122, 721421123, 788529829, 721421125, 721421126, 788529830, 721421128, 721421130, 721421131, 788529831, 788529832, 721421134, 788529833, 721421137, 721421138, 721421139, 788529835, 721421140, 721421142, 788529836, 788529837, 721421143, 788529838, 788529839, 788529840, 721421144, 721421145, 721421146, 788529841, 721421149, 721421151, 788529842, 721421153, 788529843, 721421155, 788529844, 721421160, 721421161, 721421162, 721421164, 788529845, 788529846, 721421166, 788529847, 788529848, 721421168, 721421169, 721421170, 721421171, 721421172, 721421174, 721421175, 788529849, 721421176, 788529850, 721421178, 788530000, 788530001, 788530002, 788530003, 788530004, 788530005, 788530006, 788530007, 788530008, 788530009, 788530010, 788530011, 788530023, 788530036, 788530047, 788530048, 788530108, 788530111, 721421228, 788530116, 721421230, 721421232, 721421226, 721421225, 788530082, 788530064, 788530061, 721421088, 721421092, 721421094, 721421096, 721421098, 721421104, 721421106, 721421109, 721421111, 721421113, 721421114, 721421116, 721421118, 721421119, 721421124, 721421127, 721421129, 721421132, 721421133, 721421135, 721421136, 721421141, 721421147, 721421148, 721421150, 721421152, 721421154, 721421156, 721421157, 721421158, 721421159, 721421163, 721421165, 721421167, 721421173, 721421177, 721421204, 721421209, 721421211, 721421227, 721421221, 721421218, 788529853, 788529854, 788529856, 788529860, 721421180, 788529863, 788529864, 788529865, 788529867, 788529868, 788529869, 788529870, 788529871, 788529873, 788529874, 788529875, 788529876, 788529877, 788529878, 788529879, 788529880, 788529881, 788529882, 721421182, 721421183, 788529884, 788529885, 788529888, 721421184, 788529889, 788529890, 788529891, 788529895, 788529896, 788529897, 788529898, 788529899, 788529900, 788529902, 788529903, 788529905, 788529906, 788529907, 788529908, 788529909, 788529911, 788529912, 788529914, 788529918, 788529921, 788529923, 788529926, 788529927, 788529929, 788529931, 788530012, 788530013, 788530014, 788530015, 788530016, 788530110, 788530115, 788530096, 721421219, 721421215, 721421181, 721421200, 721421201, 721421202, 721421203]], "coordinate": [1.9905955775517776, 0.3921128065692433, 9.449999809265137], "halfSize": [180.15299999993294, 462.11450000014156, 6.949999809265137]}, {"attributes": [788529156, 155, 7, "G/IC", "Government, Institution or Community", null, 24781.48], "links": [[]], "coordinate": [1.990968383455455, 0.39215686354297924, 4999.9501953125], "halfSize": [136.00050000008196, 86.40149999968708, -4999.9501953125]}, {"attributes": [788529157, 155, 7, "G/IC", "Government, Institution or Community", null, 12028.9], "links": [[788529749, 788529752, 788530109]], "coordinate": [1.9908862108737218, 0.392160977157751, 72.05000305175781], "halfSize": [140.08250000001863, 75.70999999996275, 2.450000762939453]}, {"attributes": [788529158, 155, 7, "G/IC", "Government, Institution or Community", null, 22124.48], "links": [[788529525, 788529541, 788529547, 788529548, 788529561, 788529563, 788529582, 788529588, 788529602, 788529604, 788529617, 788529620, 788529621, 788529622, 788529643, 788529644, 788529645, 788529650, 788529653, 788529659, 788529663, 788529673, 788529676]], "coordinate": [1.9908508693669247, 0.39219721398118923, 32.900001525878906], "halfSize": [116.17469000024721, 68.9035000000149, 7.899999618530273]}, {"attributes": [788529159, 155, 3, "CA", "Conservation Area", null, 633861.37], "links": [[]], "coordinate": [1.9909019110937913, 0.3920926446322428, 4999.9501953125], "halfSize": [707.4205000000075, 364.77900000009686, -4999.9501953125]}, {"attributes": [788529160, 155, 8, "GB", "Green Belt", null, 784661.57],