{"features": [{"attributes": [796917760, 129, 7, "G/IC", "Government, Institution or Community", null, 803.74], "links": [[]], "coordinate": [1.9909658216426627, 0.3929823239679568, 4999.9501953125], "halfSize": [24.33979000011459, 12.95409500040114, -4999.9501953125]}, {"attributes": [796917761, 129, 16, "OU", "Other Specified Uses", "INNOVATION  AND  TECHNOLOGY", 71385.88], "links": [[796917760, 796917761, 796917762]], "coordinate": [1.9909342056273684, 0.39297511395384105, 5.649999618530273], "halfSize": [226.45667999982834, 156.1465750001371, 2.549999952316284]}, {"attributes": [796917762, 129, 16, "OU", "Other Specified Uses", "RAILWAY TERMINUS AND PUBLIC TRANSPORT  TERMINUS", 63725.51], "links": [[796917763, 796917766, 796917768, 796917770, 796917772, 796917773, 794820608, 796917771, 796917765]], "coordinate": [1.9908173214236564, 0.3929616384426907, 18.19999885559082], "halfSize": [225.43250000011176, 113.11050000041723, 14.899999618530273]}, {"attributes": [796917763, 129, 3, "CA", "Conservation Area", null, 15758.44], "links": [[]], "coordinate": [1.9909380811724648, 0.39300183402624295, 4999.9501953125], "halfSize": [138.6953850002028, 49.129544999450445, -4999.9501953125]}]}