{"features": [{"attributes": [826277888, 67, 3, "CA", "Conservation Area", null, 210563.21], "links": [[]], "coordinate": [1.9910178377089192, 0.3889346924558445, 4999.9501953125], "halfSize": [301.34599999990314, 274.9539999999106, -4999.9501953125]}, {"attributes": [826277889, 67, 7, "G/IC(1)", "Government, Institution or Community(1)", null, 22722.64], "links": [[826277888]], "coordinate": [1.9910056617991687, 0.38892910518156026, 106.05000305175781], "halfSize": [96.67700000014156, 73.01699999999255, 3.049999237060547]}]}