{"features": [{"attributes": [834666496, 94, 9, "I", "Industrial", null, 17764.29], "links": [[834666518, 834666517, 901775409]], "coordinate": [1.991338800321915, 0.3897475616222523, 59.70000076293945], "halfSize": [72.6824999996461, 89.75299999956042, 9.10000228881836]}, {"attributes": [834666497, 94, 7, "G/IC", "Government, Institution or Community", null, 6967.53], "links": [[834666508, 834666507, 834666506, 834666505, 834666504]], "coordinate": [1.991317823784249, 0.3898513548627218, 29.349998474121094], "halfSize": [58.03199999965727, 60.59749999921769, 6.249999046325684]}]}