{"features": [{"attributes": [836763648, 94, 9, "I", "Industrial", null, 1018362.4], "links": [[836763655, 836763653, 836763652, 836763649, 836763648, 836763716, 836763727, 836763726, 836763725, 836763724, 836763723, 836763722, 836763721, 836763688, 836763687, 836763686, 903873053, 903873049, 836763684, 836763683, 836763682, 836763681, 836763657, 836763658, 836763659, 836763660, 836763661, 836763662, 836763663, 836763664, 836763665, 836763730, 836763729, 836763728, 836763685, 836763679, 836763666, 836763667, 836763668, 836763669, 836763670, 836763671, 836763674, 836763673, 836763672, 836763720, 836763719, 836763718, 836763654, 836763651, 836763650, 836763689, 836763691, 836763704, 836763703, 836763692, 836763693, 836763694, 836763695, 836763696, 836763698, 836763699, 836763717, 836763712, 836763711, 836763709, 836763706, 836763702, 836763701, 836763700, 834666499, 834666500, 834666501, 834666498, 834666496, 834666509, 834666503, 834666502, 836763705, 836763707, 836763708, 836763715, 836763714, 836763710, 834666515, 834666514, 834666513, 834666512, 834666511, 834666510, 834666529, 834666530, 834666524, 834666525, 834666526, 834666527, 834666528, 834666521, 834666516, 834666519, 834666520, 834666523, 834666522]], "coordinate": [1.9912291269275397, 0.3898929053692473, 30.75], "halfSize": [783.7344999997877, 1455.6899999994785, 26.849998474121094]}, {"attributes": [836763649, 94, 8, "GB", "Green Belt", null, 4873.95], "links": [[]], "coordinate": [1.9912784011058928, 0.38998563632037364, 4999.9501953125], "halfSize": [100.09750000014901, 45.89699999988079, -4999.9501953125]}, {"attributes": [836763650, 94, 8, "GB", "Green Belt", null, 63941.97], "links": [[]], "coordinate": [1.9911730761400432, 0.3900696953106031, 4999.9501953125], "halfSize": [402.95449999999255, 444.59050000086427, -4999.9501953125]}, {"attributes": [836763651, 94, 8, "GB", "Green Belt", null, 7806.2], "links": [[]], "coordinate": [1.9913150037778604, 0.38998205524636737, 4999.9501953125], "halfSize": [127.19349999958649, 23.10300000011921, -4999.9501953125]}]}