{"features": [{"attributes": [843055104, 46, 7, "G/IC", "Government, Institution or Community", null, 3154.82], "links": [[843055115, 843055116, 843055117, 843055118]], "coordinate": [1.9913234479432842, 0.39060897827744884, 259.6499938964844], "halfSize": [38.067549999803305, 40.81704999972135, 6.649993896484375]}]}