{"features": [{"attributes": [851443712, 16, 22, "R(D)", "Residential (Group D)", null, 1678.39], "links": [[]], "coordinate": [1.990970250264197, 0.39156054504005405, 4999.9501953125], "halfSize": [20.835999999661, 46.280499999411404, -4999.9501953125]}, {"attributes": [851443713, 28, 15, "OS", "Open Storage", null, 419230.65], "links": [[851443745, 851443790, 851443791, 851443792, 851443868, 851443907, 851443933, 851443938, 851443943, 851443947, 851443956, 851443968, 851443988, 851443990, 851443996, 851443997, 851444012, 851444016, 851444054, 851444056, 851444086, 851444090, 851443857, 851443887, 851443922, 851443952, 851443955, 851443959, 851443963, 851443967, 851443974, 851443976, 851443977, 851443983, 851443986, 851444039, 851444067, 851444083, 851444084, 851444087, 851444096, 851444106, 851445842, 851445776, 851444283, 851444293, 851444304, 851444320, 851444363, 851444388, 851444399, 851444401, 851444404, 851444427, 851444481, 851444500, 851444509, 851444519, 851444538, 851444547, 851444113, 851444115, 851444117, 851444125, 851444127, 851444128, 851444134, 851444135, 851444136, 851444147, 851444150, 851444157, 851444162, 851444165, 851444170, 851444172, 851444180, 851444201, 851444204, 851444209, 851444212, 851444213, 851444296, 851444373, 851444384, 851444394, 851444420, 851444437, 851444441, 851444473, 851444479, 851444485, 851444493, 851444494, 851444503, 851444507, 851444512, 851444546, 851444553, 851444554, 851444562, 851444566, 851444572, 851444579, 851444580, 851444583, 851444609, 851444612, 851444614, 851444642, 851444648, 851444652, 851444655, 851444659, 851444660, 851444662, 851444665, 851444671, 851444678, 851444692, 851444698, 851444702, 851444720, 851444723, 851445733, 851445827, 851443940, 851443961, 851444041, 851444055, 851444101, 851445904, 851445905, 851445906, 851445922, 851445921, 851444121, 851444156, 851444215, 851444220, 851444253, 851444289, 851444315, 851444335, 851444395, 851444430, 851444487, 851444491, 851444535, 851444569, 851444576, 851444588, 851444596, 851444618, 851444663, 851444674, 851444705, 851445914, 851444119, 851444178, 851444185, 851444189, 851444193, 851444197, 851444345, 851444349, 851444408, 851444409, 851444706, 851445907, 851445912, 851445913, 851445918, 851445917, 851445916, 851445915, 851445902]], "coordinate": [1.9912206871616847, 0.39172437870366567, 18.049999237060547], "halfSize": [601.753500000108, 342.74049999937415, 7.349999904632568]}, {"attributes": [851443714, 28, 0, "AGR", "Agriculture", null, 12134.51], "links": [[851444624, 851444650, 851444656, 851444668, 851444689, 851444719]], "coordinate": [1.9911340286333181, 0.39168066027411386, 15.25], "halfSize": [108.01279000006616, 71.81399999931455, 4.549999713897705]}, {"attributes": [851443715, 28, 7, "G/IC", "Government, Institution or Community", null, 6892.21], "links": [[851444722, 851444724, 851444727, 851444728, 851444729, 851444742, 851444750, 851444766, 851444784, 851444792]], "coordinate": [1.9912393989658068, 0.39167326341167613, 24.549999237060547], "halfSize": [71.29050000011921, 44.65199999976903, 7.25]}, {"attributes": [851443716, 28, 29, "V", "Village Type Development", null, 202088.97], "links": [[851445034, 851445050, 851445057, 851445584, 851445585, 851445719, 851445720, 851445721, 851445722, 851445723, 851445724, 851445725, 851445726, 851445727, 851445730, 851445314, 851445318, 851445320, 851445324, 851445327, 851445333, 851445340, 851445343, 851445351, 851445361, 851445370, 851445386, 851445389, 851445392, 851445394, 851445399, 851445214, 851445221, 851445222, 851445226, 851445230, 851445233, 851445237, 851445240, 851445243, 851445246, 851445253, 851445258, 851445262, 851445264, 851445268, 851445271, 851445273, 851445274, 851445275, 851445276, 851445277, 851445279, 851445281, 851445283, 851445288, 851445290, 851445291, 851445292, 851445293, 851445295, 851445297, 851445299, 851445300, 851445301, 851445302, 851445303, 851445306, 851445307, 851445308, 851445309, 851445310, 851445312, 851445313, 851445315, 851445332, 851445335, 851445336, 851445337, 851445339, 851445346, 851445353, 851445356, 851445357, 851445358, 851445359, 851445360, 851445363, 851445366, 851445368, 851445372, 851445590, 851445595, 851445596, 851445597, 851445598, 851445599, 851445600, 851445601, 851445602, 851445603, 851445604, 851445605, 851445606, 851445607, 851445608, 851445609, 851445610, 851445611, 851445612, 851445657, 851445661, 851445681, 851445698, 851445699, 851445731, 851445757, 851445771, 851445799, 851445800, 851445801, 851445840, 851445841, 851444864, 851444870, 851444873, 851444880, 851444886, 851444892, 851444893, 851444903, 851444907, 851444911, 851444914, 851444920, 851444923, 851444930, 851444938, 851444939, 851444945, 851444946, 851444951, 851444952, 851444958, 851444959, 851444966, 851444969, 851444972, 851444973, 851444976, 851444978, 851444979, 851444992, 851445003, 851445006, 851445007, 851445023, 851445033, 851445036, 851445043, 851445049, 851445058, 851445060, 851445062, 851445065, 851445072, 851445077, 851445078, 851445081, 851445084, 851445086, 851445088, 851445089, 851445095, 851445098, 851445103, 851445105, 851445116, 851445117, 851445118, 851445119, 851445122, 851445123, 851445124, 851445128, 851445131, 851445134, 851445138, 851445143, 851445159, 851445162, 851445168, 851445180, 851445192, 851445199, 851445201, 851445571, 851445572, 851445573, 851445574, 851445575, 851445576, 851445581, 851445582, 851445715, 851445716, 851445717, 851445718, 851445772, 851445773, 851445782, 851445795, 851445796, 851445804, 851445805, 851445806, 851445835, 851445886, 851445885, 851444779, 851444780, 851444781, 851444788, 851444793, 851444804, 851444812, 851444825, 851444827, 851444842, 851444847, 851444851, 851444853, 851444855, 851444863, 851444874, 851444877, 851444879, 851444890, 851444891, 851444894, 851444896, 851444897, 851444898, 851444899, 851444900, 851444904, 851444908, 851444915, 851444919, 851444922, 851444926, 851444927, 851444929, 851444933, 851444934, 851444937, 851444942, 851444949, 851444954, 851444956, 851444970, 851444974, 851444977, 851444981, 851444984, 851444987, 851444996, 851444997, 851444998, 851445002, 851445004, 851445013, 851445014, 851445015, 851445017, 851445025, 851445030, 851445035, 851445037, 851445039, 851445045, 851445053, 851445054, 851445061, 851445067, 851445070, 851445074, 851445083, 851445097, 851445099, 851445104, 851445106, 851445108, 851445110, 851445112, 851445126, 851445135, 851445136, 851445145, 851445148, 851445158, 851445171, 851445176, 851445177, 851445182, 851445187, 851445188, 851445193, 851445194, 851445202, 851445557, 851445565, 851445568, 851445569, 851445577, 851445578, 851445579, 851445580, 851445583, 851445587, 851445613, 851445682, 851445690, 851445732, 851445770, 851445794, 851445808, 851445810, 851445831, 851445844, 851445852, 851445850, 851445849, 851445205, 851445213, 851445218, 851445229, 851445231, 851445234, 851445236, 851445248, 851445250, 851445251, 851445252, 851445254, 851445256, 851445257, 851445261, 851445265, 851445267, 851445269, 851445270, 851445272, 851445278, 851445280, 851445285, 851445286, 851445287, 851445289, 851445294, 851445296, 851445322, 851445325, 851445341, 851445342, 851445344, 851445345, 851445349, 851445680, 851445683, 851445729, 851445750, 851445863, 851445859, 851445858, 851445856, 851445855, 851445206, 851445207, 851445208, 851445217, 851445223, 851445247, 851445259, 851445594, 851445802, 851445803, 851445848, 851445857]], "coordinate": [1.9912662947581505, 0.39163767795562127, 25.75], "halfSize": [383.93849999969825, 248.2324999999255, 10.450000762939453]}, {"attributes": [851443717, 28, 10, "I(D)", "Industrial (Group D)", null, 6640.28], "links": [[851445908, 851445909, 851445910, 851445911]], "coordinate": [1.9911314090453665, 0.39170273376116505, 14.0], "halfSize": [57.17199999978766, 51.47900000028312, 2.799999713897705]}, {"attributes": [851443718, 28, 0, "AGR", "Agriculture", null, 397012.74],