{"features": [{"attributes": [853540864, 28, 0, "AGR", "Agriculture", null, 432232.74], "links": [[853540913, 853540914, 851443782, 851443784, 851443785, 851443813, 851443739, 851443755, 851443762, 851443783, 851443786, 851443789, 851443821, 851443814, 851443812, 851443810, 851443808, 851443803, 851443796, 851443724, 851443733, 851443734, 851443736, 851443738, 851443741, 851443747, 851443751, 851443822, 851443809, 851443799, 851443712, 851443831, 851443858, 851443864, 851443880, 851443905, 851443920, 851445775, 851445774, 851443825, 851443826, 851443830, 851443834, 851443850, 851443852, 851443856, 851443934, 851443935, 851443936, 851443939, 851443949, 851443950, 851443994, 851444000, 851444007, 851444011, 851444015, 851444028, 851444036, 851444040, 851444045, 851443839, 851443847, 851443849, 851443851, 851443862, 851443866, 851443892, 851443898, 851443900, 851443910, 851443911, 851443930, 851443937]], "coordinate": [1.9911974365737473, 0.3917980847464036, 21.94999885559082], "halfSize": [502.2335000000894, 503.9079999998212, 11.149999618530273]}, {"attributes": [853540865, 28, 3, "CA", "Conservation Area", null, 426826.36], "links": [[]], "coordinate": [1.991232047469205, 0.39185451665046217, 4999.9501953125], "halfSize": [691.6014999998733, 445.89099999982864, -4999.9501953125]}, {"attributes": [853540866, 28, 29, "V", "Village Type Development", null, 342689.5], "links": [[920649820, 920649822, 920649823, 920649826, 920649828, 920649830, 920649832, 920649833, 920649834, 920649835, 920649836, 920649838, 920649839, 920649840, 920649841, 920649843, 920649845, 920649848, 920649850, 920649851, 920649856, 920649858, 920649859, 920649862, 920649864, 920649868, 920649870, 920649871, 920649872, 920649879, 920649881, 920649884, 920649885, 920649886, 920649891, 920649895, 920649897, 920649898, 920649901, 920649903, 920649905, 920649906, 920649907, 920649909, 920649912, 920649914, 920649916, 920649921, 920649924, 920649925, 920649926, 920649927, 920649929, 920649930, 920649931, 920649932, 920649934, 920649935, 920649936, 920649937, 920649938, 920649940, 920649941, 920650139, 920650158, 920650159, 920650194, 920650199, 920650277, 920650278, 920650279, 920650262, 920649817, 920649818, 920649819, 920649821, 920649824, 920649825, 920649827, 920649829, 920649831, 920649842, 920649844, 920649846, 920649847, 920649849, 920649852, 920649853, 920649854, 920649855, 920649861, 920649865, 920649867, 920649873, 920649874, 920649875, 920649876, 920649877, 920649878, 920649880, 920649882, 920649883, 920649887, 920649888, 920649889, 920649890, 920649892, 920649893, 920649896, 920649899, 920649900, 920649902, 920649904, 920649908, 920649910, 920649911, 920649913, 920649915, 920649917, 920649918, 920649919, 920649920, 920649922, 920649923, 920649928, 920649933, 920649939, 853540882, 920649942, 853540885, 853540888, 853540890, 920650128, 920650129, 920650136, 920650137, 920650138, 920650140, 920650141, 853541200, 920650160, 920650161, 920650163, 920650165, 920650166, 853541243, 920650245, 920650246, 920650266, 853540865, 853540866, 853540868, 853540869, 853540870, 853540871, 853540872, 853540873, 853540874, 853540875, 853540876, 853540877, 853540879, 853540880, 853540881, 853540883, 853540887, 853540889, 853540891, 853541201, 853541246, 853541247, 853541248, 853541260, 853541261, 853541264, 853541265, 853541266, 853541267, 853541268, 853541269, 853541272, 853541273, 853541274, 853541276, 853541277, 853541286, 853541299, 853541302, 853541325, 853541361, 853541354, 853541353, 853541344, 853541337, 853541335, 853541332, 853541331, 853541328, 853541327, 853541326, 920649948, 920649950, 920649951, 920649952, 920649953, 920649954, 920649956, 920649957, 920649958, 920649959, 920649960, 920649961, 920649964, 920649973, 920649977, 920649987, 920650143, 920650145, 920650204, 920650233, 920650255, 920650267, 920649943, 920649944, 920649945, 853540897, 853540898, 853540899, 920649946, 853540903, 853540906, 920649947, 920649949, 853540910, 853540912, 853540918, 853540919, 853540922, 853540927, 853540928, 853540932, 853540935, 920649962, 920649963, 853540939, 920649965, 853540948, 920649967, 853540952, 853540953, 853540955, 920649970, 853540963, 853540968, 920649972, 853540969, 853540971, 853540972, 853540975, 853540979, 853540982, 853540983, 853540984, 853540985, 920649976, 853540992, 853540993, 853540995, 853540996, 853540997, 853541003, 853541004, 853541006, 853541011, 920649982, 853541016, 853541020, 853541024, 920649994, 920649998, 853541027, 853541028, 853541034, 920650000, 853541038, 853541042, 920650004, 920650005, 853541045, 853541047, 853541048, 853541051, 920650009, 853541052, 853541054, 920650012, 920650014, 853541056, 920650016, 853541058, 920650023, 853541060, 853541063, 920650037, 920650038, 920650041, 920650043, 920650059, 920650061, 920650062, 920650063, 920650065, 920650070, 920650072, 853541096, 920650077, 920650147, 920650148, 920650149, 853541203, 853541204, 920650150, 853541206, 920650151, 920650153, 920650164, 920650177, 920650197, 920650205, 920650206, 853541285, 853541300, 853541301, 853541338, 853541339, 853541341, 853541360, 853540892, 853540893, 853540894, 853540895, 853540896, 853540900, 853540904, 853540905, 853540907, 853540909, 853540911, 853540915, 853540916, 853540917, 853540920, 853540921, 853540923, 853540924, 853540925, 853540926, 853540929, 853540930, 853540933, 853540934, 853540936, 853540937, 853540938, 853540941, 853540942, 853540943, 853540944, 853540946, 853540947, 853540949, 853540950, 853540951, 853540954, 853540956, 853540958, 853540959, 853540961, 853540962, 853540964, 853540965, 853540966, 853540967, 853540970, 853540973, 853540974, 853540976, 853540977, 853540978, 853540980, 853540981, 853540986, 853540987, 853540988, 853540989, 853540990, 853540991, 853540994, 853540999, 853541000, 853541002, 853541005, 853541007, 853541008, 853541009, 853541010, 853541012, 853541013, 853541014, 853541015, 853541017, 853541018, 853541019, 853541021, 853541022, 853541023, 853541025, 853541026, 853541029, 853541030, 853541036, 853541040, 853541041, 853541046, 853541049, 853541059, 853541061, 853541062, 853541064, 853541068, 853541072, 853541076, 853541082, 853541085, 853541088, 853541092, 853541095, 853541097, 853541100, 853541101, 853541111, 853541113, 853541115, 853541202, 853541205, 853541207, 853541208, 853541209, 853541210, 853541212, 853541214, 853541216, 853541218, 853541219, 853541220, 853541225, 853541226, 853541241, 853541249, 853541250, 853541254, 853541255, 853541256, 853541259, 853541262, 853541279, 853541280, 853541283, 853541306, 853541309, 853541310, 853541318, 853541321, 853541322, 853541323, 853541324, 853541329, 853541330, 853541333, 853541334, 853541342, 853541358, 853541364, 853541362, 853541359, 853541355, 853541352, 853541351, 853541350, 853541349, 853541345, 920650123, 920650124, 920650154, 853541232, 920650155, 920650156, 853541233, 853541234, 920650157, 920650186, 920650187, 920650188, 918553153, 918553155, 920650190, 920650191, 920650193, 920650195, 920650198, 920650207, 920650208, 920650209, 920650212, 920650213, 920650215, 920650216, 920650217, 920650232, 920650235, 920650236, 853541291, 853541292, 853541293, 853541294, 853541295, 853541296, 853541297, 918553174, 851445766, 853541298, 853541311, 920650258, 853541320, 918553204, 853541119, 853541120, 853541126, 853541127, 853541128, 853541130, 853541131, 853541134, 853541138, 853541140, 853541142, 853541143, 853541153, 853541154, 853541155, 853541157, 853541158, 853541160, 853541162, 853541163, 853541165, 853541166, 853541171, 853541172, 853541178, 853541183, 853541187, 853541193, 853541198, 853541199, 851443713, 853541235, 853541263, 853541305, 853541312, 853541315, 853541316, 853541317, 853541319, 853541343, 853541363, 851445891, 851445860, 853541348, 853541347, 853541346, 853540864, 853541271, 853541211, 853541213, 853541215, 853541217, 853541221, 853541222, 853541223, 853541224, 853541227, 853541228, 853541229, 853541230, 853541231, 853541237, 853541282, 853541284, 853541287, 