{"features": [{"attributes": [85983232, 2, 6, "CPA", "Coastal Protection Area", null, 56416.61], "links": [[]], "coordinate": [1.9871810756854478, 0.38846481070979694, 4999.9501953125], "halfSize": [560.5794999999925, 434.5084999995306, -4999.9501953125]}, {"attributes": [85983233, 2, 16, "OU", "Other Specified Uses", "SEWAGE TREATMENT WORKS", 4313.78], "links": [[85983232]], "coordinate": [1.98722303752735, 0.38852793002697517, 5.699999809265137], "halfSize": [59.844745290640276, 30.016499999910593, 1.899999976158142]}]}