{"features": [{"attributes": [866123776, 27, 3, "CA(1)", "Conservation Area(1)", null, 2283712.57], "links": [[866123776, 864026652, 864026653]], "coordinate": [1.991304621628803, 0.39318284885754806, 6.050000190734863], "halfSize": [1513.1860000002198, 942.6900000004098, 2.5500001907348633]}]}