{"features": [{"attributes": [878706688, 65, 6, "CPA", "Coastal Protection Area", null, 10099.23], "links": [[]], "coordinate": [1.991700132337902, 0.3872521374971676, 4999.9501953125], "halfSize": [71.1980000003241, 52.56900000013411, -4999.9501953125]}]}