{"features": [{"attributes": [882900992, 65, 16, "OU", "Other Specified Uses", "POWER STATION", 1074017.34], "links": [[884999198, 884998407, 884999248, 884998780, 884998741, 884998593, 884998370, 884999147, 884999172, 884999203, 884999282, 882901028, 884999138, 884998712, 884998645, 884998489, 882901010, 882901021, 882901015, 882900999, 882900994, 882901007, 884998350, 884998520, 884998552, 884998766, 884999287, 884999018, 884998965, 884998478, 884998585, 884998611, 884998665, 884998697, 884998764, 884998837, 884998873, 884999211, 884999271, 884999280, 884999391, 884999390, 884999075, 884998997, 884998964, 884998954, 884998403, 882901002, 884998679, 882901014, 882901035, 884999154, 884999014, 882900996, 882901006, 884998867, 882901017, 882901020, 884998344, 884998633, 884999315, 884999197, 884999140, 884998938, 884998865, 884998692, 882900992, 882900993, 882900995, 882900997, 882901000, 882901001, 882901008, 884999206, 882901023, 884999233, 882901024, 882901025, 882901026, 882901019, 882901018, 884998936, 882901013, 882901009, 882901003, 882901011, 882901022, 882901027, 882901036, 882901044, 882901043, 882901034, 882901033, 882901030, 882900998, 882901004, 882901005, 882901012, 882901016, 882901029, 882901037, 882901038, 882901039, 882901042, 882901041, 882901040, 882901032, 882901031, 884998771]], "coordinate": [1.9915477254724154, 0.38774882105847863, 37.400001525878906], "halfSize": [672.6820000000298, 613.7447499996051, 32.900001525878906]}]}