{"features": [{"attributes": [933232640, 27, 7, "G/IC", "Government, Institution or Community", null, 111.96], "links": [[933232684]], "coordinate": [1.9916228128607179, 0.3931922188156241, 10.850000381469727], "halfSize": [5.041500000283122, 8.624499999918044, 3.750000238418579]}, {"attributes": [933232641, 27, 0, "AGR", "Agriculture", null, 9702.08], "links": [[]], "coordinate": [1.991502336492757, 0.39321189869406825, 4999.9501953125], "halfSize": [115.97450000001118, 94.03050000034273, -4999.9501953125]}, {"attributes": [933232642, 27, 29, "V", "Village Type Development", null, 63342.71], "links": [[933232682, 933232683, 933232685, 933232686, 933232687, 933232688, 933232690, 933232691, 933232693, 933232694, 933232695, 933232696, 933232697, 933232698, 933232699, 933232700, 933232701, 933232702, 931136017, 931135683, 933232713, 933232712, 933232711, 933232710, 933232709, 933232708, 933232706, 933232705, 933232704, 933232703, 931135782, 931135999, 931135996, 931135685, 931135686, 931135687, 931135688, 931135689, 931135690, 931135691, 931135693, 931135694, 931135695, 931135697, 931135699, 931135701, 931135702, 931135703, 931135704, 931135705, 931135706, 931135707, 931135708, 931135709, 931135710, 931135711, 931135712, 931135713, 931135715, 931135716, 931135717, 931135718, 931135722, 931135723, 931135725, 931135726, 931135727, 931135728, 931135729, 931135731, 931135732, 931135733, 931135735, 931135736, 931135737, 931135738, 931135739, 931135740, 931135741, 931135742, 931135743, 931135744, 931135745, 931135746, 931135747, 931135748, 931135749, 931135750, 931135751, 931135753, 931135754, 931135755, 931135756, 931135757, 931135758, 931135759, 931135760, 931135761, 931135762, 931135763, 931135764, 931135765, 931135766, 931135767, 931135768, 931135769, 931135770, 931135771, 931135772, 931135773, 931135774, 931135775, 931135776, 931135777, 931135779, 931135780, 931135781, 931135783, 931135784, 931135785, 931135786, 931135787, 931135788, 931135789, 931135790, 931135791, 931135792, 931135793, 931135794, 931135806, 931135940, 931135994, 931135997, 931135998, 931136013, 931136015, 931136014, 931135805, 931135804, 931135803, 931135802, 931135801, 931135800, 931135799, 931135798, 931135797, 931135796, 931135795]], "coordinate": [1.9915022131006686, 0.3931886598981794, 13.550000190734863], "halfSize": [173.0519999996759, 143.30449999962002, 8.949999809265137]}, {"attributes": [933232643, 160, 7, "G/IC", "Government, Institution or Community", null, 2200.21], "links": [[933232642, 933232643, 933232646]], "coordinate": [1.9916928155299518, 0.39322916155435067, 16.350000381469727], "halfSize": [27.20850000018254, 27.75800000037998, 2.75]}, {"attributes": [933232644, 160, 16, "OU", "Other Specified Uses", "BOUNDARYCROSSING FACILITIES", 43147.42], "links": [[933232645, 933232668, 933232672, 933232722, 933232715, 933232714, 933232681, 933232677, 931135807, 931135778, 931135720]], "coordinate": [1.9916548860050236, 0.3931855837642318, 15.5], "halfSize": [119.00749999983236, 262.3539999993518, 10.0]}]}