{"features": [{"attributes": [945815552, 65, 26, "SSSI", "Site of Special Scientific Interest", null, 3369643.39], "links": [[]], "coordinate": [1.9918709703510182, 0.3872907151411895, 4999.9501953125], "halfSize": [1235.9359999997541, 1375.1919999998063, -4999.9501953125]}]}