{"features": [{"attributes": [954204160, 65, 7, "G/IC(3)", "Government, Institution or Community(3)", null, 1241.23], "links": [[954204168]], "coordinate": [1.9917219563132136, 0.388135070736974, 10.449999809265137], "halfSize": [21.569999999832362, 26.0835000006482, 1.9499998092651367]}, {"attributes": [954204161, 65, 6, "CPA", "Coastal Protection Area", null, 81533.7], "links": [[954204169, 954204170]], "coordinate": [1.9917928169976635, 0.38804822526486016, 10.199999809265137], "halfSize": [184.00999999977648, 607.0915000000969, 2.299999952316284]}]}