{"features": [{"attributes": [966787072, 44, 16, "OU", "Other Specified Uses", "CONTAINER RELATED USES", 299744.35], "links": [[966787083, 966787084, 966787194, 966787212, 966787094, 966787089, 966787088, 966787087, 966787086, 966787075, 966787076, 966787093, 966787092, 966787091, 966787090]], "coordinate": [1.991922971595799, 0.3895812933335469, 151.10000610351562], "halfSize": [767.5685000000522, 424.28150000050664, 146.89999389648438]}]}