{"features": [{"attributes": [970981376, 43, 7, "G/IC", "Government, Institution or Community", null, 32588.95], "links": [[970982042, 1038090357, 1038090359, 970982049, 970982054, 970982056, 970982061, 970982062, 970982070, 970982123, 970982137, 970982138, 970982129, 1038090376]], "coordinate": [1.992076664189961, 0.38991122276154344, 14.550000190734863], "halfSize": [122.86049999995157, 105.00050000008196, 9.449999809265137]}, {"attributes": [970981377, 112, 14, "O", "Open Space", null, 64066.24], "links": [[]], "coordinate": [1.9919282258904816, 0.39008988079065277, 4999.9501953125], "halfSize": [135.87850000010803, 187.33899999968708, -4999.9501953125]}, {"attributes": [970981378, 112, 7, "G/IC", "Government, Institution or Community", null, 9404.03], "links": [[970981663, 970981756, 970981757, 970981763, 970981906]], "coordinate": [1.9919311273123, 0.38999849324907165, 62.099998474121094], "halfSize": [40.096000000368804, 81.61346499994397, 23.599998474121094]}, {"attributes": [970981379, 112, 4, "CDA", "Comprehensive Development Area", null, 48313.17], "links": [[970981640, 970981648, 970981666, 970981675, 970981676, 970981683, 970981685, 970981687, 970981691, 970981692, 970981694, 970981695, 970981697, 970981698, 970981699, 970981700, 970981701, 970981702, 970981703, 970981704, 970981706, 970981709, 970981710, 970981712, 970981714, 970981715, 970981716, 970981718, 970981719, 970981721, 970981722, 970981723, 970981724, 970981725, 970981726, 970981727, 970981728, 970981729, 970981730, 970981733, 970981734, 970981737, 970981738, 970981741, 970981742, 970981744, 970981748, 970981749, 970981750, 970981751, 970981752, 970981754, 970981755, 970981758, 970981761, 970981762, 970981764, 970981765, 970981766, 970981767, 970981768, 970981769, 970981770, 970981771, 970981772, 970981775, 970981781, 970981782, 970981784, 970981786, 970981787, 970981788, 970981789, 970981790, 970981791, 970981793, 970981795, 970981796, 970981797, 970981798, 970981800, 970981801, 970981806, 970981807, 970981808, 970981810, 970981812, 970981813, 970981814, 970981815, 970981816, 970981817, 970981818, 970981819, 970981821, 970981822, 970981823, 970981825, 970981827, 970981828, 970981831, 970981832, 970981833, 970981834, 970981835, 970981836, 970981837, 970981838, 970981839, 970981840, 970981841, 970981843, 970981844, 970981845, 970981847, 970981848, 970981850, 970981852, 970981854, 970981856, 970981857, 970981858, 970981859, 970981860, 970981863, 970981864, 970981865, 970981866, 970981868, 970981872, 970981873, 970981876, 970981878, 970981879, 970981880, 970981881, 970981883, 970981884, 970981885, 970981887, 970981888, 970981889, 970981892, 970981893, 970981894, 970981896, 970981897, 970981898, 970981902, 970981905, 970981907, 970981915, 970981919, 970981923, 970981924, 970981927, 970981929, 970981933, 970981935, 970981939, 970981944, 970981945, 970981949, 970982151, 970982153, 970982152, 970981760, 970981777, 970981778, 970981779, 970981785, 970981936, 970981938, 970981950, 970981955, 970981960, 970981962, 970981966, 970981967]], "coordinate": [1.9920555785301457, 0.38999125895877307, 14.450000762939453], "halfSize": [124.72450000001118, 155.625, 11.25]}, {"attributes": [970981380, 112, 7, "G/IC(1)", "Government, Institution or Community(1)", null, 930.34], "links": [[970981378]], "coordinate": [1.991835856557211, 0.3901264843914113, 14.100000381469727], "halfSize": [21.092000000178814, 17.85800000000745, 8.600000381469727]}, {"attributes": [970981381, 112, 16, "OU", "Other Specified Uses", "CONTAINER RELATED USES", 3934.65], "links": [[]], "coordinate": [1.9918427045995366, 0.39011361868904054, 4999.9501953125], "halfSize": [41.109999999869615, 37.74299999978393, -4999.9501953125]}, {"attributes": [970981382, 112, 16, "OU", "Other Specified Uses", "CONTAINER TERMINAL", 937139.13], "links": [[970981408, 970981409, 970982095, 970981433, 970981432, 970981406, 970981407, 970981412, 970982018, 970982014, 970981473, 970981463, 970981464, 970981470, 970981469, 970981465, 970982166, 970981638, 970981602, 970981552, 970981550, 970981546, 970981514, 970981497, 970981932, 970982026, 970982020, 970982016, 970982003, 970982000, 970981983, 970981428, 970981425, 970981424, 970981423, 968884249, 968884251, 970982134, 970982133, 970982079, 970982059, 970982052, 970982050, 970982041, 970982040]], "coordinate": [1.9918217129851719, 0.38998420198098693, 51.5], "halfSize": [855.6030000001192, 815.9440000001341, 47.5]}, {"attributes": [970981383, 112, 7, "G/IC", "Government, Institution or Community", null, 33867.83], "links": [[973079224, 970981377, 970981401, 970981449]], "coordinate": [1.9919078174955414, 0.39009737847031645, 44.70000076293945], "halfSize": [89.22999999998137, 229.16149999946356, 18.099998474121094]}, {"attributes": [970981384, 112, 19, "R(A)1", "Residential (Group A)1", null, 9215.94], "links": [[970982121, 970982031, 970982028, 970982027, 970982024]], "coordinate": [1.9920690714289018, 0.38993224541405874, 61.54999923706055], "halfSize": [101.72000000020489, 61.259499999694526, 56.85000228881836]}, {"attributes": [970981385, 112, 7, "G/IC", "Government, Institution or Community", null, 2832.92], "links": [[970982047]], "coordinate": [1.9920502683077215, 0.38991984445225863, 11.75], "halfSize": [28.895500000100583, 80.92849999945611, 5.049999713897705]}, {"attributes": [970981386, 112, 7, "G/IC", "Government, Institution or Community", null, 6672.1], "links": [[970982007, 970982008, 970982011]], "coordinate": [1.9920615061455007, 0.3899435896602094, 20.55000114440918], "halfSize": [44.88450000016019, 57.61850000079721, 14.350000381469727]}, {"attributes": [970981387, 112, 19, "R(A)", "Residential (Group A)", null, 33827.25], "links": [[970981976, 970981981, 970981982, 970981992, 970981996, 970981998, 970981999, 970982001, 970982005, 970982006, 970982012, 970982013, 970982015, 970982021, 970982022, 970982117, 970982118, 970982119, 970982030, 970981994, 970982002, 970982004, 970982010, 970982116]], "coordinate": [1.9920649129359456, 0.38995146902219213, 62.54999923706055], "halfSize": [121.39699999988079, 127.125, 58.45000076293945]}, {"attributes": [970981388, 112, 7, "G/IC", "Government, Institution or Community", null, 5802.0], "links": [[970981533, 970981596, 970981578, 970981660, 970981664]], "coordinate": [1.9918928828073144, 0.39001680438778574, 51.5], "halfSize": [40.59849999984726, 84.55750000011176, 11.299999237060547]}, {"attributes": [970981389, 112, 19, "R(A)", "Residential (Group A)", null, 88647.96], "links": [[970981440, 970981437, 970981434, 970981417, 970981410, 970981402, 970981403, 970982146, 970981439, 970981415, 970981443, 970981448, 970981450, 970981451, 970981452, 970981454, 970981471, 970981472, 970981474, 970981478, 970981481, 970982145, 970982102, 970981504, 970981509, 970981510, 970981516, 970981532, 970981543, 970981553, 970982136, 970982159, 970981605, 970981565, 970982149, 970982158]], "coordinate": [1.9918848255262702, 0.39006857531329475, 68.6500015258789], "halfSize": [146.2094999998808, 437.3135000001639, 63.45000457763672]}, {"attributes": [970981390, 112, 20, "R(B)4", "Residential (Group B)4", null, 38496.07], "links": [[970982098, 970982097, 970981447, 970981444, 970981456, 970981459, 970981462, 970981475, 970982101, 970982100]], "coordinate": [1.9920340042285747, 0.3900759012489024, 176.75], "halfSize": [146.88850000035018, 126.23000000044703, 66.94999694824219]}, {"attributes": [970981391, 112, 7, "G/IC", "Government, Institution or Community", null, 44796.7], "links": [[970982019, 970982009, 970981977, 970981986, 970982034, 970982051]], "coordinate": [1.9919735226936464, 0.38993164844933065, 47.650001525878906], "halfSize": [200.2255000001751, 281.20999999996275, 37.150001525878906]}, {"attributes": [970981392, 112, 8, "GB", "Green Belt", null, 29759.64], "links": [[970981958, 970981978]], "coordinate": [1.9919049694197943, 0.3899880809567872, 26.0],