{"features": [{"attributes": [977272832, 112, 7, "G/IC", "Government, Institution or Community", null, 18657.92], "links": [[977273437, 977273098, 977273089, 977273083, 977273080, 977273078, 977273077, 977273122, 977273110, 977273125]], "coordinate": [1.992041400400436, 0.39061905009439896, 108.3499984741211], "halfSize": [154.24549999972805, 55.56893999967724, 16.349998474121094]}, {"attributes": [977272833, 166, 29, "V", "Village Type Development", null, 241097.57], "links": [[977273088, 977273104, 977273105, 977273120, 977273121, 977273123, 977273127, 977273128, 977273130, 977273134, 977273135, 977273139, 977273140, 977273141, 977273143, 977273144, 977273148, 977273149, 977273151, 977273152, 977273155, 977273157, 977273162, 977273164, 977273165, 977273175, 977273182, 977273185, 977273188, 977273192, 977273194, 977273197, 977273198, 977273203, 977273204, 977273206, 977273216, 977273218, 977273220, 977273226, 977273234, 977273241, 977273249, 977273256, 977273257, 977273263, 977273267, 977273270, 977273281, 977273285, 977273290, 977273292, 977273297, 977273300, 977273302, 977273304, 977273309, 977273313, 977273315, 977273319, 977273320, 977273323, 977273326, 977273333, 977273338, 977273339, 977273340, 977273342, 977273343, 977273345, 977273347, 977273354, 977273355, 977273357, 977273360, 977273365, 977273366, 975175683, 975175687, 975175690, 975175692, 975175699, 975175701, 975175710, 975175714, 975175718, 975175719, 975175722, 975175729, 975175734, 975175738, 975175747, 975175749, 975175754, 975175762, 975175765, 975175772, 975175803, 977273383, 977273030, 977273031, 977273040, 977273042, 977273044, 977273047, 977273048, 977273051, 977273054, 977273057, 977273060, 977273064, 977273065, 977273070, 977273076, 977273082, 977273090, 977273091, 977273092, 977273094, 977273095, 977273100, 977273103, 977273386, 977273389, 977273390, 977273391, 977273393, 977273398, 977273401, 977273421, 977273419, 977273418, 977273416, 977273413, 977273411, 977273407, 977273404, 977273403, 977273402, 977273052, 977273056, 977273059, 977273063, 977273066, 977273068, 977273071, 977273086, 977273102, 977273107, 977273108, 977273109, 977273111, 977273115, 977273124, 977273133, 977273138, 977273147, 977273171, 975175707, 975175717, 975175725, 975175735, 975175736, 975175739, 975175743, 975175748, 975175751, 975175755, 975175756, 975175760, 975175763, 975175766, 975175767, 975175768, 975175770, 975175775, 975175780, 975175785, 975175788, 975175791, 975175792, 975175795, 975175797, 975175801, 975175802, 975175806, 975175812, 975175815, 975175817, 975175818, 975175823, 975175826, 975175828, 975175829, 975175830, 975175833, 975175834, 975175841, 975175845, 975175846, 975175849, 975175861, 975175862, 975175865, 975175868, 975175872, 975175875, 975175877, 975175881, 975175886, 975175890, 975175891, 975175897, 975175899, 975175904, 975175906, 975175910, 975175912, 975175915, 975175917, 975175920, 975175925, 975175929, 975175936, 975175939, 975175940, 975175943, 975175944, 975175948, 975175954, 975175955, 975175957, 975175959, 975178023, 977273430, 977273429, 977273112, 977273113, 977273114, 977273118, 977273131, 977273156, 977273159, 977273163, 977273166, 977273169, 977273170, 977273173, 977273176, 977273178, 977273179, 977273181, 977273183, 977273184, 977273187, 977273193, 977273196, 977273200, 977273201, 977273205, 977273207, 977273208, 977273209, 977273210, 977273211, 977273212, 977273213, 977273214, 977273217, 977273219, 977273221, 977273223, 977273224, 977273227, 977273228, 977273229, 977273230, 977273231, 977273232, 977273233, 977273236, 977273237, 977273238, 977273239, 977273240, 977273242, 977273243, 977273244, 977273245, 977273247, 977273248, 977273250, 977273251, 977273252, 977273253, 977273255, 977273258, 977273260, 977273261, 977273262, 977273264, 977273265, 977273266, 977273268, 977273272, 977273273, 977273274, 977273275, 977273276, 977273277, 977273279, 977273282, 977273283, 977273284, 977273286, 977273289, 977273291, 977273293, 977273294, 977273295, 977273296, 977273298, 977273299, 977273301, 977273305, 977273306, 977273307, 977273308, 977273310, 977273311, 977273312, 977273314, 977273316, 977273317, 977273318, 977273321, 977273322, 977273324, 977273327, 977273328, 977273330, 977273331, 977273332, 977273334, 977273335, 977273336, 977273337, 977273341, 977273344, 977273346, 977273348, 977273349, 977273350, 977273352, 977273353, 977273356, 977273358, 977273359, 977273362, 975175685, 975175688, 975175689, 975175693, 975175694, 975175695, 975175696, 975175697, 975175698, 975175702, 975175705, 975175706, 975175711, 975175712, 975175720, 975175721, 975175727, 975175731, 975175740, 975175741, 975175742, 975175745, 975175746, 975175750, 975175757, 975175758, 975175759, 975175761, 975175778, 975175781, 975175782, 975175794, 975175796, 975175800, 975175805, 975175807, 975175811, 975175816, 975175820, 975175821, 975175824, 975175831, 975175840, 975175842, 975175850, 975175851, 975175852, 975175853, 975175854, 975175859, 975175863, 975175864, 975175866, 975175867, 975175873, 975175874, 975175879, 975175880, 975175882, 975175883, 975175885, 975175888, 975175889, 975175892, 975175893, 975175894, 975175895, 975175896, 975175898, 975175901, 975175913, 975175921, 975175923, 975175924, 975175926, 975175928, 975175930, 975175932, 975175933, 975175934, 975175935, 975175937, 975175938, 975175945, 975175946, 975175949, 975175953, 975175956, 977273379, 977273380, 975177874, 977273381, 977273382, 975177928, 977273384, 977273385, 975177998, 977273387, 977273388, 977273392, 977273394, 977273395, 977273396, 977273397, 977273399, 977273400, 977273405, 977273406, 977273408, 977273409, 977273410, 977273412, 977273414, 977273415, 977273417, 977273420, 977273422, 977273423, 977273424, 977273425, 977273426, 977273439, 977273440, 977273441, 975178058, 975178060, 975178061, 975178062, 975178070, 977273442, 977273444, 975178133, 975178056, 975178055, 977273433, 977273432, 975178024, 977273428, 977273427, 975175969, 975175970, 975175972, 975175974, 975175988, 975175990, 975175991, 975175998, 975176000, 975176007, 975176012, 975176014, 975176018, 975176028, 975176029, 975176032, 975176039, 975176041, 975176069, 975176084, 975178037, 975175961, 975175962, 975175963, 975175965, 975175967, 975175968, 975175971, 975175976, 975175977, 975175981, 975175982, 975175983, 975175984, 975175986, 975175994, 975175999, 975176001, 975176006, 975176016, 975176023, 975176027, 975176030, 975176031, 975176033, 975176040, 975176043, 975176044, 975176049, 975176053, 975176054, 975176056, 975176059, 975176060, 975176063, 975176067, 975176071, 975176072, 975176073, 975176074, 975176076, 975176077, 975176078, 975176082, 975176086, 975176087, 975176088, 975176089, 975176093, 975176094, 975176097, 975176098, 975176100, 975176101, 975176102, 975176103, 975176104, 975176105, 975176106, 975176112, 975176114, 975176116, 975176117, 975176118, 975176119, 975176122, 975176125, 975176128, 975176130, 975176132, 975176133, 975176135, 975176136, 975176137, 975176139, 975176140, 975176141, 975176142, 975176145, 975176146, 975176147, 975176150, 975176151, 975176152, 975176153, 975176155, 975176156, 975176157, 975176160, 975176161, 975176163, 975176164, 975176165, 975176167, 975176169, 975176174, 975176175, 975176177, 975176180, 975176183, 975176186, 975176198, 975176205, 975176212, 975176224, 975176245, 975178084, 975178159, 975178126, 975175786, 975175804, 977273438, 975176003, 975176021, 975176273, 975176275]], "coordinate": [1.9919054543140526, 0.39059764827010607, 91.69999694824219], "halfSize": [419.29799999995157, 296.757500000298, 39.10000228881836]}, {"attributes": [977272834, 166, 7, "G/IC(7)", "Government, Institution or Community(7)", null, 4837.94], "links": [[977273084, 977273093, 977273116, 977273119, 977273126, 977273129, 977273106, 977273117, 977273132, 977273153, 977273158, 977273177, 977273202, 977273215]], "coordinate": [1.991810094246198, 0.39061591558173925, 131.60000610351562],