{
  "features": [
    {
      "attributes": [
        1056964608,
        1,
        [
          [
            2295801238,
            0,
            "\u6cf0\u666f\u58eb\u591a",
            "G/F, 7 & 8 TAI HANG VILLAGE, DD 7, LOT 1716 S.B, FUI SHA WAI, TAI PO, NEW TERRITORIES",
            null,
            "2026-09-19"
          ]
        ]
      ],
      "links": [
        [
          1056965102
        ]
      ],
      "coordinate": [
        1.9923301105070506,
        0.3921618509588622,
        27.799999237060547
      ],
      "halfSize": [
        4.621999999973923,
        4.772539999336004,
        3.8000001907348633
      ]
    }
  ]
}