{
  "features": [
    {
      "attributes": [
        1266679808,
        1,
        [
          [
            3196800753,
            1,
            "\u9e7f\u7530\u5712",
            "G/F, MAJOR PORTION OF NO. 3 KAI KUK SHUE HA TSUEN, LUK KENG, SHA TAU KOK, FANLING, NEW TERRITORIES",
            null,
            "2026-10-04"
          ]
        ]
      ],
      "links": [
        [
          1266679815
        ]
      ],
      "coordinate": [
        1.9935041266942297,
        0.39313677684410636,
        6.25
      ],
      "halfSize": [
        7.906500000040978,
        4.647274999879301,
        2.1499998569488525
      ]
    }
  ]
}