{
  "features": [
    {
      "attributes": [
        1335885824,
        1,
        [
          [
            2296803675,
            0,
            "CHUNG KEE",
            "G/F, LOT 156 IN DD 65, KUK PO TSUEN, SHA TAU KOK, NEW TERRITORIES",
            null,
            "2026-12-04"
          ]
        ]
      ],
      "links": [
        [
          1335885831
        ]
      ],
      "coordinate": [
        1.9938028080281511,
        0.3932827873733723,
        5.5
      ],
      "halfSize": [
        5.365720000118017,
        5.809639999642968,
        1.1999998092651367
      ]
    }
  ]
}