{
  "features": [
    {
      "attributes": [
        1579155456,
        1,
        [
          [
            2298802481,
            0,
            "THE JOCKEY CLUB KAU SAI CHAU PUBLIC GOLF COURSE",
            "G/F (PORTION) & 1/F (PORTION), THE JOCKEY CLUB KAU SAI CHAU PUBLIC GOLF COURSE, KAU SAI CHAU, SAI KUNG, NEW TERRITORIES",
            null,
            "2026-09-23"
          ]
        ]
      ],
      "links": [
        [
          1579155462
        ]
      ],
      "coordinate": [
        1.9951082647997782,
        0.3903898640410796,
        45.599998474121094
      ],
      "halfSize": [
        35.883605000097305,
        36.358959999866784,
        7.600000381469727
      ]
    }
  ]
}