{
  "features": [
    {
      "attributes": [
        1585446912,
        1,
        [
          [
            2298802968,
            0,
            "\u9ea5\u7406\u6d69\u592b\u4eba\u6e21\u5047\u6751\u9910\u5ef3",
            "LADY MACLEHOSE HOLIDAY VILLAGE, SAI KUNG, NEW TERRITORIES",
            null,
            "2026-05-24"
          ]
        ]
      ],
      "links": [
        [
          1585447000
        ]
      ],
      "coordinate": [
        1.995269004995862,
        0.3911009326975405,
        29.69999885559082
      ],
      "halfSize": [
        18.39111000020057,
        22.042910000309348,
        4.399999618530273
      ]
    }
  ]
}