{
  "features": [
    {
      "attributes": [
        1593835520,
        1,
        [
          [
            2298000386,
            0,
            "\u597d\u666f\u8336\u5ea7",
            "G/F, DD 283, LOT 429, NO. 2B HOI HA VILLAGE, SAI KUNG, NEW TERRITORIES",
            null,
            "2026-07-23"
          ]
        ]
      ],
      "links": [
        [
          1593835534
        ]
      ],
      "coordinate": [
        1.9954103553634122,
        0.3920103587330119,
        14.100000381469727
      ],
      "halfSize": [
        3.0551100000739098,
        5.3444699998945,
        3.4000000953674316
      ]
    }
  ]
}