{
  "features": [
    {
      "attributes": [
        1725956096,
        1,
        [
          [
            2295001306,
            0,
            "\u660c\u8a18",
            "NO. 48-49, KAU LAU WAN VILLAGE, G/F., DD296, LOT 768-770, KAU LAU WAN, TAI PO, NEW TERRITORIES",
            null,
            "2026-06-30"
          ]
        ]
      ],
      "links": [
        [
          1725956161
        ]
      ],
      "coordinate": [
        1.9959846161679264,
        0.39198603534653403,
        9.25
      ],
      "halfSize": [
        4.378000000026077,
        5.60149999987334,
        5.350000381469727
      ]
    }
  ]
}