{
  "features": [
    {
      "attributes": [
        285212672,
        1,
        [
          [
            2217001801,
            0,
            "Po Lin Monastery",
            "KITCHEN BLOCK AND CANTEEN BLOCK, G/F., PO LIN MONASTERY, LOT NO. 212, NGONG PING, LANTAU ISLAND, NEW TERRITORIES",
            null,
            "2026-12-22"
          ]
        ]
      ],
      "links": [
        [
          285212938
        ]
      ],
      "coordinate": [
        1.9880715188242202,
        0.38843198763174214,
        445.6499938964844
      ],
      "halfSize": [
        31.95444000000134,
        20.51914000045508,
        2.75
      ]
    }
  ]
}