{
  "features": [
    {
      "attributes": [
        348127232,
        1,
        [
          [
            2217000774,
            0,
            "Gallery",
            "G/F., 26 TONG FUK VILLAGE, LANTAU ISLAND, NEW TERRITORIES",
            null,
            "2026-06-30"
          ]
        ]
      ],
      "links": [
        [
          348127412
        ]
      ],
      "coordinate": [
        1.9884959414904257,
        0.3879494866809291,
        17.799999237060547
      ],
      "halfSize": [
        5.020035000052303,
        4.7920000003650784,
        4.499999523162842
      ]
    }
  ]
}