{
  "features": [
    {
      "attributes": [
        484442112,
        1,
        [
          [
            2217001050,
            0,
            "MPES",
            "4B LO UK VILLAGE, PUI O, LANTAU ISLAND, NEW TERRITORIES",
            null,
            "2026-06-30"
          ]
        ]
      ],
      "links": [
        [
          484442295
        ]
      ],
      "coordinate": [
        1.9892598581389935,
        0.38822440327154073,
        11.799999237060547
      ],
      "halfSize": [
        3.204454999882728,
        5.469794999808073,
        4.099999904632568
      ]
    }
  ]
}