{
  "features": [
    {
      "attributes": [
        513802240,
        1,
        [
          [
            2293002518,
            0,
            "\u9032\u9054",
            "G/F, DD 130, LOT 86RP, TUEN TSZ WAI, NG LAU ROAD, TUEN MUN, NEW TERRITORIES",
            null,
            "2026-08-04"
          ]
        ]
      ],
      "links": [
        [
          513803060
        ]
      ],
      "coordinate": [
        1.9893638891963248,
        0.39133069852568736,
        13.100000381469727
      ],
      "halfSize": [
        5.501500000245869,
        5.506000000052154,
        4.100000381469727
      ]
    }
  ]
}