{
  "features": [
    {
      "attributes": [
        654311424,
        1,
        [
          [
            3194803590,
            1,
            "PEDRO PIZZA",
            "G/F, 49C SHING UK TSUEN, TAI TSENG WAI, YUEN LONG, NEW TERRITORIES",
            null,
            "2026-05-24"
          ]
        ]
      ],
      "links": [
        [
          654311621
        ]
      ],
      "coordinate": [
        1.9900030652947243,
        0.39207254105147527,
        10.949999809265137
      ],
      "halfSize": [
        6.291000000201166,
        4.998499999754131,
        3.4499998092651367
      ]
    }
  ]
}