{
  "features": [
    {
      "attributes": [
        681574400,
        1,
        [
          [
            2217800299,
            0,
            "Warwick Hotel",
            "G/F (PORTION), WARWICK HOTEL, EAST BAY, CHEUNG CHAU, NEW TERRITORIES",
            null,
            "2026-06-19"
          ]
        ]
      ],
      "links": [
        [
          681574577
        ]
      ],
      "coordinate": [
        1.9902397672158065,
        0.3875986327543591,
        20.19999885559082
      ],
      "halfSize": [
        20.74600000027567,
        7.645365000702441,
        13.399999618530273
      ]
    }
  ]
}