{
  "features": [
    {
      "attributes": [
        704643072,
        1,
        [
          [
            2292001110,
            0,
            "\u5927\u516b\u65b9\u4e2d\u570b\u6599\u7406",
            "1/F, COMMERCIAL COMPLEX, HONG KONG GARDEN, TSING LUNG TAU, TSUEN WAN, NEW TERRITORIES",
            null,
            "2026-06-30"
          ]
        ]
      ],
      "links": [
        [
          704643362
        ]
      ],
      "coordinate": [
        1.9903864587203708,
        0.39028497187446715,
        29.450000762939453
      ],
      "halfSize": [
        21.887000000104308,
        21.17700000014156,
        2.4499998092651367
      ]
    }
  ]
}