{
  "features": [
    {
      "attributes": [
        715128832,
        1,
        [
          [
            3194803192,
            1,
            "\u512a\u60a0\u8336\u5ea7",
            "G/F, SECTION B OF LOT NO. 5121 IN DD116, YUEN LONG, NEW TERRITORIES",
            null,
            "2026-07-13"
          ]
        ]
      ],
      "links": [
        [
          715130135
        ]
      ],
      "coordinate": [
        1.9902194048027295,
        0.3913980825874884,
        15.600000381469727
      ],
      "halfSize": [
        5.178400000091642,
        5.31957000028342,
        3.799999713897705
      ]
    }
  ]
}