{
  "features": [
    {
      "attributes": [
        788529152,
        1,
        [
          [
            2294808205,
            0,
            "\u6c39\u4ed4",
            "G/F, DD 104, LOT 2237&2238, HA SUN WAI VILLAGE, FAIRVIEW PARK ROAD SOUTH, YUEN LONG, NEW TERRITORIES",
            null,
            "2026-05-30"
          ]
        ]
      ],
      "links": [
        [
          788529528
        ]
      ],
      "coordinate": [
        1.9906251470277665,
        0.39220281388364936,
        8.350000381469727
      ],
      "halfSize": [
        4.8504099999554455,
        5.127574999816716,
        4.650000095367432
      ]
    }
  ]
}