{
  "features": [
    {
      "attributes": [
        790626304,
        1,
        [
          [
            2294002436,
            0,
            "The Banquet",
            "G/F, DD 104, LOT 2562 BRP, 390 CASTLE PEAK ROAD, TAM MI, YUEN LONG, NEW TERRITORIES",
            null,
            "2026-09-20"
          ]
        ]
      ],
      "links": [
        [
          790627983
        ]
      ],
      "coordinate": [
        1.9906792277222223,
        0.39232727919469773,
        9.300000190734863
      ],
      "halfSize": [
        5.774000000208616,
        6.0290000000968575,
        4.399999618530273
      ]
    }
  ]
}