{
  "features": [
    {
      "attributes": [
        792723456,
        1,
        [
          [
            2294811296,
            0,
            "MUI'S CAFE",
            "G/F, 1C, MAI PO TSUEN, SAN TIN, YUEN LONG, NEW TERRITORIES",
            null,
            "2026-05-06"
          ]
        ]
      ],
      "links": [
        [
          792723656
        ]
      ],
      "coordinate": [
        1.9907453292850852,
        0.3925993942836714,
        8.850000381469727
      ],
      "halfSize": [
        4.47649999987334,
        4.14850000012666,
        4.349999904632568
      ]
    }
  ]
}