{
  "features": [
    {
      "attributes": [
        849346560,
        1,
        [
          [
            2294001099,
            0,
            "\u65e6\u738b\u82b1\u2500\u6cf0\u8d8a\u937e\u60c5",
            "G/F, DD 106, LOT 1649 S.A & R.P., 148 KAM SHEUNG ROAD, PAT HEUNG, YUEN LONG, NEW TERRITORIES",
            null,
            "2026-05-21"
          ]
        ]
      ],
      "links": [
        [
          849348068
        ]
      ],
      "coordinate": [
        1.9910806797810732,
        0.39140125476717347,
        22.75
      ],
      "halfSize": [
        4.91800000006333,
        5.217000000178814,
        3.549999237060547
      ]
    }
  ]
}