{
  "features": [
    {
      "attributes": [
        916455424,
        1,
        [
          [
            2294811986,
            0,
            "\u5357\u82d1\u6d77\u9bae\u9152\u5bb6",
            "G/F, 29A KAM SHEUNG ROAD, PAT HEUNG SHEUNG TSUEN, D.D. 114, LOT 881AR.P., YUEN LONG, NEW TERRITORIES",
            null,
            "2026-07-27"
          ]
        ]
      ],
      "links": [
        [
          916456424
        ]
      ],
      "coordinate": [
        1.9914184092744058,
        0.3914915891441348,
        43.650001525878906
      ],
      "halfSize": [
        4.1240000003017485,
        5.3960000006482005,
        4.05000114440918
      ]
    }
  ]
}