{
  "features": [
    {
      "attributes": [
        926941184,
        1,
        [
          [
            2296001701,
            0,
            "\u84ec\u840a\u98df\u5802",
            "SECTION F, DD 94, LOT 399, HANG TAU VILLAGE, SHEUNG SHUI, NEW TERRITORIES",
            null,
            "2026-12-14"
          ]
        ]
      ],
      "links": [
        [
          926942034
        ]
      ],
      "coordinate": [
        1.991481188888037,
        0.39259000582722425,
        15.5
      ],
      "halfSize": [
        9.679150000214577,
        4.056549999862909,
        2.0
      ]
    }
  ]
}