{"features": [{"attributes": [1023410176, "TIB/0100", "No.25 (formerly No.15) Hing Wo Street, Hong Kong", "Blue Box Factory Building"], "links": [[1023410349]], "coordinate": [1.992268936892379, 0.3883447059776655, 62.599998474121094], "halfSize": [29.48050000006333, 28.246500000357628]}]}