{"features": [{"attributes": [1042284544, "TIB/0105", "Nos.30-38 Lam Tin Street, Kwai Chung, New Territories", "Kam Chung Industrial Building"], "links": [[1042284659]], "coordinate": [1.9920926205098106, 0.3904070523411532, 74.5999984741211], "halfSize": [10.079365000128746, 25.29579999949783]}, {"attributes": [1042284545, "TIB/0289", "Nos.109-115 Wo Yi Hop Road, Kwai Chung, New Territories", "Cheung Wing Industrial Building"], "links": [[1042284658]], "coordinate": [1.9921001162512137, 0.39040952891470493, 76.4000015258789], "halfSize": [32.239999999757856, 18.730999999679625]}]}