{"features": [{"attributes": [1103101952, "TIB/0166", "No.165 Un Chau Street, Kowloon", "Posco Building"], "links": [[1103102400]], "coordinate": [1.9924749043145213, 0.38980726520459713, 45.20000076293945], "halfSize": [13.19675000011921, 12.398460000753403]}, {"attributes": [1103101953, "TIB/0237", "No.58 Castle Peak Road, Kowloon", null], "links": [[1103102457]], "coordinate": [1.9925132514379278, 0.38979991255257257, 40.5], "halfSize": [21.160434999968857, 26.970389999449253]}, {"attributes": [1103101954, "TIB/0238", "No.58 Castle Peak Road, Kowloon", null], "links": [[1103102457]], "coordinate": [1.9925132514379278, 0.38979991255257257, 40.5], "halfSize": [21.160434999968857, 26.970389999449253]}]}