{"features": [{"attributes": [1166016512, "TIB/0206", "No.21 Ma Tau Wai Road, Kowloon", "Eldex Industrial Building"], "links": [[1166016690]], "coordinate": [1.992954506898863, 0.38935445120379514, 49.70000076293945], "halfSize": [25.66073999973014, 43.10414000041783]}]}