{"features": [{"attributes": [1296039936, "TIB/0108", "Nos.1, 3, 5, 7, 9 &11 Mong Lung Street, Nos.18, 20, 22 & 24 Factory Street, Hong Kong", "Hop Lung Factory Building"], "links": [[1296040457, 1296040013]], "coordinate": [1.9936775287381145, 0.3888163012750542, 78.5999984741211], "halfSize": [11.562979999929667, 19.23030500020832]}]}