{"features": [{"attributes": [1298137088, "TIB/0116", "(Formerly Yau Tong Industrial Building), No.13 Ko Fai Road, Kowloon", "Well Town Industrial Building"], "links": [[1298137259]], "coordinate": [1.9937943661173796, 0.3891317576756317, 46.900001525878906], "halfSize": [28.393029999919236, 36.75908999983221]}, {"attributes": [1298137089, "TIB/0117", "No.15 Ko Fai Road, Kowloon", "Long Life Industrial Building"], "links": [[1298137262]], "coordinate": [1.993789920606627, 0.3891296322373199, 46.79999923706055], "halfSize": [28.590349999722093, 36.71386499982327]}]}