{"features": [{"attributes": [1300234240, "TIB/0079", "No.23 Hing Yip Street, Kowloon", "Po Yip Building"], "links": [[1300234940, 1300234411]], "coordinate": [1.9936134884355363, 0.38936683525495863, 50.70000076293945], "halfSize": [21.981209999881685, 21.363854999653995]}, {"attributes": [1300234241, "TIB/0207", "No.56 Hoi Yuen Road, Kowloon", null], "links": [[1300234363]], "coordinate": [1.9935904409249487, 0.38938129245085423, 46.900001525878906], "halfSize": [21.66546000028029, 21.649720000103116]}, {"attributes": [1300234242, "TIB/0244", "No.77 Hung To Road, Kowloon", "Milkyway Building"], "links": [[1300234425]], "coordinate": [1.9935913243254497, 0.38935978828473206, 33.400001525878906], "halfSize": [22.562510000076145, 21.476219999603927]}, {"attributes": [1300234243, "TIB/0249", "No.79 Hung To Road, Kowloon", "Kras Asia Industrial Building"], "links": [[1300234434]], "coordinate": [1.9935940748974803, 0.38935713128300453, 47.099998474121094], "halfSize": [21.417909999843687, 20.77056000009179]}]}