{"features": [{"attributes": [1361051648, "TIB/0222", "(formerly known as Casey Industrial Building), No.5 Fung Yip Street, Hong Kong", "Wah Shing Centre"], "links": [[1361051692, 1361051651]], "coordinate": [1.9939619997277311, 0.3886406209645024, 51.599998474121094], "halfSize": [31.956710000056773, 31.320000000298023]}, {"attributes": [1361051649, "TIB/0252", "No. 4 Sun On Street, Chai Wan, Hong Kong", "Reality Tower"], "links": [[1361051688]], "coordinate": [1.9939666842525687, 0.3886439963653208, 51.70000076293945], "halfSize": [25.865505000110716, 27.252330000512302]}, {"attributes": [1361051650, "TIB/0264", "No.7 Sun Yip Street, Hong Kong", "Unison Industrial Building"], "links": [[1361051694]], "coordinate": [1.9939772826130593, 0.3886363665516574, 51.0], "halfSize": [26.462875000201166, 24.932465000078082]}, {"attributes": [1361051651, "TIB/0274", "No.5 Sun Yip Street, Hong Kong", "Prince Factory Building"], "links": [[1361051702, 1361051655]], "coordinate": [1.9939783069419736, 0.38863166891359074, 51.20000076293945], "halfSize": [21.402999999932945, 16.933999999426305]}]}