{"features": [{"attributes": [507510784, "TIB/0227", "No.17 San On Street, Tuen Mun, New Territories", "Hanway Factory Building"], "links": [[507510799]], "coordinate": [1.9891708964163983, 0.3908218799240381, 47.20000076293945], "halfSize": [16.370860000140965, 14.65464000031352]}]}