{"features": [{"attributes": [509607936, "TIB/0240", "No.13 San On Street, Tuen Mun, New Territories", "Bhotai Industrial Building"], "links": [[509609251, 509609163]], "coordinate": [1.9891681844369973, 0.39083138806817813, 21.5], "halfSize": [17.55061999987811, 19.857099999673665]}]}