{"features": [{"attributes": [905969664, "TIB/0146", "Nos.42-46 Wang Lung Street, Tsuen Wan, New Territories", "Oxford Factory Building"], "links": [[905969668, 905970386]], "coordinate": [1.9917110956330122, 0.390346108468077, 31.200000762939453], "halfSize": [19.645650000311434, 29.300825000740588]}]}