{"features": [{"attributes": [908066816, "TIB/0221", "The Remaining Portion of Lot No. 1222 in D.D. 453", "Lot No. 1222 in D.D. 453"], "links": [[908067001, 908066991]], "coordinate": [1.9916653531637292, 0.3905193963004555, 20.0], "halfSize": [39.21393999969587, 61.14724500011653]}, {"attributes": [908066817, "TIB/0232", "The Remaining Portion of Lot No.1222 in D.D. 453", null], "links": [[908067001, 908066991]], "coordinate": [1.9916653531637292, 0.3905193963004555, 20.0], "halfSize": [39.21393999969587, 61.14724500011653]}, {"attributes": [908066818, "TIB/0241", "Nos.10-16 Pun Shan Street, Tsuen Wan, New Territories", "Fou Wah Industrial Building"], "links": [[908066998]], "coordinate": [1.9915390330929343, 0.3905169336458468, 53.79999923706055], "halfSize": [35.31197499996051, 42.346725000068545]}]}