{"features": [{"attributes": [960495616, "TIB/0180", "12P Smithfield Road, Hong Kong", "Cheung Hing Industrial Building"], "links": [[960496125]], "coordinate": [1.99192880048196, 0.3888731845282312, 63.900001525878906], "halfSize": [27.196905000135303, 17.51983500085771]}]}