{"features": [{"attributes": [962592768, "TIB/0195", "Nos.7-9 Hill Road, Hong Kong", "Cheung Fat Building"], "links": [[962592908]], "coordinate": [1.9920416411170487, 0.3889706794191286, 60.099998474121094], "halfSize": [16.258545000106096, 16.675309999845922]}]}