{"features": [{"attributes": [1140850688, "GRAND VICTORIA PHASE 2 &amp; 3 8 LAI YING ST CHEUNG SHA WAN", 1, 0], "links": [[1035994491, 1035994500, 1035994501, 1035994502, 1035994494, 1035994495, 1035994496, 1035994497, 1035994498, 1035994499, 1035994503, 1035994504]], "coordinate": [1.992267744037165, 0.38968351157806175, 100.4000015258789], "halfSize": [0.0, 64.59789569675922]}, {"attributes": [1140850689, "CHEONG FAT FACTORY BUILDING 344/348 FUK WING ST", 2, 0], "links": [[1035993535]], "coordinate": [1.9924264702247048, 0.38984222497537757, 44.70000076293945], "halfSize": [0.0, 34.08102499973029]}]}