{"features": [{"attributes": [1149239296, "1/3 WO YI HOP RD KWAI CHUNG", 1, 0], "links": [[973078531]], "coordinate": [1.9920412701895973, 0.39035635366799837, 32.29999923706055], "halfSize": [0.0, 59.82299999985844]}, {"attributes": [1149239297, "KERRY BCI GODOWN II 35 WING KEI RD KWAI CHUNG", 1, 0], "links": [[973078913]], "coordinate": [1.9917370761566817, 0.3902472957167694, 108.5], "halfSize": [0.0, 43.58499999996275]}, {"attributes": [1149239298, "WELL INDUSTRIAL BUILDING 21/23 LAM TIN ST KWAI CHUNG", 1, 0], "links": [[975177448]], "coordinate": [1.992076614669414, 0.3904172733165722, 70.9000015258789], "halfSize": [0.0, 15.609345000237226]}, {"attributes": [1149239299, "FORTUNA HOUSE 118 LEI MUK RD KWAI CHUNG", 1, 0], "links": [[975177251]], "coordinate": [1.9920896930108698, 0.3904478717309995, 88.0], "halfSize": [0.0, 14.653120000846684]}]}