{"features": [{"attributes": [1249902592, "KWAI BO INDUSTRIAL BUILDING 40 WONG CHUK HANG RD", 2, 1], "links": [[1090519416]], "coordinate": [1.9925765127118804, 0.38830316544875515, 83.5999984741211], "halfSize": [0.0, 24.057895000092685]}]}