{"features": [{"attributes": [1283457024, "SUNKING INDUSTRIAL BUILDING 1/7 SHING CHUEN RD TAI WAI", 1, 0], "links": [[1176502560]], "coordinate": [1.9928635925114584, 0.39055637995476444, 47.20000076293945], "halfSize": [0.0, 34.65250000078231]}]}