{"features": [{"attributes": [746586112, "HSE 7 KWUN FAT ST SIU LAM TUEN MUN", 2, 0], "links": [[572523980]], "coordinate": [1.9898043178984801, 0.3903923243142023, 45.20000076293945], "halfSize": [0.0, 8.414394999854267]}]}