{"features": [{"attributes": [771751936, "13/25 YUEN LONG HONG LOK RD YUEN LONG", 1, 0], "links": [[650117968, 650118041, 650117969]], "coordinate": [1.9901555680265317, 0.39171662074317354, 25.899999618530273], "halfSize": [0.0, 16.991059999912977]}, {"attributes": [771751937, "HO KING BUILDING 110/136 YUEN LONG ON NING RD YUEN LONG", 1, 0], "links": [[650117335, 650120067, 650117333]], "coordinate": [1.9900956302120631, 0.39176144067148516, 70.69999694824219], "halfSize": [0.0, 8.080675000324845]}]}