{"features": [{"attributes": [905969664, "FULL YAU COURT 37/51P YAU SAN ST YUEN LONG", 1, 0], "links": [[717226522]], "coordinate": [1.99022104100839, 0.391699965183894, 60.400001525878906], "halfSize": [0.0, 10.569690000265837]}]}