{"features": [{"attributes": [1006632960, 1, "LEI MUK SHUE 1 ESTATE", [], 124396.84, "1999", 0, [[1, 3, 2300, "16.3 - 52.2"]]], "links": [[977273287, 975175681, 975175776, 975175809, 975175810, 975175822, 975175836, 975175848, 977273378, 977273269, 977273271, 977273288, 977273303, 975175680, 977273363, 977273367, 975175716, 975175733, 975175753, 975175837, 975175839, 975175860, 975175887, 975175985, 975176090, 975177764, 975176286, 975176199, 975176051, 975176108, 975176120, 975177765, 975178050, 975176293, 975176292, 975176270, 975176248, 975176233, 975176207, 975176201, 975175777, 975175787, 975175843]], "coordinate": [1.9920396069451116, 0.39057898944319186, 192.10000610351562], "halfSize": [217.37749999994412, 213.63519999943674]}, {"attributes": [1006632961, 1, "LEI MUK SHUE 2 ESTATE", [], 124396.84, "1975, 1979, 1998, 1999", 0, [[1, 11, 4300, "16.3 - 52.2"]]], "links": [[977273287, 975175681, 975175776, 975175809, 975175810, 975175822, 975175836, 975175848, 977273378, 977273269, 977273271, 977273288, 977273303, 975175680, 977273363, 977273367, 975175716, 975175733, 975175753, 975175837, 975175839, 975175860, 975175887, 975175985, 975176090, 975177764, 975176286, 975176199, 975176051, 975176108, 975176120, 975177765, 975178050, 975176293, 975176292, 975176270, 975176248, 975176233, 975176207, 975176201, 975175777, 975175787, 975175843]], "coordinate": [1.9920396069451116, 0.39057898944319186, 192.10000610351562], "halfSize": [217.37749999994412, 213.63519999943674]}, {"attributes": [1006632962, 1, "LEI MUK SHUE ESTATE", [], 124396.84, "2005", 0, [[1, 5, 3900, "17.4 - 39.7"]]], "links": [[977273287, 975175681, 975175776, 975175809, 975175810, 975175822, 975175836, 975175848, 977273378, 977273269, 977273271, 977273288, 977273303, 975175680, 977273363, 977273367, 975175716, 975175733, 975175753, 975175837, 975175839, 975175860, 975175887, 975175985, 975176090, 975177764, 975176286, 975176199, 975176051, 975176108, 975176120, 975177765, 975178050, 975176293, 975176292, 975176270, 975176248, 975176233, 975176207, 975176201, 975175777, 975175787, 975175843]], "coordinate": [1.9920396069451116, 0.39057898944319186, 192.10000610351562], "halfSize": [217.37749999994412, 213.63519999943674]}, {"attributes": [1006632963, 1, "TAI WO HAU ESTATE", ["15 TAI WO HAU ROAD"], 109145.32, "1979", 0, [[1, 17, 7900, "16.4 - 68.4"]]], "links": [[975177370, 975177410, 975177464, 975177466, 975177476, 975177514, 975177550, 975177551, 975177598, 975177626, 975177642, 975177830, 975177836, 975177363, 975177435, 975177470, 975177498, 975177520, 975177533, 975177562, 975177563, 975177577, 975177585, 975177633, 975177821, 975177702, 975177656, 975177658, 975177670, 975177685, 975177696, 975177699, 975177727, 975177753, 973078536, 973078549, 975177845, 975177859, 975177747]], "coordinate": [1.9918387427111595, 0.39038954090675215, 148.1999969482422], "halfSize": [236.40650000004098, 235.54239999968559]}, {"attributes": [1006632964, 16, "KWAI HING ESTATE", ["2 WO KWAI LANE"], 27531.65, "1991 - 1992", 0, [[5, 4, 200, "18.9 - 74.3"]]], "links": [[975177697, 975177712, 975177719, 975177736, 975177748, 973078541, 973078553, 975177854, 975177855, 973078599, 973078655]], "coordinate": [1.991987511846471, 0.3903580630259171, 84.5999984741211], "halfSize": [81.39495000010356, 177.93899999931455]}, {"attributes": [1006632965, 4, "SHEK LEI II ESTATE", [], 87903.52, "1994", 0, [[3, 12, 8400, "14.16 - 49.3"]]], "links": [[1042284667, 1042284669, 1042284675, 1042284724, 1042284759, 1042284758, 1042284757, 1042284685, 1042284676, 1042284689, 1042284690, 1042284695, 1042284699, 1040187392, 1042284756, 1040187449, 1042284732, 1042284729, 1040187400, 1040187397, 1040187398, 1040187399, 1040187402, 1040187403, 1040187404, 1040187409, 1040187435, 1040187448]], "coordinate": [1.9921251667785618, 0.39036585081445263, 198.10000610351562], "halfSize": [173.80036999983713, 289.69844499975443]}, {"attributes": [1006632966, 1, "KWAI CHUNG ESTATE", [], 118611.49, "1997, 1998, 2000, 2005, 2008", 0, [[1, 16, 13700, "12.8 - 52.2"]]], "links": [[975177496, 975177504, 975177517, 975177555, 975177641, 975177390, 975177391, 975177543, 975177612, 975177613, 975177614, 975177615, 975177616, 975177624, 975177625, 975177628, 975177629, 975177835, 975177392, 975177473, 975177549, 975177591, 975177639, 975177663, 975177681, 975177687, 975177698, 975177739, 975177651, 975177653, 975177654, 975177662, 975177664, 975177673, 975177679, 975177680, 975177682, 975177689, 975177695, 975177713, 975177716, 975177717, 975177721, 975177734, 975177863]], "coordinate": [1.9919145549492185, 0.390398146472704, 164.0], "halfSize": [349.37563499994576, 249.22288499958813]}, {"attributes": [1006632967, 1, "KWAI SHING WEST ESTATE", [], 83695.93, "1975", 0, [[1, 10, 5300, "22.7 - 54.9"]]], "links": [[973078693, 973078696, 973078719, 973078723, 973078728, 973078730, 973078741, 973078751, 973078752, 973078756, 973078761, 973078767, 973078775, 973078776, 973078781, 973078791, 973079277, 973079442, 973079393, 973078782, 973078789, 973078808, 973078818, 973079454, 973078825, 973078826, 973078827, 973078839, 973078848, 973078853, 973078867, 973078873, 973078894, 973078901, 973078916, 973079282, 973079413, 973079389, 973078821, 973078835, 973078838, 973078843, 973078844, 973078845, 973078852, 973078862, 973078906, 973078920, 973078925, 973079408]], "coordinate": [1.9918155204964876, 0.39028134524358854, 161.0], "halfSize": [196.76818999974057, 232.32715499959886]}, {"attributes": [1006632968, 1, "LAI YIU ESTATE", [], 63626.94, "1976", 0, [[1, 6, 3700, "14.1 - 54.9"]]], "links": [[973079463, 973079465, 973079179, 973079200, 973079217, 973079391, 973079339, 973079337, 973079336, 973079335, 973079334, 973079180, 973079182, 973079187, 973079191, 973079198, 973079204, 973079206, 973079210, 973079216, 973079225, 970981383, 970981384, 973079464, 970981390, 970982135, 970981395]], "coordinate": [1.9919613047288622, 0.39013932788155, 174.5], "halfSize": [171.50640000030398, 200.15053507959237]}, {"attributes": [1006632969, 1, "KWAI SHING EAST ESTATE", ["63 KWAI SHING CIRCUIT"], 79516.48, "1989", 0, [[1, 11, 6300, "16.3 - 52.3"]]], "links": [[973078668, 973078683, 973078688, 973078702, 973079255, 973078577, 973078572, 973078611, 973078645, 973078666, 973078667, 973079240, 973078703, 973078691, 973078686, 973078589, 973078598, 973078634, 973078641, 973078684, 973079349, 973079344, 973078704, 973078715, 973078726, 973078738]], "coordinate": [1.991900277660742, 0.3903256192498716, 191.10000610351562], "halfSize": [274.16889999993145, 172.1267400002107]}, {"attributes": [1006632970, 1, "ON YAM ESTATE", ["7 ON CHUK STREET"], 62529.11, "1994", 0, [[1, 8, 5300, "13.7 - 52.7"]]], "links": [[1042284591, 1042284597, 1042284599, 1042284600, 1042284610, 1042284608, 1042284602, 1042284618, 1042284619, 1042284620, 1042284621, 1042284626, 1042284627, 1042284633, 1042284639, 1042284654, 1042284656, 1042284737]], "coordinate": [1.9921528664417132, 0.39044867185453475, 206.3000030517578], "halfSize": [91.46400000015274, 259.04753000009805]}, {"attributes": [1006632971, 1, "SHEK LEI I ESTATE", [], 100192.38, "1985", 0, [[1, 9, 4900, "11.5 - 57.6"]]], "links": [[973078596, 1040187401, 1040187413, 973078648, 973078658, 973078685, 973078706, 973078747, 973078748, 973078757, 973078760, 973078762, 973078763, 973078764, 973078766, 973078768, 973078772, 973078774, 973078777, 973079269, 973079366, 973079367, 973079368, 973079369]], "coordinate": [1.9920900503871053, 0.3902923306330192, 168.6999969482422], "halfSize": [202.47649999987334, 326.8104999996722]}, {"attributes": [1006632972, 1, "KWAI FONG ESTATE", ["177 HING FONG ROAD"], 81866.43, "1987", 0, [[1, 12, 6300, "10.5 - 60.3"]]], "links": [[973078816, 973078832, 973078851, 973078875, 973078877, 973078883, 973078897, 973078924, 973078927, 973078943, 973078948, 973078957, 973079301, 973078963, 973078970, 973078971, 973079346, 973078994, 973079011, 973079012, 973079016, 973079039, 973079040, 973079350, 973078975, 973078977]],