{"features": [{"attributes": [1031798784, 32, "PO NGA COURT", [], 27114.59, "1989", 0, [[6, 3, 2448, "35.0 - 49.0"]]], "links": [[1121977141, 1121977161, 1054868955, 1054868978, 1054869003, 1054869011]], "coordinate": [1.9924550780254076, 0.39184655737670354, 104.80000305175781], "halfSize": [117.69794000033289, 95.68001500051469]}]}