{"features": [{"attributes": [1098907648, 32, "BROADVIEW COURT", ["11 SHUM WAN ROAD"], 15752.42, "2001", 0, [[6, 4, 1540, "39.0 - 54.0"]]], "links": [[1088421891, 1088421892, 1088421902, 1088421949, 1088421953, 1088421957, 1088421967, 1088421968, 1088421969, 1088421970, 1088421979, 1088421981, 1088421983]], "coordinate": [1.9925592438957798, 0.3882111027096757, 144.3000030517578], "halfSize": [129.93903000000864, 84.7212150003761]}, {"attributes": [1098907649, 32, "SOUTH WAVE COURT", ["3 SHUM WAN ROAD"], 7449.69, "1995", 0, [[6, 3, 1040, "40.0 - 54.0"]]], "links": [[1090519109, 1090519665, 1090519672, 1088421889, 1090519668, 1090519670, 1088421924]], "coordinate": [1.992574068045034, 0.3882437351078634, 136.5], "halfSize": [66.69926499994472, 66.69974000006914]}]}