{"features": [{"attributes": [1115684864, 32, "KEI WAH COURT", ["9 TIN CHIU STREET"], 1228.96, "2024", 0, [[6, 1, 248, "26.0 - 42.5"]]], "links": [[1163920386, 1163920385]], "coordinate": [1.9932124953539523, 0.389078504459037, 109.19999694824219], "halfSize": [19.407215000130236, 22.056390000507236]}, {"attributes": [1115684865, 1, "LAI TAK TSUEN", [], 27786.14, "1975", 1, [[1, 8, 2675, "24.69 - 55.67"]]], "links": [[1161823141, 1161823242, 1161823291, 1161823321, 1161823675, 1161823668, 1161823665, 1161823655, 1161822864, 1161823003, 1161823708, 1161823676]], "coordinate": [1.9930708217109883, 0.3888313184350967, 125.0], "halfSize": [98.14420500025153, 159.0437000002712]}, {"attributes": [1115684866, 512, "DRAGON CENTRE", ["21 - 31 WUN SHA STREET"], 4056.67, "1989", 1, [[10, 2, 392, "32.05 - 69.12"]]], "links": [[1161822300, 1161823012, 1161823069]], "coordinate": [1.993045609840586, 0.3888386586869744, 102.0], "halfSize": [42.21038000006229, 37.65983499959111]}]}