{"features": [{"attributes": [1174405120, 1, "FU TIP ESTATE", ["11 CHOI TIP STREET", "11 CHUNG NGA ROAD"], 61227.3, "2021, 2024", 0, [[1, 9, 7400, "14.05 - 30.73"]]], "links": [[1124073854, 1124073855, 1124073874, 1124073875, 1124073876, 1124073877, 1124073878, 1124073879, 1124073880, 1124073860, 1124073859, 1124073858, 1124073857, 1124073856, 1124073881, 1124073882, 1124073853, 1124073884, 1124073885, 1124073852, 1124073851, 1124073850]], "coordinate": [1.992747572896362, 0.39206051985900087, 143.0], "halfSize": [296.83810500008985, 207.3116510984837]}]}