{"features": [{"attributes": [1182793728, 32, "SHAN LAI COURT", ["88 LUNG MA ROAD"], 25197.99, "2021", 0, [[6, 6, 3222, "25.8 - 41.9"]]], "links": [[1130366395, 1130366379, 1130366021, 1130366380, 1130366381, 1063257325, 1130366382, 1130366383, 1063257326, 1063257327, 1130366392, 1063257346, 1130366393, 1130366394, 1130366391, 1130366390, 1130366389, 1130366388, 1130366387, 1130366386, 1130366385, 1130366384]], "coordinate": [1.9924762977714803, 0.3927534701709627, 141.60000610351562], "halfSize": [153.2339350003749, 99.58856999967247]}]}