{"features": [{"attributes": [1233125376, 1, "MA HANG ESTATE", ["33 CARMEL ROAD"], 31964.44, "1993", 0, [[1, 5, 900, "17.0 - 52.5"]]], "links": [[1220542555, 1220542589, 1220542607, 1220542619, 1220542656, 1220542786, 1220543204, 1220543195, 1220543014, 1220542954, 1220542872]], "coordinate": [1.9932814837178428, 0.38783848605169574, 77.5], "halfSize": [155.38758499966934, 99.6598800001666]}, {"attributes": [1233125377, 32, "LUNG TAK COURT", ["52 CAPE ROAD"], 48985.21, "2000", 0, [[6, 4, 984, "19.0 - 58.0"]]], "links": [[1220542914, 1220542781, 1220542791, 1220542922, 1220542928, 1220542773]], "coordinate": [1.9933072988874965, 0.38781109969888433, 54.79999923706055], "halfSize": [124.75657999981195, 186.72226999979466]}, {"attributes": [1233125378, 32, "LUNG YAN COURT", ["33 CARMEL ROAD"], 31964.44, "1993", 0, [[6, 2, 360, "39.0 - 59.0"]]], "links": [[1220542555, 1220542589, 1220542607, 1220542619, 1220542656, 1220542786, 1220543204, 1220543195, 1220543014, 1220542954, 1220542872]], "coordinate": [1.9932814837178428, 0.38783848605169574, 77.5], "halfSize": [155.38758499966934, 99.6598800001666]}, {"attributes": [1233125379, 2048, "PARK BELVEDERE", ["41 CHUNG HOM KOK ROAD"], 1933.17, "1998", 1, [[12, 4, 882, "57.97 - 81.85"]]], "links": [[1220542933, 1220543044, 1220543247]], "coordinate": [1.9932380735827644, 0.3878031116192093, 93.69999694824219], "halfSize": [35.182130000088364, 24.147474999539554]}]}