{"features": [{"attributes": [1333788672, 1, "SHA TAU KOK CHUEN", ["47 - 51 SHUN HING STREET", "19 SHUN HING STREET", "53 SHUN HING STREET", "57 SHUN HING STREET", "58 SHUN HING STREET"], 32807.61, "1988, 2017", 1, [[1, 52, 802, "21.1 - 54.2"]]], "links": [[1337983096, 1337983112, 1337983115, 1270874426, 1270874428, 1270874430, 1270874460, 1270874477, 1270874493, 1270874510, 1337983098, 1270874533, 1270874536, 1270874538, 1270874540, 1270874541, 1270874543, 1270874544, 1270874545, 1270874549, 1270874551, 1270874552, 1337983120, 1270874598, 1270874603, 1270874605, 1270874608, 1270874611, 1270874612, 1270874613, 1270874615, 1270874433, 1270874437, 1270874455, 1270874475, 1270874482, 1270874491, 1270874496, 1270874508, 1270874532, 1270874539, 1270874542, 1270874546, 1270874547, 1270874550, 1270874554, 1270874557, 1270874559, 1270874560, 1270874561, 1270874601, 1270874607, 1270874609]], "coordinate": [1.9935637719073396, 0.39350001657973827, 20.899999618530273], "halfSize": [179.77700999984518, 130.24948500003666]}]}