{"features": [{"attributes": [1400897536, 16, "PO LAM ESTATE", ["18 PO LAM ROAD NORTH"], 83551.08, "1988", 0, [[5, 7, 900, "22.5 - 61.6"]]], "links": [[1371538257, 1369440257, 1371538322, 1371538349, 1371538352, 1371538366, 1369440282, 1371538373, 1369440284, 1369440287, 1369440290, 1369440291, 1369440298, 1369440300, 1369440301, 1369440307, 1369440256, 1371538342, 1371538357, 1371538372]], "coordinate": [1.9941276371730348, 0.38965683053035716, 105.0999984741211], "halfSize": [268.0742399999872, 159.42249999940395]}, {"attributes": [1400897537, 32, "YING MING COURT", ["20 PO LAM ROAD NORTH"], 14841.27, "1989", 0, [[6, 5, 1750, "37.0 - 59.0"]]], "links": [[1371538280, 1371538329, 1371538365, 1369440285, 1369440289, 1369440293, 1371538377]], "coordinate": [1.9941672798859098, 0.3896601445855014, 107.0], "halfSize": [61.53799999970943, 98.41002999991179]}]}