{"features": [{"attributes": [1409286144, 257, "LAKESIDE GARDEN", ["1 CHUI TONG ROAD"], 22146.67, "1997", 1, [[1, 1, 234, "21.21 - 44.86"], [9, 10, 736, "39.69 - 52.99"]]], "links": [[1447036582, 1444937732, 1444937750, 1444937751, 1444937761, 1444937798, 1444937807, 1444937810, 1444937812, 1444937813, 1444937814, 1444937820, 1444937731, 1444937808, 1444937811]], "coordinate": [1.9943737535428627, 0.39059011594689386, 44.20000076293945], "halfSize": [94.2949999999255, 84.17899499926716]}, {"attributes": [1409286145, 1, "TUI MIN HOI CHUEN", ["120 HONG KIN ROAD"], 15951.12, "1984", 1, [[1, 4, 302, "16.9 - 42.52"]]], "links": [[1444938161, 1444938207, 1444938209, 1444938210, 1444938316, 1444938317, 1444938318, 1444938319, 1444938320, 1444938321, 1444938322, 1444938323, 1444938324, 1444938325, 1444938326, 1444938332, 1444938331, 1444938330, 1444938329, 1444938328, 1444938327, 1444938315, 1444938314, 1444938313, 1444938312, 1444938311, 1444938310, 1444938309, 1444938308, 1444938307]], "coordinate": [1.9943856011254582, 0.39052065836046895, 81.9000015258789], "halfSize": [90.61899999994785, 90.55349999945611]}, {"attributes": [1409286146, 2048, "MARINA HABITAT", [], 5412.19, "1998", 1, [[12, 3, 992, "51.93 - 71.6"]]], "links": [[1377829574, 1377829575, 1377829577, 1377829583, 1377829591, 1377829595, 1377829598, 1377829601, 1377829607, 1377829609, 1377829616, 1377829620, 1377829627, 1377830059, 1377829637, 1377829633, 1377829644, 1377829648]], "coordinate": [1.9942080074957693, 0.39037612520261383, 35.400001525878906], "halfSize": [30.656985000241548, 84.41258999984711]}]}