{"features": [{"attributes": [167772160, 1, "LUNG TIN ESTATE", [], 30000.26, "1980", 0, [[1, 8, 500, "16.3 - 53.9"]]], "links": [[150994995, 150995228, 150995323, 150994950, 150994969, 150995022, 150995028, 150995053, 150995118, 150995132, 150995137, 150995148, 150995162, 150995194, 150995208, 150995256, 150995280, 150995309, 150995348, 150995352, 150995403, 150995415, 150995416, 150995425, 150995439, 150995441, 150995499, 150995515, 150995558, 150995568, 150995561]], "coordinate": [1.9873280491290763, 0.3883880161055707, 32.0], "halfSize": [165.72977499989793, 84.2365349996835]}, {"attributes": [167772161, 32, "LUNG HIN COURT", ["80 TAI O ROAD"], 9122.12, "1995", 0, [[6, 4, 179, "34.0 - 54.0"]]], "links": [[150995034, 150995462, 150995636, 150994982, 150994987, 150995030, 150995115, 150995212, 150995232, 150995291, 150995299]], "coordinate": [1.9872894450546221, 0.38838788910514166, 16.200000762939453], "halfSize": [91.49286499992013, 42.16056500002742]}, {"attributes": [167772162, 32, "TIN LEE COURT", ["8 LUNG TIN STREET"], 1923.59, "1995", 0, [[6, 1, 85, "44.4 - 45.1"]]], "links": [[150995019, 150995302, 150995437]], "coordinate": [1.9873504596666718, 0.38838999963118126, 31.700000762939453], "halfSize": [43.911615000106394, 19.415187227597926]}]}