{"features": [{"attributes": [444596224, 1, "YING TUNG ESTATE", ["12 YING TUNG ROAD"], 32465.97, "2018", 0, [[1, 4, 3600, "14.05 - 37.08"]]], "links": [[425722024, 425722025, 425722055, 425722054, 425722053, 425722052, 425722051, 425722050, 425722049, 425722027, 425722026]], "coordinate": [1.9888645200737156, 0.3891418369883024, 125.4000015258789], "halfSize": [99.97900000028312, 104.27400000020862]}, {"attributes": [444596225, 1, "CHEUNG TUNG ESTATE", ["11 YING TUNG ROAD"], 32642.03, "2025", 0, [[1, 5, 4800, "14.3 - 35.99"]]], "links": [[425722088, 425722089, 425722093, 425722086, 425722087, 425722090, 425722091, 425722092]], "coordinate": [1.988850234956692, 0.3891687973377063, 124.19999694824219], "halfSize": [168.05266000004485, 101.81242262764135]}, {"attributes": [444596226, 32, "YU NGA COURT", ["8 YI TUNG ROAD"], 32460.45, "2022", 0, [[6, 6, 3300, "25.3 - 51.6"]]], "links": [[425722068, 425722069, 425722070, 425722071, 425722081, 425722074, 425722064, 425722065, 425722066, 425722067, 425722077, 425722076, 425722075, 425722061, 425722062, 425722078, 425722079, 425722080, 425722073, 425722072, 425722063]], "coordinate": [1.9887635893643796, 0.38913314970665563, 102.69999694824219], "halfSize": [113.34201258473331, 116.92060137348017]}]}