{"features": [{"attributes": [553648128, 1, "NGA NING COURT", [], 44851.02, "2001", 0, [[1, 3, 400, "17.1 - 42.7"]]], "links": [[612368941, 612368970, 612369054, 612368431, 612368578, 612368586, 612368645, 612369064, 612368539]], "coordinate": [1.9901486204196446, 0.38751537787820733, 58.5], "halfSize": [119.759829999879, 159.17815999966115]}, {"attributes": [553648129, 1, "CHEUNG KWAI ESTATE", ["31 CHEUNG KWAI ROAD"], 25767.11, "1984", 0, [[1, 18, 500, "23.4 - 42.5"]]], "links": [[614466250, 614466519, 614466021, 614466059, 614466060, 614466225, 614466408, 614466417, 614466543, 614466745, 614466749, 614466779, 614466849, 614466988, 614466999, 614467071, 614467339, 614467734, 614467517, 614465660, 614466396, 614467830]], "coordinate": [1.9901151858718906, 0.3876923058653948, 46.70000076293945], "halfSize": [107.28850000025705, 109.4204600006342]}]}