{"features": [{"attributes": [570425344, 1, "NGAN WAN ESTATE", [], 12221.93, "1988", 0, [[1, 4, 400, "10.5 - 48.0"]]], "links": [[555746034, 555746044, 555746045, 555746048, 555746051, 555746055, 555746060, 555746064, 555746066, 555746067, 555746070, 555746071, 555746075, 555746077, 555746078, 555746079]], "coordinate": [1.9896193560295645, 0.3885965556848544, 43.599998474121094], "halfSize": [99.11049999995157, 64.46655000001192]}, {"attributes": [570425345, 32, "NGAN HO COURT", ["16 NGAN KWONG WAN ROAD"], 7416.01, "2018", 0, [[6, 2, 529, "35.3 - 50.4"]]], "links": [[555746446, 555746442, 555746441, 555746440, 555746439]], "coordinate": [1.9895926819351284, 0.3885996337032975, 55.0], "halfSize": [58.67350000003353, 52.09350000042468]}, {"attributes": [570425346, 32, "NGAN WAI COURT", ["16 NGAN KWONG WAN ROAD"], 7416.01, "2018", 0, [[6, 1, 170, "38.4 - 51.3"]]], "links": [[555746446, 555746442, 555746441, 555746440, 555746439]], "coordinate": [1.9895926819351284, 0.3885996337032975, 55.0], "halfSize": [58.67350000003353, 52.09350000042468]}]}