{"features": [{"attributes": [713031680, 1, "KAM PENG ESTATE", [], 9089.65, "1996", 0, [[1, 1, 300, "17.1 - 52.6"]]], "links": [[694157391, 694157394, 694157398]], "coordinate": [1.9903240511511857, 0.38898430403958095, 31.0], "halfSize": [69.13978500012308, 63.89018499944359]}, {"attributes": [713031681, 32, "PENG LAI COURT", [], 7323.18, "1996", 0, [[6, 1, 148, "39.0 - 59.0"]]], "links": [[694157432, 694157576]], "coordinate": [1.990318631742672, 0.3889686247254401, 26.100000381469727], "halfSize": [49.26699999999255, 56.212559999898076]}]}