{"features": [{"attributes": [763363328, 1, "LONG SHIN ESTATE", ["11 - 12 YAU SHIN STREET"], 36506.62, "2017", 0, [[1, 3, 1200, "14.5 - 37.83"]]], "links": [[717228032, 717228031, 717228033, 717228058, 717228057, 717228053, 717228045, 717228055]], "coordinate": [1.9904686577029396, 0.3916846219583589, 89.0999984741211], "halfSize": [155.62949999980628, 127.2885000007227]}, {"attributes": [763363329, 32, "FUNG TING COURT", ["8 FUNG CHEUNG ROAD"], 2868.46, "2001", 0, [[6, 2, 312, "47.0 - 61.0"]]], "links": [[717226490, 717226508, 717226509, 717226511, 717226548]], "coordinate": [1.9902347566879064, 0.39170058478973796, 81.80000305175781], "halfSize": [12.561624999623746, 61.75841999985278]}]}