{"features": [{"attributes": [964689920, 1, "AP LEI CHAU ESTATE", ["322 AP LEI CHAU BRIDGE ROAD"], 41247.28, "1980", 0, [[1, 8, 4500, "23.13 - 67.91"]]], "links": [[1021313098, 1021313107, 1021313110, 1023410717, 1021313303, 1023410674, 1021313108, 1023410716, 1021313143, 1021313304]], "coordinate": [1.9923013031307828, 0.38824067585522176, 93.4000015258789], "halfSize": [230.64261499978602, 101.07605999987572]}, {"attributes": [964689921, 16, "LEI TUNG ESTATE", ["5 LEI TUNG ESTATE ROAD"], 93685.23, "1987", 0, [[5, 8, 1100, "38.4 - 63.4"]]], "links": [[1021313251, 1021313254, 1021313264, 1021313268, 1021313269, 1021313092, 1021313256, 1021313257, 1021313260, 1021313263, 1021313266, 1021313267, 1021313319, 1021313253, 1021313255, 1021313259, 1021313265, 1021313271]], "coordinate": [1.9923909564980242, 0.38818223449418326, 163.3000030517578], "halfSize": [280.4207949996926, 124.60575000010431]}, {"attributes": [964689922, 32, "YUE ON COURT", ["3 YUE ON COURT ROAD"], 17254.8, "1988", 0, [[6, 7, 1960, "43.0 - 46.0"]]], "links": [[1021313216, 1021313238, 1021313233, 1021313230, 1021313219, 1021313220, 1021313221, 1021313231]], "coordinate": [1.992413619337434, 0.388209725403638, 139.5], "halfSize": [93.14699999988079, 66.18449999950826]}]}