{"features": [{"attributes": [981467136, 1, "SAI WAN ESTATE", ["52 - 60 CADOGAN STREET"], 14935.46, "1958", 0, [[1, 5, 600, "35.5 - 56.3"]]], "links": [[960496101, 960496104, 960496107, 960496111, 960496112, 960496366, 960496114, 960496115, 960496119, 960496123, 960496126, 960496135]], "coordinate": [1.9918683787312397, 0.3888762721855506, 76.5999984741211], "halfSize": [78.09508000034839, 71.56766500044614]}, {"attributes": [981467137, 1, "KWUN LUNG LAU", ["20 LUNG WAH STREET"], 22867.43, "1967, 1968, 2007", 1, [[1, 8, 4686, "18.7 - 51.4"]]], "links": [[960495721, 960495722, 960495724, 960496127, 960496129, 960496140, 960496141, 960496144, 960496148, 960496150, 960496157, 960496167, 960496373, 960496154]], "coordinate": [1.9919056473234709, 0.38886446163512384, 163.6999969482422], "halfSize": [112.42217999976128, 70.9842049991712]}, {"attributes": [981467138, 512, "HOLLYWOOD TERRACE", ["123 HOLLYWOOD ROAD", "268 QUEEN'S ROAD CENTRAL"], 4007.43, "1999", 1, [[10, 2, 550, "70.14 - 90.58"]]], "links": [[1027604530, 1027605214, 1027605224, 1027605295]], "coordinate": [1.9923141370545978, 0.38893284569434156, 134.3000030517578], "halfSize": [50.83141000010073, 29.334999999962747]}, {"attributes": [981467139, 1024, "CAYMAN RISE", ["29 KA WAI MAN ROAD"], 3690.57, "2000", 1, [[11, 2, 496, "54.63 - 61.13"]]], "links": [[960495709, 960496079, 960496084]], "coordinate": [1.9918520746588586, 0.3888866077884957, 138.39999389648438], "halfSize": [37.12430500006303, 31.567150000482798]}]}