{"features": [{"attributes": [1174405120, "TAI PO GARDEN BLK D 1 MUI SHU HANG RD TAI PO", 1, 0], "links": [[1054868404]], "coordinate": [1.9923611169332605, 0.39190717468476155, 29.100000381469727], "halfSize": [0.0, 13.030500000342727]}]}