{"features": [{"attributes": [1241513984, "BLK 1 SOUTH WAVE COURT 3 SHUM WAN RD", 1, 1], "links": [[1088421924]], "coordinate": [1.992570759558946, 0.38823864202963365, 136.5], "halfSize": [0.0, 16.948750000447035]}, {"attributes": [1241513985, "BROADVIEW COURT BLK 1 11 SHUM WAN RD", 1, 1], "links": [[1088421949]], "coordinate": [1.9925490235498065, 0.3882158615876714, 138.6999969482422], "halfSize": [0.0, 18.72770499996841]}]}