{"features": [{"attributes": [1375731712, "CHIK TAK MANSION 11 STANLEY NEW ST", 1, 0], "links": [[1220542975]], "coordinate": [1.9933863168832615, 0.3877887489266576, 26.399999618530273], "halfSize": [0.0, 8.311580000445247]}]}