{"features": [{"attributes": [452984832, "LE BLEU DEUX COASTAL SKYLINE PHASE 4 BLK 2 12 TUNG CHUNG WATERFRONT RD LANTAU ISLAND", 1, 0], "links": [[425721925, 425721882, 425721883, 358613061, 425721884, 358613063, 425721885, 425721887, 425721888, 425721889, 425721890, 358613066, 425721891, 358612994, 358613033, 358613034, 425721859, 358613035, 358613037, 425721894, 425721895, 425721897, 358613038, 425721898, 425721899, 425721917, 425721900, 425721901, 358613039, 425721902, 425721903, 425721904, 358613040, 358613041, 358613071, 358613043, 358613044, 358613045, 425721906, 358613046, 425721922, 358613047, 358613048, 358613049, 358613023, 358613024, 358613051, 358613025, 358613074, 358613026, 358613052, 358613076, 358613053, 358613054, 358613055, 358613077, 358613027, 425721911, 358613056, 358613029, 358613057, 425721926, 425721927, 425721928, 358613030, 358613058, 425721879, 425721880, 425721881]], "coordinate": [1.9887200281223898, 0.3890713422918183, 186.89999389648438], "halfSize": [0.0, 127.88946999982]}, {"attributes": [452984833, "BLK 1 TUNG CHUNG CRESCENT 1 HING TUNG ST LANTAU ISLAND", 1, 0], "links": [[358613142]], "coordinate": [1.9886359273681, 0.3889900242603349, 108.30000305175781], "halfSize": [0.0, 19.13414500001818]}]}