{"features": [{"attributes": [629145600, "SOUTH HILLCREST 3 TUEN KWAI RD FU TEI TUEN MUN", 1, 0], "links": [[511706520, 511706451, 511706524, 511706454]], "coordinate": [1.9893908303996615, 0.39116889920920134, 115.80000305175781], "halfSize": [0.0, 36.76088500022888]}]}