{"features": [{"attributes": [696254464, "18 TUNG WAN RD CHEUNG CHAU", 1, 0], "links": [[614467617]], "coordinate": [1.9902052339835308, 0.38761752261259846, 21.600000381469727], "halfSize": [0.0, 7.559779999777675]}, {"attributes": [696254465, null, 2, 0], "links": [[547356679]], "coordinate": [1.9894799905804166, 0.3877087638925562, 30.200000762939453], "halfSize": [0.0, 16.00650000013411]}]}