{"features": [{"attributes": [713031680, "MUI WO BUILDING * MUI WO FERRY PIER RD LANTAU ISLAND", 3, 0], "links": [[555746095]], "coordinate": [1.9896885116067378, 0.3885831010752276, 25.200000762939453], "halfSize": [0.0, 18.15749999973923]}, {"attributes": [713031681, "GRANDVIEW MANSION 11 MUI WO FERRY PIER RD LANTAU ISLAND", 2, 0], "links": [[555746085]], "coordinate": [1.989687607786543, 0.38858742928416906, 25.600000381469727], "halfSize": [0.0, 10.4375]}, {"attributes": [713031682, "SEA VIEW BUILDING 1 NGAN WAN RD LANTAU ISLAND", 1, 0], "links": [[555746098]], "coordinate": [1.989696250047464, 0.3885834008810678, 25.5], "halfSize": [0.0, 12.405500000342727]}]}