{"features": [{"attributes": [729808896, "PARKRIDGE VILLAGE MOUNTAIN VIEW DISCOVERY BAY PHASE 1 4 PARKRIDGE CRESCENT LANTAU ISLAND", 1, 0], "links": [[629145766]], "coordinate": [1.9898692089509142, 0.38925991796314496, 112.5999984741211], "halfSize": [0.0, 13.245500000193715]}]}