{"features": [{"attributes": [746586112, "CASTLE PEAK VILLAS BLK F 19 LOK CHUI ST TUEN MUN", 1, 0], "links": [[570425577]], "coordinate": [1.9897870634745904, 0.3903350062268105, 33.099998474121094], "halfSize": [0.0, 11.922499999403954]}]}