{"features": [{"attributes": [763363328, "TREASURE COURT DD 124 LOT 4213 BLK 13 8 YING FUK ST YUEN LONG", 4, 0], "links": [[580911192, 580911145, 580911136, 580911188, 580911199, 580911117, 580911174, 580911142, 580911122, 580911182, 580911126, 580911900, 580911160, 580911171, 580911130, 580911152, 580911164]], "coordinate": [1.989638556505174, 0.39153025981507383, 31.5], "halfSize": [0.0, 41.79899999964982]}, {"attributes": [763363329, "TREASURE COURT DD 124 LOT 4213 BLK 14 8 YING FUK ST YUEN LONG", 5, 0], "links": [[580911192, 580911145, 580911136, 580911188, 580911199, 580911117, 580911174, 580911142, 580911122, 580911182, 580911126, 580911900, 580911160, 580911171, 580911130, 580911152, 580911164]], "coordinate": [1.989638556505174, 0.39153025981507383, 31.5], "halfSize": [0.0, 41.79899999964982]}]}