{"features": [{"attributes": [780140544, "VIANNI COVE TOWER 1 33 TIN KWAI RD TIN SHUI WAI", 1, 0], "links": [[587202705, 587202708, 587202702, 587202683, 587202699, 587202695, 587202692, 587202696, 587202703, 587202698]], "coordinate": [1.9897470996968027, 0.3921052446735818, 145.1999969482422], "halfSize": [0.0, 82.42145999986678]}, {"attributes": [780140545, "VIANNI COVE TOWER 2 33 TIN KWAI RD TIN SHUI WAI", 3, 0], "links": [[587202705, 587202708, 587202702, 587202683, 587202699, 587202695, 587202692, 587202696, 587202703, 587202698]], "coordinate": [1.9897470996968027, 0.3921052446735818, 145.1999969482422], "halfSize": [0.0, 82.42145999986678]}]}