{"features": [{"attributes": [880803840, "LIDO GARDEN BLK 5 41/63 CASTLE PEAK RD SHAM TSENG SHAM TSENG", 1, 0], "links": [[773849593]], "coordinate": [1.9907186875651788, 0.39036944646948507, 110.9000015258789], "halfSize": [0.0, 16.02749999985099]}]}