{"features": [{"attributes": [905969664, "PEARL HOUSE BLK B 1/11 YUEN LONG ON LOK RD YUEN LONG", 1, 0], "links": [[717227845]], "coordinate": [1.990233200811441, 0.3917379041508614, 26.700000762939453], "halfSize": [0.0, 17.39435499999672]}]}