{
  "features": [
    {
      "attributes": [
        1195376640,
        1106111111,
        null,
        null,
        []
      ],
      "coordinate": [
        1.9928439123700972,
        0.3924844463762532,
        110.10000610351562
      ],
      "halfSize": [
        1.3340000002644956,
        1.2405000003054738,
        1.7999992370605469
      ]
    }
  ]
}