{
  "features": [
    {
      "attributes": [
        1281359872,
        1109178715,
        null,
        null,
        []
      ],
      "coordinate": [
        1.9939359695629202,
        0.38725129744420783,
        34.5
      ],
      "halfSize": [
        2.061435000039637,
        2.167295000515878,
        6.0
      ]
    }
  ]
}