{
  "features": [
    {
      "attributes": [
        1388314624,
        1106133580,
        null,
        null,
        []
      ],
      "coordinate": [
        1.9941112968271566,
        0.3915473832177134,
        7.850000381469727
      ],
      "halfSize": [
        4.33058000029996,
        4.2515699993819,
        2.750000238418579
      ]
    },
    {
      "attributes": [
        1388314625,
        1106133642,
        null,
        null,
        []
      ],
      "coordinate": [
        1.9941097946447934,
        0.3915447812910965,
        7.949999809265137
      ],
      "halfSize": [
        1.453999999910593,
        1.116499999538064,
        1.25
      ]
    },
    {
      "attributes": [
        1388314626,
        1106133676,
        "NAI CHUNG PIER PUBLIC TOILET",
        null,
        []
      ],
      "coordinate": [
        1.9941101491584101,
        0.39154270115133705,
        6.0
      ],
      "halfSize": [
        1.7075000000186265,
        2.6035000002011657,
        1.0999999046325684
      ]
    }
  ]
}