{
  "features": [
    {
      "attributes": [
        1392508928,
        1106120739,
        null,
        null,
        []
      ],
      "coordinate": [
        1.9942365265523294,
        0.3920166845682821,
        12.899999618530273
      ],
      "halfSize": [
        2.813984999898821,
        2.634840000420809,
        1.799999713897705
      ]
    },
    {
      "attributes": [
        1392508929,
        1106120935,
        null,
        null,
        []
      ],
      "coordinate": [
        1.9942366764883235,
        0.3920121568096625,
        6.050000190734863
      ],
      "halfSize": [
        1.3304800000041723,
        1.2300049997866154,
        1.75
      ]
    }
  ]
}