{
  "features": [
    {
      "attributes": [
        1423966208,
        1101783062,
        "RADIO STATION",
        null,
        []
      ],
      "coordinate": [
        1.9946958151061795,
        0.38814889086152826,
        29.450000762939453
      ],
      "halfSize": [
        10.854795000050217,
        10.133644999936223,
        1.4499998092651367
      ]
    },
    {
      "attributes": [
        1423966209,
        1101783063,
        null,
        null,
        []
      ],
      "coordinate": [
        1.9946921789260577,
        0.38814489877388836,
        28.75
      ],
      "halfSize": [
        2.5897099999710917,
        2.891129999421537,
        1.9500007629394531
      ]
    },
    {
      "attributes": [
        1423966210,
        1101783064,
        null,
        null,
        []
      ],
      "coordinate": [
        1.9946904944217587,
        0.38814448210202457,
        28.649999618530273
      ],
      "halfSize": [
        6.864805000368506,
        4.041299999691546,
        1.75
      ]
    },
    {
      "attributes": [
        1423966211,
        1101783066,
        null,
        null,
        []
      ],
      "coordinate": [
        1.9946993134923354,
        0.388143572151506,
        35.900001525878906
      ],
      "halfSize": [
        3.3556899996474385,
        3.322554999962449,
        2.0
      ]
    }
  ]
}