{
  "features": [
    {
      "attributes": [
        1491075072,
        1101783068,
        null,
        null,
        []
      ],
      "coordinate": [
        1.9947133588907056,
        0.38813572103106236,
        58.650001525878906
      ],
      "halfSize": [
        1.2199999997392297,
        1.2655000006780028,
        0.4499988555908203
      ]
    },
    {
      "attributes": [
        1491075073,
        1101783069,
        null,
        null,
        []
      ],
      "coordinate": [
        1.9947139378421244,
        0.3881350826689395,
        56.400001525878906
      ],
      "halfSize": [
        2.2653999999165535,
        2.376600000075996,
        2.0
      ]
    },
    {
      "attributes": [
        1491075074,
        1101783070,
        "RADIO STATION",
        null,
        []
      ],
      "coordinate": [
        1.9947132000415602,
        0.3881336125109819,
        56.400001525878906
      ],
      "halfSize": [
        9.90999999968335,
        9.4449999993667,
        2.0
      ]
    }
  ]
}