{
  "features": [
    {
      "attributes": [
        1629487104,
        1810014049,
        null,
        null,
        []
      ],
      "coordinate": [
        1.9957845551178723,
        0.3886953844087882,
        42.400001525878906
      ],
      "halfSize": [
        2.7283299998380244,
        2.65536000020802,
        2.1999988555908203
      ]
    }
  ]
}