{
  "features": [
    {
      "attributes": [
        1723858944,
        1106129640,
        null,
        null,
        []
      ],
      "coordinate": [
        1.995866704084244,
        0.39174679478615876,
        11.799999237060547
      ],
      "halfSize": [
        3.2948850002139807,
        3.302390000782907,
        3.5999999046325684
      ]
    }
  ]
}