{
  "features": [
    {
      "attributes": [
        1778384896,
        1101771361,
        null,
        null,
        []
      ],
      "coordinate": [
        1.9962462059105228,
        0.3903245045626502,
        16.849998474121094
      ],
      "halfSize": [
        2.5159999998286366,
        2.5154999997466803,
        1.4499998092651367
      ]
    },
    {
      "attributes": [
        1778384897,
        1101771644,
        null,
        null,
        []
      ],
      "coordinate": [
        1.9962090591603372,
        0.39026189407024153,
        18.799999237060547
      ],
      "halfSize": [
        2.802635000087321,
        2.6790200006216764,
        1.6999998092651367
      ]
    }
  ]
}