{
  "features": [
    {
      "attributes": [
        1793064960,
        1101763611,
        null,
        null,
        []
      ],
      "coordinate": [
        1.9965637574168766,
        0.3918011936040849,
        21.400001525878906
      ],
      "halfSize": [
        2.352999999653548,
        2.4335000002756715,
        2.1999998092651367
      ]
    }
  ]
}