{
  "features": [
    {
      "attributes": [
        232783872,
        1109405171,
        null,
        null,
        []
      ],
      "coordinate": [
        1.9877003870187089,
        0.39004477589489756,
        6.400000095367432
      ],
      "halfSize": [
        4.745000000111759,
        5.985000000335276,
        1.9000000953674316
      ]
    },
    {
      "attributes": [
        232783873,
        1109406410,
        "SHA CHAU ASR STATION",
        null,
        []
      ],
      "coordinate": [
        1.9877569913681987,
        0.39000663883191045,
        66.94999694824219
      ],
      "halfSize": [
        13.40419499995187,
        15.526379999704659,
        10.549999237060547
      ]
    },
    {
      "attributes": [
        232783874,
        1109406543,
        null,
        null,
        []
      ],
      "coordinate": [
        1.9877735340525557,
        0.39001012556480463,
        22.799999237060547
      ],
      "halfSize": [
        0.7150000003166497,
        1.0199999995529652,
        1.0
      ]
    }
  ]
}