{
  "features": [
    {
      "attributes": [
        236978176,
        1109407134,
        null,
        null,
        []
      ],
      "coordinate": [
        1.987646433185442,
        0.39058582503139916,
        72.19999694824219
      ],
      "halfSize": [
        30.47830000007525,
        30.47829999960959,
        1.7000007629394531
      ]
    }
  ]
}