{
  "features": [
    {
      "attributes": [
        270532608,
        1109181367,
        null,
        null,
        []
      ],
      "coordinate": [
        1.9881079122604344,
        0.38680711781932586,
        23.75
      ],
      "halfSize": [
        1.946500000078231,
        2.762764999642968,
        1.1499996185302734
      ]
    }
  ]
}