{
  "features": [
    {
      "attributes": [
        350224384,
        1103055226,
        null,
        null,
        []
      ],
      "coordinate": [
        1.988724745007179,
        0.38812498619532354,
        105.0999984741211
      ],
      "halfSize": [
        1.2875000000931323,
        1.2479999996721745,
        1.0
      ]
    },
    {
      "attributes": [
        350224385,
        1103055285,
        "WSD CHEUNG SHA BARRACK",
        "23 TUNG CHUNG ROAD",
        []
      ],
      "coordinate": [
        1.9887124619422178,
        0.3881112794973806,
        101.69999694824219
      ],
      "halfSize": [
        6.407500000204891,
        7.19300000090152,
        2.3999977111816406
      ]
    },
    {
      "attributes": [
        350224386,
        1103055356,
        null,
        null,
        []
      ],
      "coordinate": [
        1.9887128766514903,
        0.3881086653756821,
        98.5999984741211
      ],
      "halfSize": [
        2.1765000000596046,
        2.098000000230968,
        1.0999984741210938
      ]
    }
  ]
}