{
  "features": [
    {
      "attributes": [
        423624704,
        1103048979,
        null,
        null,
        [
          [
            "DD5 TCL 368",
            "New Grant Lot",
            "C4251264",
            [
              [
                "15091802070013",
                "2015-09-08",
                "PROBATE",
                null
              ]
            ]
          ]
        ]
      ],
      "coordinate": [
        1.9887439869061987,
        0.3887549904225909,
        47.849998474121094
      ],
      "halfSize": [
        5.964500000234693,
        5.727500000037253,
        3.6499996185302734
      ]
    }
  ]
}