{
  "features": [
    {
      "attributes": [
        427819008,
        1910250796,
        null,
        null,
        []
      ],
      "coordinate": [
        1.9888767999919483,
        0.3891837101432955,
        69.19999694824219
      ],
      "halfSize": [
        27.759370000101626,
        25.713185000233352,
        55.0
      ]
    },
    {
      "attributes": [
        427819009,
        1910250797,
        null,
        null,
        []
      ],
      "coordinate": [
        1.988867227117061,
        0.38918657171301635,
        69.19999694824219
      ],
      "halfSize": [
        27.44179499987513,
        26.134940000250936,
        55.0
      ]
    },
    {
      "attributes": [
        427819010,
        1910250798,
        null,
        null,
        []
      ],
      "coordinate": [
        1.988886494181326,
        0.3891887150892706,
        69.19999694824219
      ],
      "halfSize": [
        27.75937500037253,
        25.713185000233352,
        55.0
      ]
    }
  ]
}