{
  "features": [
    {
      "attributes": [
        480247808,
        1109181399,
        null,
        null,
        [
          [
            "DD337 LL 178 &EXT THERETO",
            "New Grant Lot",
            "C4211649",
            [
              [
                "13060600810019",
                "2013-05-15",
                "A SEALED COPY OF CHARGING ORDER : NOTICE TO SHOW CAUSE",
                null
              ]
            ]
          ]
        ]
      ],
      "coordinate": [
        1.989472944302418,
        0.3877241532069135,
        16.0
      ],
      "halfSize": [
        7.467340000439435,
        9.477605000138283,
        2.8999996185302734
      ]
    }
  ]
}