{
  "features": [
    {
      "attributes": [
        499122176,
        1108531651,
        null,
        null,
        []
      ],
      "coordinate": [
        1.9893619267105644,
        0.38986787287281643,
        8.199999809265137
      ],
      "halfSize": [
        25.56375000020489,
        12.44539999961853,
        2.0
      ]
    },
    {
      "attributes": [
        499122177,
        1108531652,
        null,
        null,
        []
      ],
      "coordinate": [
        1.9893599391252603,
        0.38986014253328044,
        8.100000381469727
      ],
      "halfSize": [
        2.1790000000037253,
        2.322099999524653,
        2.000000238418579
      ]
    }
  ]
}