{
  "features": [
    {
      "attributes": [
        543162368,
        1109179122,
        null,
        null,
        []
      ],
      "coordinate": [
        1.9895047268169792,
        0.38728163904048,
        63.099998474121094
      ],
      "halfSize": [
        6.040000000037253,
        7.339999999850988,
        1.3999996185302734
      ]
    },
    {
      "attributes": [
        543162369,
        1109183805,
        null,
        null,
        []
      ],
      "coordinate": [
        1.989503144209992,
        0.387284211466872,
        62.0
      ],
      "halfSize": [
        2.5244999998249114,
        4.60149999987334,
        1.4000015258789062
      ]
    },
    {
      "attributes": [
        543162370,
        1910211447,
        null,
        null,
        []
      ],
      "coordinate": [
        1.9894828493899082,
        0.3872564329537092,
        -9999.900390625
      ],
      "halfSize": [
        36.21076499996707,
        36.74720500037074,
        0.0
      ]
    },
    {
      "attributes": [
        543162371,
        1910211448,
        null,
        null,
        []
      ],
      "coordinate": [
        1.9894775628030108,
        0.3872519663339577,
        -9999.900390625
      ],
      "halfSize": [
        39.48512499965727,
        39.6811450002715,
        0.0
      ]
    }
  ]
}