{
  "features": [
    {
      "attributes": [
        576716800,
        1108522875,
        null,
        null,
        []
      ],
      "coordinate": [
        1.9895066318002088,
        0.39103477646885065,
        72.8499984741211
      ],
      "halfSize": [
        0.9159999997355044,
        1.4994999999180436,
        1.3499984741210938
      ]
    },
    {
      "attributes": [
        576716801,
        1108522923,
        null,
        null,
        []
      ],
      "coordinate": [
        1.9895065960335307,
        0.3910281897818211,
        77.55000305175781
      ],
      "halfSize": [
        3.155999999959022,
        4.979499999433756,
        1.3500022888183594
      ]
    }
  ]
}