{
  "features": [
    {
      "attributes": [
        631242752,
        1103043558,
        "NLEX PUBLIC LIGHTING H SUBSTATION",
        null,
        [
          [
            "CKWL 2",
            "New Grant Lot",
            "C4278692",
            []
          ]
        ]
      ],
      "coordinate": [
        1.9900528924488403,
        0.38964602800502246,
        8.5
      ],
      "halfSize": [
        4.0834000003524125,
        3.9399450002238154,
        2.1000001430511475
      ]
    },
    {
      "attributes": [
        631242753,
        1103043563,
        "NLEX PUBLIC LIGHTING G SUBSTATION",
        null,
        [
          [
            "CKWL 2",
            "New Grant Lot",
            "C4278692",
            []
          ]
        ]
      ],
      "coordinate": [
        1.9898566333316186,
        0.3896283394125432,
        8.549999237060547
      ],
      "halfSize": [
        4.2894999999552965,
        4.189000000245869,
        2.3499999046325684
      ]
    },
    {
      "attributes": [
        631242754,
        1810179700,
        null,
        null,
        [
          [
            "CKWL 2",
            "New Grant Lot",
            "C4278692",
            []
          ]
        ]
      ],
      "coordinate": [
        1.9900659070977118,
        0.389650034568176,
        8.600000381469727
      ],
      "halfSize": [
        2.605950000230223,
        3.205494999885559,
        2.200000047683716
      ]
    }
  ]
}