{
  "features": [
    {
      "attributes": [
        763363328,
        1910224960,
        null,
        null,
        [
          [
            "CKWL 7",
            "New Grant Lot",
            "C4278730",
            []
          ]
        ]
      ],
      "coordinate": [
        1.9906078570315537,
        0.38941935969222957,
        10.449999809265137
      ],
      "halfSize": [
        8.460659999866039,
        5.157215000130236,
        2.75
      ]
    },
    {
      "attributes": [
        763363329,
        1910225589,
        null,
        null,
        [
          [
            "CKWL 7",
            "New Grant Lot",
            "C4278730",
            []
          ]
        ]
      ],
      "coordinate": [
        1.9906014601970232,
        0.38941594259255746,
        9.449999809265137
      ],
      "halfSize": [
        7.497694999910891,
        5.818930000066757,
        1.8500001430511475
      ]
    }
  ]
}