{
  "features": [
    {
      "attributes": [
        77594624,
        1910209373,
        null,
        null,
        []
      ],
      "coordinate": [
        1.986962303999861,
        0.3876159294150455,
        74.55000305175781
      ],
      "halfSize": [
        1.4709250000305474,
        1.4110200004652143,
        1.75
      ]
    }
  ]
}