{
  "features": [
    {
      "attributes": [
        81788928,
        1109180449,
        null,
        null,
        []
      ],
      "coordinate": [
        1.987132813945754,
        0.38819560346794,
        183.6999969482422
      ],
      "halfSize": [
        3.772975000087172,
        3.7460000002756715,
        1.8000030517578125
      ]
    },
    {
      "attributes": [
        81788929,
        1109182565,
        null,
        null,
        []
      ],
      "coordinate": [
        1.9871517484711205,
        0.3880318556033162,
        98.3499984741211
      ],
      "halfSize": [
        2.450724999886006,
        4.362000000663102,
        1.25
      ]
    },
    {
      "attributes": [
        81788930,
        1109185278,
        null,
        null,
        []
      ],
      "coordinate": [
        1.9870928459238408,
        0.38801962289159586,
        5.350000381469727
      ],
      "halfSize": [
        2.3486399999819696,
        2.4106749994680285,
        0.9500000476837158
      ]
    },
    {
      "attributes": [
        81788931,
        1109185703,
        null,
        null,
        []
      ],
      "coordinate": [
        1.9871528413228308,
        0.38802717128283626,
        104.19999694824219
      ],
      "halfSize": [
        2.7535000001080334,
        2.5959999999031425,
        2.299999237060547
      ]
    }
  ]
}