{
  "features": [
    {
      "attributes": [
        826277888,
        1103047264,
        null,
        null,
        [
          [
            "CKWL 4",
            "New Grant Lot",
            "C6103094",
            []
          ]
        ]
      ],
      "coordinate": [
        1.9910135078773212,
        0.3889255742324767,
        106.05000305175781
      ],
      "halfSize": [
        18.71756500005722,
        8.23564499989152,
        3.049999237060547
      ]
    }
  ]
}