{
  "features": [
    {
      "attributes": [
        845152256,
        1100000181,
        null,
        null,
        []
      ],
      "coordinate": [
        1.9912271984254826,
        0.3909143012275201,
        556.3499755859375
      ],
      "halfSize": [
        2.3945349999703467,
        2.3172049997374415,
        1.350006103515625
      ]
    },
    {
      "attributes": [
        845152257,
        1100000187,
        null,
        null,
        []
      ],
      "coordinate": [
        1.9912249848793864,
        0.3909122064455256,
        555.3499755859375
      ],
      "halfSize": [
        4.455119999591261,
        4.570315000601113,
        2.149993896484375
      ]
    },
    {
      "attributes": [
        845152258,
        1105779251,
        null,
        null,
        []
      ],
      "coordinate": [
        1.9911541532692802,
        0.3909461234335467,
        375.45001220703125
      ],
      "halfSize": [
        2.883580000139773,
        2.9390300000086427,
        3.0500030517578125
      ]
    },
    {
      "attributes": [
        845152259,
        1109465388,
        "FORESTRY POST",
        null,
        []
      ],
      "coordinate": [
        1.9912254211833509,
        0.39099385585599145,
        553.449951171875
      ],
      "halfSize": [
        2.791500000283122,
        3.0214999997988343,
        1.350006103515625
      ]
    }
  ]
}