{"features": [{"attributes": [1006632960, "TSING YI INDUSTRIAL CENTRE BLOCK E PHASE II 1/33 CHEUNG TAT RD TSING YI", 2, 0], "links": [[903873091, 903872881, 903873093, 903873092, 903872917]], "coordinate": [1.9916059540183817, 0.39007625136127033, 63.599998474121094], "halfSize": [0.0, 96.70107000041753]}, {"attributes": [1006632961, "TSING YI INDUSTRIAL CENTRE PHASE I BLK A 1/33 CHEUNG TAT RD TSING YI", 1, 0], "links": [[903872881]], "coordinate": [1.9916045905141744, 0.3900873386196911, 60.29999923706055], "halfSize": [0.0, 26.352605000138283]}]}