{"features": [{"attributes": [1182793728, "HONG LOK YUEN 30A HONG LOK YUEN TENTH ST TAI PO", 1, 1], "links": [[1056966562]], "coordinate": [1.992431116132301, 0.392047696011733, 63.099998474121094], "halfSize": [0.0, 6.611220000311732]}]}