{"features": [{"attributes": [1241513984, "REPULSE BAY GARDEN BLK 1-2 38/40 BELLEVIEW DRIVE", 1, 2], "links": [[1155530952]], "coordinate": [1.9930505660994202, 0.38816049724697915, 105.5], "halfSize": [0.0, 11.673000000417233]}, {"attributes": [1241513985, "REPULSE BAY GARDEN BLK 7-8 26/28 BELLEVIEW DRIVE", 2, 2], "links": [[1155530973]], "coordinate": [1.9930360738633897, 0.3881545093294685, 110.80000305175781], "halfSize": [0.0, 14.125]}]}