{"features": [{"attributes": [1409286144, "GRAND VIEW GARDEN COMMERCIAL/ CARPARK BLOCK GRAND VIEW GARDEN 185 HAMMER HILL RD", 1, 0], "links": [[1239416983, 1239416962, 1239416974, 1239416995, 1239417022, 1239416980, 1239416990, 1239416993, 1239417078, 1239416998, 1239416991, 1239416958, 1239417005, 1239417071, 1239417006, 1239417073, 1239416997]], "coordinate": [1.993296016700045, 0.38993155809961466, 149.39999389648438], "halfSize": [0.0, 99.79000000003725]}, {"attributes": [1409286145, "WANG KWONG BUILDING 33 NGAU TAU KOK RD", 1, 0], "links": [[1237320319]], "coordinate": [1.9934297918603783, 0.3896604945837854, 19.0], "halfSize": [0.0, 37.567254999652505]}]}