{"features": [{"attributes": [1426063360, "GRANDTECH CENTRE 8 ON PING ST SHA TIN", 1, 0], "links": [[1245708335]], "coordinate": [1.9933083946111398, 0.3908048087108058, 112.0], "halfSize": [0.0, 51.01643999945372]}, {"attributes": [1426063361, "8/10 SIU LEK YUEN RD SHA TIN", 1, 0], "links": [[1245708434]], "coordinate": [1.99329080478528, 0.39068500222448915, 35.5], "halfSize": [0.0, 42.92148000001907]}]}