{"features": [{"attributes": [629145600, "TOWER 1 GOODRICH GARDEN 9 LEUNG TAK ST TUEN MUN", 1, 0], "links": [[511706799]], "coordinate": [1.989110763330379, 0.3911128329787772, 132.10000610351562], "halfSize": [0.0, 12.106999999843538]}]}