{"features": [{"attributes": [696254464, "110 HING LUNG MAIN ST CHEUNG CHAU", 1, 0], "links": [[614467543]], "coordinate": [1.9901877124794103, 0.38760640485302084, 15.5], "halfSize": [0.0, 4.222000000067055]}]}