{"features": [{"attributes": [713031680, "HARBOUR VIEW VILLA (13) MUI WO FERRY PIER RD LANTAU ISLAND", 1, 0], "links": [[555746113]], "coordinate": [1.9896894003066952, 0.3885789057192497, 25.100000381469727], "halfSize": [0.0, 8.830500000156462]}, {"attributes": [713031681, "SEA VIEW BUILDING 1 NGAN WAN RD LANTAU ISLAND", 1, 0], "links": [[555746098]], "coordinate": [1.989696250047464, 0.3885834008810678, 25.5], "halfSize": [0.0, 12.405500000342727]}]}