{"features": [{"attributes": [905969664, "HO SHUN LEE BLDG BLK 1 9 FUNG YAU ST S YUEN LONG", 1, 0], "links": [[717226638]], "coordinate": [1.990277299894947, 0.3916867002271784, 67.0], "halfSize": [0.0, 9.669230000115931]}, {"attributes": [905969665, "HO SHUN LEE BLDG BLK 2 9 FUNG YAU ST S YUEN LONG", 1, 0], "links": [[717226640]], "coordinate": [1.990284014836337, 0.39168660870447175, 66.69999694824219], "halfSize": [0.0, 9.63145500048995]}, {"attributes": [905969666, "HO SHUN LEE BUILDING 9 FUNG YAU ST S YUEN LONG", 1, 0], "links": [[717227867]], "coordinate": [1.9902808557632687, 0.391686574417807, 14.800000190734863], "halfSize": [0.0, 20.241349999792874]}]}