{"features": [{"attributes": [914358272, "ROLLING HILLS (PHASE II &amp; III) HSE 19 18 HUNG FA HOM RD YUEN LONG", 1, 1], "links": [[790626567, 790626682, 790626684, 790626463, 790626407, 790626654, 790626571, 790626709, 790626686, 790626518, 790626617, 790626469, 790626656, 790626522, 790626416, 790626581, 790626659, 790626610, 790626474, 790626660, 790626528, 790626584, 790626689, 790626511, 790626478, 790626628, 790626706, 790626664, 790626534, 790626693, 790626433, 790626591, 790626718, 790626483, 790626537, 790626668, 790626595, 790626634, 790626697, 790626488, 790626598, 790626442, 790626548, 790626675, 790626605, 790626641, 790626551, 790626607, 790626506, 790626648, 790626679, 790626609, 790626455, 790626651, 790626680, 790626403, 790626652]], "coordinate": [1.9907794098935028, 0.3924607387612691, 37.79999923706055], "halfSize": [0.0, 80.33114999998361]}]}