{"features": [{"attributes": [1031798784, "HSE 123 SEASONS PALACE KAM SHEUNG RD YUEN LONG", 1, 0], "links": [[849347814]], "coordinate": [1.9910796436410174, 0.3914141527618438, 26.799999237060547], "halfSize": [0.0, 4.805750000290573]}]}