{"features": [{"attributes": [1040187392, "SEASONS VILLA HSE 15 233 KAM TIN RD SHEK KONG", 1, 0], "links": [[851444592, 851444322, 851444456, 851444274, 851444459, 851444460, 851444327, 851444542, 851444462, 851444402, 851444276, 851444277, 851444329, 851444463, 851444403, 851444464, 851444466, 851444221, 851444333, 851444467, 851444468, 851444334, 851444280, 851444336, 851444337, 851444281, 851444550, 851444551, 851444339, 851444406, 851444340, 851444341, 851444342, 851444225, 851444470, 851444471, 851444647, 851444602, 851444343, 851444411, 851444284, 851444474, 851445666, 851444344, 851444476, 851444346, 851444477, 851444347, 851444228, 851444287, 851444480, 851444350, 851444560, 851444233, 851444606, 851444352, 851445659, 851444484, 851444418, 851444290, 851444353, 851444235, 851444421, 851444360, 851444361, 851444294, 851444362, 851444240, 851444567, 851444268, 851444423, 851444365, 851444424, 851444488, 851444489, 851444297, 851444571, 851444369, 851444370, 851444492, 851444244, 851444425, 851444375, 851444247, 851444428, 851444378, 851444578, 851444250, 851444382, 851444305, 851444383, 851444433, 851444255, 851444434, 851444582, 851444307, 851444435, 851444508, 851444385, 851444438, 851444439, 851444440, 851444309, 851444257, 851444511, 851444387, 851444513, 851444444, 851444389, 851444314, 851444522, 851444390, 851444447, 851444264, 851444392, 851444448, 851444316, 851444266, 851444453, 851444319, 851445663, 851444397]], "coordinate": [1.9910953076714324, 0.3916941410560059, 17.899999618530273], "halfSize": [0.0, 63.11352500040084]}, {"attributes": [1040187393, "SEASONS VILLA HSE 28 233 KAM TIN RD SHEK KONG", 1, 0], "links": [[851444592, 851444322, 851444456, 851444274, 851444459, 851444460, 851444327, 851444542, 851444462, 851444402, 851444276, 851444277, 851444329, 851444463, 851444403, 851444464, 851444466, 851444221, 851444333, 851444467, 851444468, 851444334, 851444280, 851444336, 851444337, 851444281, 851444550, 851444551, 851444339, 851444406, 851444340, 851444341, 851444342, 851444225, 851444470, 851444471, 851444647, 851444602, 851444343, 851444411, 851444284, 851444474, 851445666, 851444344, 851444476, 851444346, 851444477, 851444347, 851444228, 851444287, 851444480, 851444350, 851444560, 851444233, 851444606, 851444352, 851445659, 851444484, 851444418, 851444290, 851444353, 851444235, 851444421, 851444360, 851444361, 851444294, 851444362, 851444240, 851444567, 851444268, 851444423, 851444365, 851444424, 851444488, 851444489, 851444297, 851444571, 851444369, 851444370, 851444492, 851444244, 851444425, 851444375, 851444247, 851444428, 851444378, 851444578, 851444250, 851444382, 851444305, 851444383, 851444433, 851444255, 851444434, 851444582, 851444307, 851444435, 851444508, 851444385, 851444438, 851444439, 851444440, 851444309, 851444257, 851444511, 851444387, 851444513, 851444444, 851444389, 851444314, 851444522, 851444390, 851444447, 851444264, 851444392, 851444448, 851444316, 851444266, 851444453, 851444319, 851445663, 851444397]], "coordinate": [1.9910953076714324, 0.3916941410560059, 17.899999618530273], "halfSize": [0.0, 63.11352500040084]}, {"attributes": [1040187394, "SEASONS VILLA HSE 19 233 KAM TIN RD SHEK KONG", 1, 0], "links": [[851444592, 851444322, 851444456, 851444274, 851444459, 851444460, 851444327, 851444542, 851444462, 851444402, 851444276, 851444277, 851444329, 851444463, 851444403, 851444464, 851444466, 851444221, 851444333, 851444467, 851444468, 851444334, 851444280, 851444336, 851444337, 851444281, 851444550, 851444551, 851444339, 851444406, 851444340, 851444341, 851444342, 851444225, 851444470, 851444471, 851444647, 851444602, 851444343, 851444411, 851444284, 851444474, 851445666, 851444344, 851444476, 851444346, 851444477, 851444347, 851444228, 851444287, 851444480, 851444350, 851444560, 851444233, 851444606, 851444352, 851445659, 851444484, 851444418, 851444290, 851444353, 851444235, 851444421, 851444360, 851444361, 851444294, 851444362, 851444240, 851444567, 851444268, 851444423, 851444365, 851444424, 851444488, 851444489, 851444297, 851444571, 851444369, 851444370, 851444492, 851444244, 851444425, 851444375, 851444247, 851444428, 851444378, 851444578, 851444250, 851444382, 851444305, 851444383, 851444433, 851444255, 851444434, 851444582, 851444307, 851444435, 851444508, 851444385, 851444438, 851444439, 851444440, 851444309, 851444257, 851444511, 851444387, 851444513, 851444444, 851444389, 851444314, 851444522, 851444390, 851444447, 851444264, 851444392, 851444448, 851444316, 851444266, 851444453, 851444319, 851445663, 851444397]], "coordinate": [1.9910953076714324, 0.3916941410560059, 17.899999618530273], "halfSize": [0.0, 63.11352500040084]}]}