{"features": [{"attributes": [1132462080, "METRO HARBOUR VIEW BLK 2 8 FUK LEE ST", 1, 0], "links": [[1033895952]], "coordinate": [1.9924619704938649, 0.3896400077764052, 155.0], "halfSize": [0.0, 14.908289999701083]}]}