{"features": [{"attributes": [1317011456, "CASA MARINA II HSE 92 1 LO PING RD TAI PO", 1, 0], "links": [[1191182670]], "coordinate": [1.9930408235442785, 0.39210679764266787, 78.5], "halfSize": [0.0, 4.079389999620616]}, {"attributes": [1317011457, "HSE 27 TYCOON PLACE 38 LO FAI RD TAI PO TAI PO", 1, 0], "links": [[1191183045]], "coordinate": [1.9931388563538517, 0.3920543228895843, 88.9000015258789], "halfSize": [0.0, 6.583255000412464]}, {"attributes": [1317011458, "MONT VERT TOWER 1 PHASE 2 9 FUNG YUEN RD TAI PO", 1, 0], "links": [[1124073809, 1124073810]], "coordinate": [1.9928133785710542, 0.39207107207485203, 77.5], "halfSize": [0.0, 28.657549999654293]}, {"attributes": [1317011459, "RICHWOOD PARK TPTL 116 HSE A 33 LO FAI RD TAI PO TAI PO", 1, 0], "links": [[1191182941]], "coordinate": [1.9931001397292063, 0.392061877315988, 95.5], "halfSize": [0.0, 6.5150000005960464]}]}