{"features": [{"attributes": [1367343104, "12/14 CAPE RD", 1, 0], "links": [[1218445546, 1218445689]], "coordinate": [1.9932533527016438, 0.38775929737342135, 80.69999694824219], "halfSize": [0.0, 11.544085000641644]}, {"attributes": [1367343105, "15/19 STANLEY MAIN ST", 1, 0], "links": [[1218445500, 1218445585, 1218445417]], "coordinate": [1.993388634214863, 0.38777351856599657, 21.799999237060547], "halfSize": [0.0, 10.585180000402033]}, {"attributes": [1367343106, "14/16A STANLEY MAIN ST", 1, 0], "links": [[1218445383]], "coordinate": [1.993392668787344, 0.3877661848969357, 24.0], "halfSize": [0.0, 5.286809999495745]}, {"attributes": [1367343107, "PINEWAVER VILLAS BLK E 35 CHING SAU LANE", 1, 0], "links": [[1218445564]], "coordinate": [1.993273164767992, 0.38776853181482074, 73.4000015258789], "halfSize": [0.0, 19.261020000092685]}]}