{"features": [{"attributes": [1451229184, "THE BEVERLY HILLS PHASE 1 HSE 19 BOULEVARD DU PALAIS TAI PO", 1, 0], "links": [[1258292440]], "coordinate": [1.9932740120622447, 0.39201718634091276, 40.599998474121094], "halfSize": [0.0, 5.11606500018388]}]}