{"features": [{"attributes": [452984832, "SEAVIEW CRESCENT CLUBHOUSE 8 TUNG CHUNG WATERFRONT RD LANTAU ISLAND", 1, 0], "links": [[358613028]], "coordinate": [1.9886733467204145, 0.3890798558405218, 27.5], "halfSize": [0.0, 40.44302999973297]}]}