{"features": [{"attributes": [645922816, "DEEP BAY GROVE BLK 3 233 DEEP BAY RD LAU FAU SHAN", 2, 1], "links": [[520093976]], "coordinate": [1.9893757264325342, 0.39210519305375957, 18.5], "halfSize": [0.0, 8.440679999999702]}, {"attributes": [645922817, "DEEP BAY GROVE BLK 12 233 DEEP BAY RD LAU FAU SHAN", 1, 0], "links": [[520093950]], "coordinate": [1.9893750057428479, 0.39211338845694815, 18.600000381469727], "halfSize": [0.0, 10.046585000120103]}]}