{"features": [{"attributes": [696254464, "BLK 11 GREENERY CREST 33 CHEUNG SHEK RD CHEUNG CHAU", 1, 0], "links": [[614467432]], "coordinate": [1.9900877621133128, 0.3875427302020396, 20.799999237060547], "halfSize": [0.0, 11.369295000098646]}, {"attributes": [696254465, "SCENIC GARDEN HSE 17 9 CHEUNG KWAI RD CHEUNG CHAU", 1, 0], "links": [[616562709, 616562695, 616562689, 616562730, 616562743, 616562718, 614467391, 614467179, 616562717, 616562701, 614467119, 616562732, 614466084, 616562748, 616562725, 616562707, 616562699, 614467624, 616562733, 616562726, 614466394, 616562745, 614466548, 616562703, 616562700, 616562720, 614466255, 614466501, 616562739, 616562740, 616562746, 616562737, 614467638, 616562728, 616562741, 616562711, 616562702, 616562704, 616562734, 616562749, 616562690, 614465780, 616562714, 614465942, 616562688, 614466163, 614467304, 616562723, 616562747, 616562744, 616562713, 616562715, 616562716, 616562750, 614467595, 614467381, 614466713, 614465954, 616562705, 616562735, 616562708, 616562738, 616562693, 616562712, 614465800, 616562729]], "coordinate": [1.990158254502407, 0.38777239213136516, 25.700000762939453], "halfSize": [0.0, 93.41489499993622]}, {"attributes": [696254466, null, 1, 0], "links": [[547356677]], "coordinate": [1.9895121944607896, 0.3877333904855375, 28.5], "halfSize": [0.0, 10.272134999744594]}]}